2025-12-19 19:12:04.805 [JavaFX Application Thread] INFO  SnakesGame - Starting Snakes Application
2025-12-19 19:12:12.831 [JavaFX Application Thread] INFO  SnakesGame - Exiting application
2025-12-19 19:15:47.584 [JavaFX Application Thread] INFO  SnakesGame - Starting Snakes Application
2025-12-19 19:18:43.186 [JavaFX Application Thread] INFO  SnakesGame - Opening Create Game dialog
2025-12-19 19:18:45.624 [JavaFX Application Thread] INFO  SnakesGame - Creating new game: 1
2025-12-19 19:18:45.642 [JavaFX Application Thread] INFO  SnakesGame - UDP Transport started on port 9190
2025-12-19 19:18:45.651 [JavaFX Application Thread] INFO  SnakesGame - Multicast discovery started on 239.192.0.4:9192
2025-12-19 19:18:45.655 [JavaFX Application Thread] INFO  SnakesGame - NetworkManager started successfully
2025-12-19 19:18:45.657 [JavaFX Application Thread] INFO  SnakesGame - Creating new GameEngine for new game
2025-12-19 19:18:45.665 [JavaFX Application Thread] INFO  SnakesGame - Player 1 joined the game with snake at Coord[x=34, y=12]
2025-12-19 19:18:45.666 [JavaFX Application Thread] INFO  SnakesGame - Master created with snake at Coord[x=34, y=12]
2025-12-19 19:18:45.667 [JavaFX Application Thread] INFO  SnakesGame - Using existing GameEngine from onStart()
2025-12-19 19:18:45.667 [JavaFX Application Thread] INFO  SnakesGame - Starting timeout checker: timeoutMs=3000, checkInterval=1500ms
2025-12-19 19:18:45.667 [JavaFX Application Thread] INFO  SnakesGame - MASTER node started for player 1
2025-12-19 19:18:45.667 [JavaFX Application Thread] INFO  SnakesGame - MASTER node started for player 1
2025-12-19 19:18:45.667 [JavaFX Application Thread] INFO  SnakesGame - Game created successfully as MASTER
2025-12-19 19:18:45.668 [JavaFX Application Thread] INFO  SnakesGame - Game created: 1
2025-12-19 19:18:45.696 [JavaFX Application Thread] INFO  SnakesGame - GameController initialized
2025-12-19 19:18:45.697 [JavaFX Application Thread] INFO  SnakesGame - GameService connected to GameController
2025-12-19 19:19:53.791 [JavaFX Application Thread] INFO  SnakesGame - Leaving game
2025-12-19 19:19:53.792 [JavaFX Application Thread] INFO  SnakesGame - MASTER node stopped
2025-12-19 19:19:53.794 [JavaFX Application Thread] INFO  SnakesGame - UDP Transport stopped
2025-12-19 19:19:53.795 [JavaFX Application Thread] INFO  SnakesGame - Multicast discovery stopped
2025-12-19 19:19:53.795 [JavaFX Application Thread] INFO  SnakesGame - NetworkManager stopped
2025-12-19 19:19:53.795 [JavaFX Application Thread] INFO  SnakesGame - Left game successfully
2025-12-19 19:19:53.795 [JavaFX Application Thread] INFO  SnakesGame - Exiting to main menu
2025-12-19 19:19:54.920 [JavaFX Application Thread] INFO  SnakesGame - Opening Lobby
2025-12-19 19:19:54.939 [JavaFX Application Thread] INFO  SnakesGame - Multicast discovery started on 239.192.0.4:9192
2025-12-19 19:19:54.939 [JavaFX Application Thread] INFO  SnakesGame - Discovery service started
2025-12-19 19:19:54.939 [JavaFX Application Thread] INFO  SnakesGame - Discovery started in lobby
2025-12-19 19:19:55.362 [] INFO  SnakesGame - Discovered new game: 1 at /192.168.0.172:9190
2025-12-19 19:19:55.363 [JavaFX Application Thread] INFO  SnakesGame - Game added to lobby: 1 at /192.168.0.172:9190
2025-12-19 19:19:56.939 [JavaFX Application Thread] INFO  SnakesGame - Multicast discovery stopped
2025-12-19 19:19:56.939 [JavaFX Application Thread] INFO  SnakesGame - Discovery service stopped
2025-12-19 19:19:59.111 [JavaFX Application Thread] INFO  SnakesGame - Opening Lobby
2025-12-19 19:19:59.121 [JavaFX Application Thread] INFO  SnakesGame - Multicast discovery started on 239.192.0.4:9192
2025-12-19 19:19:59.121 [JavaFX Application Thread] INFO  SnakesGame - Discovery service started
2025-12-19 19:19:59.121 [JavaFX Application Thread] INFO  SnakesGame - Discovery started in lobby
2025-12-19 19:19:59.363 [] INFO  SnakesGame - Discovered new game: 1 at /192.168.0.172:9190
2025-12-19 19:19:59.363 [JavaFX Application Thread] INFO  SnakesGame - Game added to lobby: 1 at /192.168.0.172:9190
2025-12-19 19:20:02.941 [JavaFX Application Thread] INFO  SnakesGame - Connecting to master at /192.168.0.172:9190
2025-12-19 19:20:02.942 [JavaFX Application Thread] INFO  SnakesGame - Joining game: 1
2025-12-19 19:20:02.943 [JavaFX Application Thread] INFO  SnakesGame - UDP Transport started on port 60988
2025-12-19 19:20:02.944 [JavaFX Application Thread] INFO  SnakesGame - Multicast discovery started on 239.192.0.4:9192
2025-12-19 19:20:02.945 [JavaFX Application Thread] INFO  SnakesGame - NetworkManager started successfully
2025-12-19 19:20:02.948 [JavaFX Application Thread] INFO  SnakesGame - NormalNode started, master at /192.168.0.172:9190
2025-12-19 19:20:02.949 [JavaFX Application Thread] INFO  SnakesGame - NORMAL node started for player 3
2025-12-19 19:20:02.951 [JavaFX Application Thread] INFO  SnakesGame - Join request sent to master at /192.168.0.172:9190
2025-12-19 19:20:02.951 [JavaFX Application Thread] INFO  SnakesGame - Client started, waiting for role assignment
2025-12-19 19:20:02.951 [JavaFX Application Thread] INFO  SnakesGame - Joined game: 1
2025-12-19 19:20:02.952 [JavaFX Application Thread] INFO  SnakesGame - Multicast discovery stopped
2025-12-19 19:20:02.952 [JavaFX Application Thread] INFO  SnakesGame - Discovery service stopped
2025-12-19 19:20:02.958 [JavaFX Application Thread] INFO  SnakesGame - GameController initialized
2025-12-19 19:20:02.959 [JavaFX Application Thread] INFO  SnakesGame - GameService connected to GameController
2025-12-19 19:20:03.062 [] INFO  SnakesGame - Assigned playerId 4 (was 0)
2025-12-19 19:20:03.062 [] INFO  SnakesGame - Role changed from NORMAL to NORMAL
2025-12-19 19:22:02.842 [JavaFX Application Thread] INFO  SnakesGame - Leaving game
2025-12-19 19:22:02.844 [JavaFX Application Thread] INFO  SnakesGame - NORMAL node stopped
2025-12-19 19:22:02.844 [JavaFX Application Thread] INFO  SnakesGame - UDP Transport stopped
2025-12-19 19:22:02.845 [JavaFX Application Thread] INFO  SnakesGame - Multicast discovery stopped
2025-12-19 19:22:02.845 [JavaFX Application Thread] INFO  SnakesGame - NetworkManager stopped
2025-12-19 19:22:02.846 [JavaFX Application Thread] INFO  SnakesGame - Left game successfully
2025-12-19 19:22:02.846 [JavaFX Application Thread] INFO  SnakesGame - Exiting to main menu
2025-12-19 19:22:10.772 [JavaFX Application Thread] INFO  SnakesGame - Opening Lobby
2025-12-19 19:22:10.783 [JavaFX Application Thread] INFO  SnakesGame - Multicast discovery started on 239.192.0.4:9192
2025-12-19 19:22:10.783 [JavaFX Application Thread] INFO  SnakesGame - Discovery service started
2025-12-19 19:22:10.783 [JavaFX Application Thread] INFO  SnakesGame - Discovery started in lobby
2025-12-19 19:22:11.372 [JavaFX Application Thread] INFO  SnakesGame - Game added to lobby: 1 at /192.168.0.172:9190
2025-12-19 19:22:11.372 [] INFO  SnakesGame - Discovered new game: 1 at /192.168.0.172:9190
2025-12-19 19:22:17.201 [JavaFX Application Thread] INFO  SnakesGame - Connecting to master at /192.168.0.172:9190
2025-12-19 19:22:17.202 [JavaFX Application Thread] INFO  SnakesGame - Joining game: 1
2025-12-19 19:22:17.203 [JavaFX Application Thread] INFO  SnakesGame - UDP Transport started on port 63941
2025-12-19 19:22:17.205 [JavaFX Application Thread] INFO  SnakesGame - Multicast discovery started on 239.192.0.4:9192
2025-12-19 19:22:17.205 [JavaFX Application Thread] INFO  SnakesGame - NetworkManager started successfully
2025-12-19 19:22:17.205 [JavaFX Application Thread] INFO  SnakesGame - NormalNode started, master at /192.168.0.172:9190
2025-12-19 19:22:17.206 [JavaFX Application Thread] INFO  SnakesGame - NORMAL node started for player 444
2025-12-19 19:22:17.206 [JavaFX Application Thread] INFO  SnakesGame - Join request sent to master at /192.168.0.172:9190
2025-12-19 19:22:17.206 [JavaFX Application Thread] INFO  SnakesGame - Client started, waiting for role assignment
2025-12-19 19:22:17.206 [JavaFX Application Thread] INFO  SnakesGame - Joined game: 1
2025-12-19 19:22:17.208 [JavaFX Application Thread] INFO  SnakesGame - Multicast discovery stopped
2025-12-19 19:22:17.208 [JavaFX Application Thread] INFO  SnakesGame - Discovery service stopped
2025-12-19 19:22:17.214 [JavaFX Application Thread] INFO  SnakesGame - GameController initialized
2025-12-19 19:22:17.214 [JavaFX Application Thread] INFO  SnakesGame - GameService connected to GameController
2025-12-19 19:22:17.297 [] INFO  SnakesGame - Assigned playerId 6 (was 0)
2025-12-19 19:22:17.298 [] INFO  SnakesGame - Role changed from NORMAL to NORMAL
2025-12-19 19:24:54.187 [JavaFX Application Thread] INFO  SnakesGame - Leaving game
2025-12-19 19:24:54.188 [JavaFX Application Thread] INFO  SnakesGame - NORMAL node stopped
2025-12-19 19:24:54.188 [JavaFX Application Thread] INFO  SnakesGame - UDP Transport stopped
2025-12-19 19:24:54.189 [JavaFX Application Thread] INFO  SnakesGame - Multicast discovery stopped
2025-12-19 19:24:54.189 [JavaFX Application Thread] INFO  SnakesGame - NetworkManager stopped
2025-12-19 19:24:54.189 [JavaFX Application Thread] INFO  SnakesGame - Left game successfully
2025-12-19 19:24:54.190 [JavaFX Application Thread] INFO  SnakesGame - Exiting to main menu
2025-12-19 19:24:56.115 [JavaFX Application Thread] INFO  SnakesGame - Opening Create Game dialog
2025-12-19 19:25:11.102 [JavaFX Application Thread] INFO  SnakesGame - Creating new game: 1
2025-12-19 19:25:11.105 [JavaFX Application Thread] INFO  SnakesGame - UDP Transport started on port 9190
2025-12-19 19:25:11.108 [JavaFX Application Thread] INFO  SnakesGame - Multicast discovery started on 239.192.0.4:9192
2025-12-19 19:25:11.108 [JavaFX Application Thread] INFO  SnakesGame - NetworkManager started successfully
2025-12-19 19:25:11.108 [JavaFX Application Thread] INFO  SnakesGame - Creating new GameEngine for new game
2025-12-19 19:25:11.110 [JavaFX Application Thread] INFO  SnakesGame - Player 1 joined the game with snake at Coord[x=7, y=2]
2025-12-19 19:25:11.110 [JavaFX Application Thread] INFO  SnakesGame - Master created with snake at Coord[x=7, y=2]
2025-12-19 19:25:11.110 [JavaFX Application Thread] INFO  SnakesGame - Using existing GameEngine from onStart()
2025-12-19 19:25:11.111 [JavaFX Application Thread] INFO  SnakesGame - Starting timeout checker: timeoutMs=3000, checkInterval=1500ms
2025-12-19 19:25:11.111 [JavaFX Application Thread] INFO  SnakesGame - MASTER node started for player 1
2025-12-19 19:25:11.111 [JavaFX Application Thread] INFO  SnakesGame - MASTER node started for player 1
2025-12-19 19:25:11.111 [JavaFX Application Thread] INFO  SnakesGame - Game created successfully as MASTER
2025-12-19 19:25:11.111 [JavaFX Application Thread] INFO  SnakesGame - Game created: 1
2025-12-19 19:25:11.117 [JavaFX Application Thread] INFO  SnakesGame - GameController initialized
2025-12-19 19:25:11.117 [JavaFX Application Thread] INFO  SnakesGame - GameService connected to GameController
2025-12-19 19:27:36.342 [JavaFX Application Thread] INFO  SnakesGame - Leaving game
2025-12-19 19:27:36.343 [JavaFX Application Thread] INFO  SnakesGame - MASTER node stopped
2025-12-19 19:27:36.343 [JavaFX Application Thread] INFO  SnakesGame - UDP Transport stopped
2025-12-19 19:27:36.345 [JavaFX Application Thread] INFO  SnakesGame - Multicast discovery stopped
2025-12-19 19:27:36.345 [JavaFX Application Thread] INFO  SnakesGame - NetworkManager stopped
2025-12-19 19:27:36.345 [JavaFX Application Thread] INFO  SnakesGame - Left game successfully
2025-12-19 19:27:36.345 [JavaFX Application Thread] INFO  SnakesGame - Exiting to main menu
2025-12-19 19:27:38.033 [JavaFX Application Thread] INFO  SnakesGame - Opening Create Game dialog
2025-12-19 19:27:51.150 [JavaFX Application Thread] INFO  SnakesGame - Creating new game: 1
2025-12-19 19:27:51.152 [JavaFX Application Thread] INFO  SnakesGame - UDP Transport started on port 9190
2025-12-19 19:27:51.153 [JavaFX Application Thread] INFO  SnakesGame - Multicast discovery started on 239.192.0.4:9192
2025-12-19 19:27:51.153 [JavaFX Application Thread] INFO  SnakesGame - NetworkManager started successfully
2025-12-19 19:27:51.153 [JavaFX Application Thread] INFO  SnakesGame - Creating new GameEngine for new game
2025-12-19 19:27:51.154 [JavaFX Application Thread] INFO  SnakesGame - Player 1 joined the game with snake at Coord[x=4, y=0]
2025-12-19 19:27:51.154 [JavaFX Application Thread] INFO  SnakesGame - Master created with snake at Coord[x=4, y=0]
2025-12-19 19:27:51.154 [JavaFX Application Thread] INFO  SnakesGame - Using existing GameEngine from onStart()
2025-12-19 19:27:51.155 [JavaFX Application Thread] INFO  SnakesGame - Starting timeout checker: timeoutMs=3000, checkInterval=1500ms
2025-12-19 19:27:51.155 [JavaFX Application Thread] INFO  SnakesGame - MASTER node started for player 1
2025-12-19 19:27:51.155 [JavaFX Application Thread] INFO  SnakesGame - MASTER node started for player 1
2025-12-19 19:27:51.155 [JavaFX Application Thread] INFO  SnakesGame - Game created successfully as MASTER
2025-12-19 19:27:51.155 [JavaFX Application Thread] INFO  SnakesGame - Game created: 1
2025-12-19 19:27:51.160 [JavaFX Application Thread] INFO  SnakesGame - GameController initialized
2025-12-19 19:27:51.160 [JavaFX Application Thread] INFO  SnakesGame - GameService connected to GameController
2025-12-19 19:28:42.311 [JavaFX Application Thread] INFO  SnakesGame - Leaving game
2025-12-19 19:28:42.311 [JavaFX Application Thread] INFO  SnakesGame - MASTER node stopped
2025-12-19 19:28:42.312 [JavaFX Application Thread] INFO  SnakesGame - UDP Transport stopped
2025-12-19 19:28:42.312 [JavaFX Application Thread] INFO  SnakesGame - Multicast discovery stopped
2025-12-19 19:28:42.312 [JavaFX Application Thread] INFO  SnakesGame - NetworkManager stopped
2025-12-19 19:28:42.312 [JavaFX Application Thread] INFO  SnakesGame - Left game successfully
2025-12-19 19:28:42.312 [JavaFX Application Thread] INFO  SnakesGame - Exiting to main menu
2025-12-19 19:28:43.849 [JavaFX Application Thread] INFO  SnakesGame - Opening Lobby
2025-12-19 19:28:43.858 [JavaFX Application Thread] INFO  SnakesGame - Multicast discovery started on 239.192.0.4:9192
2025-12-19 19:28:43.858 [JavaFX Application Thread] INFO  SnakesGame - Discovery service started
2025-12-19 19:28:43.858 [JavaFX Application Thread] INFO  SnakesGame - Discovery started in lobby
2025-12-19 19:28:44.376 [JavaFX Application Thread] INFO  SnakesGame - Game added to lobby: 1 at /192.168.0.172:9190
2025-12-19 19:28:44.375 [] INFO  SnakesGame - Discovered new game: 1 at /192.168.0.172:9190
2025-12-19 19:28:49.447 [JavaFX Application Thread] INFO  SnakesGame - Multicast discovery stopped
2025-12-19 19:28:49.447 [JavaFX Application Thread] INFO  SnakesGame - Discovery service stopped
2025-12-19 19:28:50.623 [JavaFX Application Thread] INFO  SnakesGame - Exiting application
2025-12-19 19:28:59.592 [JavaFX Application Thread] INFO  SnakesGame - Starting Snakes Application
2025-12-19 19:29:00.994 [JavaFX Application Thread] INFO  SnakesGame - Opening Lobby
2025-12-19 19:29:01.032 [JavaFX Application Thread] INFO  SnakesGame - Multicast discovery started on 239.192.0.4:9192
2025-12-19 19:29:01.033 [JavaFX Application Thread] INFO  SnakesGame - Discovery service started
2025-12-19 19:29:01.033 [JavaFX Application Thread] INFO  SnakesGame - Discovery started in lobby
2025-12-19 19:29:01.412 [] INFO  SnakesGame - Discovered new game: 1 at /192.168.0.172:9190
2025-12-19 19:29:01.413 [JavaFX Application Thread] INFO  SnakesGame - Game added to lobby: 1 at /192.168.0.172:9190
2025-12-19 19:29:06.850 [JavaFX Application Thread] INFO  SnakesGame - Connecting to master at /192.168.0.172:9190
2025-12-19 19:29:06.853 [JavaFX Application Thread] INFO  SnakesGame - Joining game: 1
2025-12-19 19:29:06.859 [JavaFX Application Thread] INFO  SnakesGame - UDP Transport started on port 59679
2025-12-19 19:29:06.861 [JavaFX Application Thread] INFO  SnakesGame - Multicast discovery started on 239.192.0.4:9192
2025-12-19 19:29:06.862 [JavaFX Application Thread] INFO  SnakesGame - NetworkManager started successfully
2025-12-19 19:29:06.867 [JavaFX Application Thread] INFO  SnakesGame - NormalNode started, master at /192.168.0.172:9190
2025-12-19 19:29:06.867 [JavaFX Application Thread] INFO  SnakesGame - NORMAL node started for player 2
2025-12-19 19:29:06.873 [JavaFX Application Thread] INFO  SnakesGame - Join request sent to master at /192.168.0.172:9190
2025-12-19 19:29:06.873 [JavaFX Application Thread] INFO  SnakesGame - Client started, waiting for role assignment
2025-12-19 19:29:06.873 [JavaFX Application Thread] INFO  SnakesGame - Joined game: 1
2025-12-19 19:29:06.874 [JavaFX Application Thread] INFO  SnakesGame - Multicast discovery stopped
2025-12-19 19:29:06.874 [JavaFX Application Thread] INFO  SnakesGame - Discovery service stopped
2025-12-19 19:29:06.888 [JavaFX Application Thread] INFO  SnakesGame - GameController initialized
2025-12-19 19:29:06.888 [JavaFX Application Thread] INFO  SnakesGame - GameService connected to GameController
2025-12-19 19:29:06.994 [] INFO  SnakesGame - Assigned playerId 7 (was 0)
2025-12-19 19:29:06.994 [] INFO  SnakesGame - Role changed from NORMAL to NORMAL
2025-12-19 19:29:14.312 [JavaFX Application Thread] INFO  SnakesGame - Leaving game
2025-12-19 19:29:14.313 [JavaFX Application Thread] INFO  SnakesGame - NORMAL node stopped
2025-12-19 19:29:14.315 [JavaFX Application Thread] INFO  SnakesGame - UDP Transport stopped
2025-12-19 19:29:14.316 [JavaFX Application Thread] INFO  SnakesGame - Multicast discovery stopped
2025-12-19 19:29:14.317 [JavaFX Application Thread] INFO  SnakesGame - NetworkManager stopped
2025-12-19 19:29:14.317 [JavaFX Application Thread] INFO  SnakesGame - Left game successfully
2025-12-19 19:29:14.317 [JavaFX Application Thread] INFO  SnakesGame - Exiting to main menu
2025-12-19 19:29:16.490 [JavaFX Application Thread] INFO  SnakesGame - Opening Lobby
2025-12-19 19:29:16.501 [JavaFX Application Thread] INFO  SnakesGame - Multicast discovery started on 239.192.0.4:9192
2025-12-19 19:29:16.501 [JavaFX Application Thread] INFO  SnakesGame - Discovery service started
2025-12-19 19:29:16.501 [JavaFX Application Thread] INFO  SnakesGame - Discovery started in lobby
2025-12-19 19:29:17.378 [JavaFX Application Thread] INFO  SnakesGame - Game added to lobby: 1 at /192.168.0.172:9190
2025-12-19 19:29:17.377 [] INFO  SnakesGame - Discovered new game: 1 at /192.168.0.172:9190
2025-12-19 19:29:25.152 [JavaFX Application Thread] INFO  SnakesGame - Connecting to master at /192.168.0.172:9190
2025-12-19 19:29:25.153 [JavaFX Application Thread] INFO  SnakesGame - Joining game: 1
2025-12-19 19:29:25.154 [JavaFX Application Thread] INFO  SnakesGame - UDP Transport started on port 53436
2025-12-19 19:29:25.155 [JavaFX Application Thread] INFO  SnakesGame - Multicast discovery started on 239.192.0.4:9192
2025-12-19 19:29:25.155 [JavaFX Application Thread] INFO  SnakesGame - NetworkManager started successfully
2025-12-19 19:29:25.156 [JavaFX Application Thread] INFO  SnakesGame - NormalNode started, master at /192.168.0.172:9190
2025-12-19 19:29:25.156 [JavaFX Application Thread] INFO  SnakesGame - NORMAL node started for player ewewe
2025-12-19 19:29:25.156 [JavaFX Application Thread] INFO  SnakesGame - Join request sent to master at /192.168.0.172:9190
2025-12-19 19:29:25.156 [JavaFX Application Thread] INFO  SnakesGame - Client started, waiting for role assignment
2025-12-19 19:29:25.156 [JavaFX Application Thread] INFO  SnakesGame - Joined game: 1
2025-12-19 19:29:25.157 [JavaFX Application Thread] INFO  SnakesGame - Multicast discovery stopped
2025-12-19 19:29:25.157 [JavaFX Application Thread] INFO  SnakesGame - Discovery service stopped
2025-12-19 19:29:25.162 [JavaFX Application Thread] INFO  SnakesGame - GameController initialized
2025-12-19 19:29:25.162 [JavaFX Application Thread] INFO  SnakesGame - GameService connected to GameController
2025-12-19 19:29:25.223 [] INFO  SnakesGame - Assigned playerId 8 (was 0)
2025-12-19 19:29:25.223 [] INFO  SnakesGame - Role changed from NORMAL to NORMAL
2025-12-19 19:29:56.463 [JavaFX Application Thread] INFO  SnakesGame - Leaving game
2025-12-19 19:29:56.463 [JavaFX Application Thread] INFO  SnakesGame - NORMAL node stopped
2025-12-19 19:29:56.464 [JavaFX Application Thread] INFO  SnakesGame - UDP Transport stopped
2025-12-19 19:29:56.464 [JavaFX Application Thread] INFO  SnakesGame - Multicast discovery stopped
2025-12-19 19:29:56.464 [JavaFX Application Thread] INFO  SnakesGame - NetworkManager stopped
2025-12-19 19:29:56.464 [JavaFX Application Thread] INFO  SnakesGame - Left game successfully
2025-12-19 19:29:56.464 [JavaFX Application Thread] INFO  SnakesGame - Exiting to main menu
2025-12-19 19:30:13.976 [JavaFX Application Thread] INFO  SnakesGame - Opening Lobby
2025-12-19 19:30:13.990 [JavaFX Application Thread] INFO  SnakesGame - Multicast discovery started on 239.192.0.4:9192
2025-12-19 19:30:13.990 [JavaFX Application Thread] INFO  SnakesGame - Discovery service started
2025-12-19 19:30:13.990 [JavaFX Application Thread] INFO  SnakesGame - Discovery started in lobby
2025-12-19 19:30:14.379 [JavaFX Application Thread] INFO  SnakesGame - Game added to lobby: 1 at /192.168.0.172:9190
2025-12-19 19:30:14.378 [] INFO  SnakesGame - Discovered new game: 1 at /192.168.0.172:9190
2025-12-19 19:30:22.812 [JavaFX Application Thread] INFO  SnakesGame - Multicast discovery stopped
2025-12-19 19:30:22.813 [JavaFX Application Thread] INFO  SnakesGame - Discovery service stopped
2025-12-19 19:30:24.614 [JavaFX Application Thread] INFO  SnakesGame - Opening Lobby
2025-12-19 19:30:24.624 [JavaFX Application Thread] INFO  SnakesGame - Multicast discovery started on 239.192.0.4:9192
2025-12-19 19:30:24.625 [JavaFX Application Thread] INFO  SnakesGame - Discovery service started
2025-12-19 19:30:24.625 [JavaFX Application Thread] INFO  SnakesGame - Discovery started in lobby
2025-12-19 19:30:25.381 [JavaFX Application Thread] INFO  SnakesGame - Game added to lobby: 1 at /192.168.0.172:9190
2025-12-19 19:30:25.380 [] INFO  SnakesGame - Discovered new game: 1 at /192.168.0.172:9190
2025-12-19 19:30:31.820 [JavaFX Application Thread] INFO  SnakesGame - Connecting to master at /192.168.0.172:9190
2025-12-19 19:30:31.821 [JavaFX Application Thread] INFO  SnakesGame - Joining game: 1
2025-12-19 19:30:31.821 [JavaFX Application Thread] INFO  SnakesGame - UDP Transport started on port 63814
2025-12-19 19:30:31.822 [JavaFX Application Thread] INFO  SnakesGame - Multicast discovery started on 239.192.0.4:9192
2025-12-19 19:30:31.822 [JavaFX Application Thread] INFO  SnakesGame - NetworkManager started successfully
2025-12-19 19:30:31.822 [JavaFX Application Thread] INFO  SnakesGame - NormalNode started, master at /192.168.0.172:9190
2025-12-19 19:30:31.822 [JavaFX Application Thread] INFO  SnakesGame - NORMAL node started for player 1212312
2025-12-19 19:30:31.823 [JavaFX Application Thread] INFO  SnakesGame - Join request sent to master at /192.168.0.172:9190
2025-12-19 19:30:31.823 [JavaFX Application Thread] INFO  SnakesGame - Client started, waiting for role assignment
2025-12-19 19:30:31.823 [JavaFX Application Thread] INFO  SnakesGame - Joined game: 1
2025-12-19 19:30:31.823 [JavaFX Application Thread] INFO  SnakesGame - Multicast discovery stopped
2025-12-19 19:30:31.823 [JavaFX Application Thread] INFO  SnakesGame - Discovery service stopped
2025-12-19 19:30:31.827 [JavaFX Application Thread] INFO  SnakesGame - GameController initialized
2025-12-19 19:30:31.827 [JavaFX Application Thread] INFO  SnakesGame - GameService connected to GameController
2025-12-19 19:30:31.883 [] INFO  SnakesGame - Assigned playerId 9 (was 0)
2025-12-19 19:30:31.884 [] INFO  SnakesGame - Role changed from NORMAL to NORMAL
2025-12-19 19:33:31.461 [JavaFX Application Thread] INFO  SnakesGame - Leaving game
2025-12-19 19:33:31.462 [JavaFX Application Thread] INFO  SnakesGame - NORMAL node stopped
2025-12-19 19:33:31.462 [JavaFX Application Thread] INFO  SnakesGame - UDP Transport stopped
2025-12-19 19:33:31.463 [JavaFX Application Thread] INFO  SnakesGame - Multicast discovery stopped
2025-12-19 19:33:31.463 [JavaFX Application Thread] INFO  SnakesGame - NetworkManager stopped
2025-12-19 19:33:31.463 [JavaFX Application Thread] INFO  SnakesGame - Left game successfully
2025-12-19 19:33:31.463 [JavaFX Application Thread] INFO  SnakesGame - Exiting to main menu
2025-12-19 19:33:32.561 [JavaFX Application Thread] INFO  SnakesGame - Opening Lobby
2025-12-19 19:33:32.571 [JavaFX Application Thread] INFO  SnakesGame - Multicast discovery started on 239.192.0.4:9192
2025-12-19 19:33:32.571 [JavaFX Application Thread] INFO  SnakesGame - Discovery service started
2025-12-19 19:33:32.571 [JavaFX Application Thread] INFO  SnakesGame - Discovery started in lobby
2025-12-19 19:33:33.379 [] INFO  SnakesGame - Discovered new game: 1 at /192.168.0.172:9190
2025-12-19 19:33:33.380 [JavaFX Application Thread] INFO  SnakesGame - Game added to lobby: 1 at /192.168.0.172:9190
2025-12-19 19:33:41.163 [JavaFX Application Thread] INFO  SnakesGame - Connecting to master at /192.168.0.172:9190
2025-12-19 19:33:41.163 [JavaFX Application Thread] INFO  SnakesGame - Joining game: 1
2025-12-19 19:33:41.164 [JavaFX Application Thread] INFO  SnakesGame - UDP Transport started on port 64326
2025-12-19 19:33:41.166 [JavaFX Application Thread] INFO  SnakesGame - Multicast discovery started on 239.192.0.4:9192
2025-12-19 19:33:41.167 [JavaFX Application Thread] INFO  SnakesGame - NetworkManager started successfully
2025-12-19 19:33:41.167 [JavaFX Application Thread] INFO  SnakesGame - NormalNode started, master at /192.168.0.172:9190
2025-12-19 19:33:41.167 [JavaFX Application Thread] INFO  SnakesGame - NORMAL node started for player 1111
2025-12-19 19:33:41.168 [JavaFX Application Thread] INFO  SnakesGame - Join request sent to master at /192.168.0.172:9190
2025-12-19 19:33:41.168 [JavaFX Application Thread] INFO  SnakesGame - Client started, waiting for role assignment
2025-12-19 19:33:41.168 [JavaFX Application Thread] INFO  SnakesGame - Joined game: 1
2025-12-19 19:33:41.169 [JavaFX Application Thread] INFO  SnakesGame - Multicast discovery stopped
2025-12-19 19:33:41.169 [JavaFX Application Thread] INFO  SnakesGame - Discovery service stopped
2025-12-19 19:33:41.176 [JavaFX Application Thread] INFO  SnakesGame - GameController initialized
2025-12-19 19:33:41.176 [JavaFX Application Thread] INFO  SnakesGame - GameService connected to GameController
2025-12-19 19:33:41.219 [] INFO  SnakesGame - Assigned playerId 10 (was 0)
2025-12-19 19:33:41.220 [] INFO  SnakesGame - Role changed from NORMAL to NORMAL
2025-12-19 19:33:52.586 [JavaFX Application Thread] INFO  SnakesGame - Leaving game
2025-12-19 19:33:52.587 [JavaFX Application Thread] INFO  SnakesGame - NORMAL node stopped
2025-12-19 19:33:52.588 [JavaFX Application Thread] INFO  SnakesGame - UDP Transport stopped
2025-12-19 19:33:52.589 [JavaFX Application Thread] INFO  SnakesGame - Multicast discovery stopped
2025-12-19 19:33:52.589 [JavaFX Application Thread] INFO  SnakesGame - NetworkManager stopped
2025-12-19 19:33:52.589 [JavaFX Application Thread] INFO  SnakesGame - Left game successfully
2025-12-19 19:33:52.589 [JavaFX Application Thread] INFO  SnakesGame - Exiting to main menu
2025-12-19 19:33:53.861 [JavaFX Application Thread] INFO  SnakesGame - Exiting application
2025-12-19 19:34:02.236 [JavaFX Application Thread] INFO  SnakesGame - Starting Snakes Application
2025-12-19 19:34:04.006 [JavaFX Application Thread] INFO  SnakesGame - Exiting application
2025-12-19 20:01:11.455 [JavaFX Application Thread] INFO  SnakesGame - Starting Snakes Application
2025-12-19 20:01:13.264 [JavaFX Application Thread] INFO  SnakesGame - Opening Create Game dialog
2025-12-19 20:01:15.381 [JavaFX Application Thread] INFO  SnakesGame - Creating new game: 1
2025-12-19 20:01:15.391 [JavaFX Application Thread] INFO  SnakesGame - UDP Transport started on port 9190
2025-12-19 20:01:15.396 [JavaFX Application Thread] INFO  SnakesGame - Multicast discovery started on 239.192.0.4:9192
2025-12-19 20:01:15.398 [JavaFX Application Thread] INFO  SnakesGame - NetworkManager started successfully
2025-12-19 20:01:15.400 [JavaFX Application Thread] INFO  SnakesGame - Creating new GameEngine for new game
2025-12-19 20:01:15.407 [JavaFX Application Thread] INFO  SnakesGame - Player 1 joined the game with snake at Coord[x=38, y=11]
2025-12-19 20:01:15.408 [JavaFX Application Thread] INFO  SnakesGame - Master created with snake at Coord[x=38, y=11]
2025-12-19 20:01:15.409 [JavaFX Application Thread] INFO  SnakesGame - Using existing GameEngine from onStart()
2025-12-19 20:01:15.410 [JavaFX Application Thread] INFO  SnakesGame - Starting timeout checker: timeoutMs=3000, checkInterval=1500ms
2025-12-19 20:01:15.410 [JavaFX Application Thread] INFO  SnakesGame - MASTER node started for player 1
2025-12-19 20:01:15.410 [JavaFX Application Thread] INFO  SnakesGame - MASTER node started for player 1
2025-12-19 20:01:15.410 [JavaFX Application Thread] INFO  SnakesGame - Game created successfully as MASTER
2025-12-19 20:01:15.410 [JavaFX Application Thread] INFO  SnakesGame - Game created: 1
2025-12-19 20:01:15.438 [JavaFX Application Thread] INFO  SnakesGame - GameController initialized
2025-12-19 20:01:15.438 [JavaFX Application Thread] INFO  SnakesGame - GameService connected to GameController
2025-12-19 20:02:16.267 [JavaFX Application Thread] INFO  SnakesGame - Leaving game
2025-12-19 20:02:16.267 [JavaFX Application Thread] INFO  SnakesGame - MASTER node stopped
2025-12-19 20:02:16.269 [JavaFX Application Thread] INFO  SnakesGame - UDP Transport stopped
2025-12-19 20:02:16.271 [JavaFX Application Thread] INFO  SnakesGame - Multicast discovery stopped
2025-12-19 20:02:16.272 [JavaFX Application Thread] INFO  SnakesGame - NetworkManager stopped
2025-12-19 20:02:16.272 [JavaFX Application Thread] INFO  SnakesGame - Left game successfully
2025-12-19 20:02:16.272 [JavaFX Application Thread] INFO  SnakesGame - Exiting to main menu
2025-12-19 20:02:17.739 [JavaFX Application Thread] INFO  SnakesGame - Exiting application
2025-12-23 13:15:44.796 [JavaFX Application Thread] INFO  SnakesGame - Starting Snakes Application
2025-12-23 13:15:54.612 [JavaFX Application Thread] INFO  SnakesGame - Exiting application
2025-12-23 13:18:00.091 [JavaFX Application Thread] INFO  SnakesGame - Starting Snakes Application
2025-12-23 13:18:04.310 [JavaFX Application Thread] INFO  SnakesGame - Exiting application
2025-12-23 13:18:21.931 [JavaFX Application Thread] INFO  SnakesGame - Starting Snakes Application
2025-12-23 13:18:27.856 [JavaFX Application Thread] INFO  SnakesGame - Opening Create Game dialog
2025-12-23 13:18:28.064 [JavaFX Application Thread] INFO  SnakesGame - Starting Snakes Application
2025-12-23 13:18:29.709 [JavaFX Application Thread] INFO  SnakesGame - Opening Lobby
2025-12-23 13:18:29.748 [JavaFX Application Thread] INFO  SnakesGame - Multicast discovery started on 239.192.0.4:9192
2025-12-23 13:18:29.748 [JavaFX Application Thread] INFO  SnakesGame - Discovery service started
2025-12-23 13:18:29.749 [JavaFX Application Thread] INFO  SnakesGame - Discovery started in lobby
2025-12-23 13:18:30.259 [JavaFX Application Thread] INFO  SnakesGame - Starting Snakes Application
2025-12-23 13:18:31.431 [JavaFX Application Thread] INFO  SnakesGame - Opening Lobby
2025-12-23 13:18:31.469 [JavaFX Application Thread] INFO  SnakesGame - Multicast discovery started on 239.192.0.4:9192
2025-12-23 13:18:31.470 [JavaFX Application Thread] INFO  SnakesGame - Discovery service started
2025-12-23 13:18:31.470 [JavaFX Application Thread] INFO  SnakesGame - Discovery started in lobby
2025-12-23 13:18:38.546 [JavaFX Application Thread] INFO  SnakesGame - Creating new game: 11
2025-12-23 13:18:38.556 [JavaFX Application Thread] INFO  SnakesGame - UDP Transport started on port 9190
2025-12-23 13:18:38.561 [JavaFX Application Thread] INFO  SnakesGame - Multicast discovery started on 239.192.0.4:9192
2025-12-23 13:18:38.565 [JavaFX Application Thread] INFO  SnakesGame - NetworkManager started successfully
2025-12-23 13:18:38.567 [JavaFX Application Thread] INFO  SnakesGame - Creating new GameEngine for new game
2025-12-23 13:18:38.570 [JavaFX Application Thread] INFO  SnakesGame - Player 1 joined the game with snake at Coord[x=9, y=3]
2025-12-23 13:18:38.573 [JavaFX Application Thread] INFO  SnakesGame - Master created with snake at Coord[x=9, y=3]
2025-12-23 13:18:38.574 [JavaFX Application Thread] INFO  SnakesGame - Using existing GameEngine from onStart()
2025-12-23 13:18:38.575 [JavaFX Application Thread] INFO  SnakesGame - Starting timeout checker: timeoutMs=3000, checkInterval=1500ms
2025-12-23 13:18:38.575 [JavaFX Application Thread] INFO  SnakesGame - MASTER node started for player 1
2025-12-23 13:18:38.575 [JavaFX Application Thread] INFO  SnakesGame - MASTER node started for player 1
2025-12-23 13:18:38.575 [JavaFX Application Thread] INFO  SnakesGame - Game created successfully as MASTER
2025-12-23 13:18:38.575 [JavaFX Application Thread] INFO  SnakesGame - Game created: 11
2025-12-23 13:18:38.608 [JavaFX Application Thread] INFO  SnakesGame - GameController initialized
2025-12-23 13:18:38.608 [JavaFX Application Thread] INFO  SnakesGame - GameService connected to GameController
2025-12-23 13:18:38.635 [] INFO  SnakesGame - Discovered new game: 11 at /10.9.34.254:9190
2025-12-23 13:18:38.637 [JavaFX Application Thread] INFO  SnakesGame - Game added to lobby: 11 at /10.9.34.254:9190
2025-12-23 13:18:38.643 [] INFO  SnakesGame - Discovered new game: 11 at /10.9.34.254:9190
2025-12-23 13:18:38.645 [JavaFX Application Thread] INFO  SnakesGame - Game added to lobby: 11 at /10.9.34.254:9190
2025-12-23 13:18:47.120 [JavaFX Application Thread] INFO  SnakesGame - Connecting to master at /10.9.34.254:9190
2025-12-23 13:18:47.122 [JavaFX Application Thread] INFO  SnakesGame - Joining game: 11
2025-12-23 13:18:47.127 [JavaFX Application Thread] INFO  SnakesGame - UDP Transport started on port 58526
2025-12-23 13:18:47.128 [JavaFX Application Thread] INFO  SnakesGame - Multicast discovery started on 239.192.0.4:9192
2025-12-23 13:18:47.129 [JavaFX Application Thread] INFO  SnakesGame - NetworkManager started successfully
2025-12-23 13:18:47.133 [JavaFX Application Thread] INFO  SnakesGame - NormalNode started, master at /10.9.34.254:9190
2025-12-23 13:18:47.133 [JavaFX Application Thread] INFO  SnakesGame - NORMAL node started for player цц
2025-12-23 13:18:47.140 [JavaFX Application Thread] INFO  SnakesGame - Join request sent to master at /10.9.34.254:9190
2025-12-23 13:18:47.140 [JavaFX Application Thread] INFO  SnakesGame - Client started, waiting for role assignment
2025-12-23 13:18:47.140 [JavaFX Application Thread] INFO  SnakesGame - Joined game: 11
2025-12-23 13:18:47.142 [JavaFX Application Thread] INFO  SnakesGame - Multicast discovery stopped
2025-12-23 13:18:47.142 [JavaFX Application Thread] INFO  SnakesGame - Discovery service stopped
2025-12-23 13:18:47.146 [] INFO  SnakesGame - Received JOIN request from /10.9.34.254:58526 (player: цц)
2025-12-23 13:18:47.151 [] INFO  SnakesGame - Player цц joined the game with snake at Coord[x=36, y=4]
2025-12-23 13:18:47.151 [] INFO  SnakesGame - Player цц joined the game as NORMAL with ID 2
2025-12-23 13:18:47.155 [] INFO  SnakesGame - Assigned цц as deputy
2025-12-23 13:18:47.156 [JavaFX Application Thread] INFO  SnakesGame - GameController initialized
2025-12-23 13:18:47.156 [] INFO  SnakesGame - Sent role assignment to /10.9.34.254:58526: role=NORMAL, id=2
2025-12-23 13:18:47.157 [] INFO  SnakesGame - Assigned playerId 2 (was 0)
2025-12-23 13:18:47.157 [JavaFX Application Thread] INFO  SnakesGame - GameService connected to GameController
2025-12-23 13:18:47.157 [] INFO  SnakesGame - Role changed from NORMAL to DEPUTY
2025-12-23 13:18:47.157 [] INFO  SnakesGame - Promoted to DEPUTY, notifying GameService to switch node
2025-12-23 13:18:47.157 [] INFO  SnakesGame - Switching node from DEPUTY to DEPUTY
2025-12-23 13:18:47.157 [] INFO  SnakesGame - DEPUTY node stopped
2025-12-23 13:18:47.158 [] INFO  SnakesGame - DeputyNode.onStart() called
2025-12-23 13:18:47.158 [] INFO  SnakesGame - Ping task started
2025-12-23 13:18:47.158 [] INFO  SnakesGame - startMasterTimeoutChecker: timeoutMs=3000, checkInterval=200ms
2025-12-23 13:18:47.159 [] INFO  SnakesGame - Master timeout checker started
2025-12-23 13:18:47.159 [] INFO  SnakesGame - DeputyNode started, monitoring master at /10.9.34.254:9190
2025-12-23 13:18:47.159 [] INFO  SnakesGame - DEPUTY node started for player цц
2025-12-23 13:18:47.159 [] INFO  SnakesGame - Node switched successfully to DEPUTY
2025-12-23 13:18:57.754 [JavaFX Application Thread] INFO  SnakesGame - Connecting to master at /10.9.34.254:9190
2025-12-23 13:18:57.757 [JavaFX Application Thread] INFO  SnakesGame - Joining game: 11
2025-12-23 13:18:57.760 [JavaFX Application Thread] INFO  SnakesGame - UDP Transport started on port 65474
2025-12-23 13:18:57.761 [JavaFX Application Thread] INFO  SnakesGame - Multicast discovery started on 239.192.0.4:9192
2025-12-23 13:18:57.762 [JavaFX Application Thread] INFO  SnakesGame - NetworkManager started successfully
2025-12-23 13:18:57.764 [JavaFX Application Thread] INFO  SnakesGame - NormalNode started, master at /10.9.34.254:9190
2025-12-23 13:18:57.765 [JavaFX Application Thread] INFO  SnakesGame - NORMAL node started for player ыцы
2025-12-23 13:18:57.769 [JavaFX Application Thread] INFO  SnakesGame - Join request sent to master at /10.9.34.254:9190
2025-12-23 13:18:57.769 [JavaFX Application Thread] INFO  SnakesGame - Client started, waiting for role assignment
2025-12-23 13:18:57.769 [JavaFX Application Thread] INFO  SnakesGame - Joined game: 11
2025-12-23 13:18:57.770 [JavaFX Application Thread] INFO  SnakesGame - Multicast discovery stopped
2025-12-23 13:18:57.770 [JavaFX Application Thread] INFO  SnakesGame - Discovery service stopped
2025-12-23 13:18:57.770 [] INFO  SnakesGame - Received JOIN request from /10.9.34.254:65474 (player: ыцы)
2025-12-23 13:18:57.771 [] INFO  SnakesGame - Player ыцы joined the game with snake at Coord[x=19, y=29]
2025-12-23 13:18:57.772 [] INFO  SnakesGame - Player ыцы joined the game as NORMAL with ID 3
2025-12-23 13:18:57.772 [] INFO  SnakesGame - Sent role assignment to /10.9.34.254:65474: role=NORMAL, id=3
2025-12-23 13:18:57.775 [] INFO  SnakesGame - Assigned playerId 3 (was 0)
2025-12-23 13:18:57.775 [] INFO  SnakesGame - Role changed from NORMAL to NORMAL
2025-12-23 13:18:57.785 [JavaFX Application Thread] INFO  SnakesGame - GameController initialized
2025-12-23 13:18:57.786 [JavaFX Application Thread] INFO  SnakesGame - GameService connected to GameController
2025-12-23 13:19:09.711 [JavaFX Application Thread] INFO  SnakesGame - Leaving game
2025-12-23 13:19:09.712 [JavaFX Application Thread] INFO  SnakesGame - MASTER node stopped
2025-12-23 13:19:09.713 [JavaFX Application Thread] INFO  SnakesGame - UDP Transport stopped
2025-12-23 13:19:09.714 [JavaFX Application Thread] INFO  SnakesGame - Multicast discovery stopped
2025-12-23 13:19:09.714 [JavaFX Application Thread] INFO  SnakesGame - NetworkManager stopped
2025-12-23 13:19:09.714 [JavaFX Application Thread] INFO  SnakesGame - Left game successfully
2025-12-23 13:19:09.715 [JavaFX Application Thread] INFO  SnakesGame - Exiting to main menu
2025-12-23 13:19:10.433 [] WARN  SnakesGame - Retransmitting seq=12 to /10.9.34.254:9190 (retry 1)
2025-12-23 13:19:10.684 [] WARN  SnakesGame - Retransmitting seq=23 to /10.9.34.254:9190 (retry 1)
2025-12-23 13:19:10.942 [] WARN  SnakesGame - Retransmitting seq=12 to /10.9.34.254:9190 (retry 2)
2025-12-23 13:19:11.190 [] WARN  SnakesGame - Retransmitting seq=23 to /10.9.34.254:9190 (retry 2)
2025-12-23 13:19:11.453 [] WARN  SnakesGame - Retransmitting seq=12 to /10.9.34.254:9190 (retry 3)
2025-12-23 13:19:11.454 [] WARN  SnakesGame - Retransmitting seq=13 to /10.9.34.254:9190 (retry 1)
2025-12-23 13:19:11.700 [] WARN  SnakesGame - Retransmitting seq=23 to /10.9.34.254:9190 (retry 3)
2025-12-23 13:19:11.703 [] WARN  SnakesGame - Retransmitting seq=24 to /10.9.34.254:9190 (retry 1)
2025-12-23 13:19:11.967 [] WARN  SnakesGame - Retransmitting seq=12 to /10.9.34.254:9190 (retry 4)
2025-12-23 13:19:11.968 [] WARN  SnakesGame - Retransmitting seq=13 to /10.9.34.254:9190 (retry 2)
2025-12-23 13:19:12.213 [] WARN  SnakesGame - Retransmitting seq=23 to /10.9.34.254:9190 (retry 4)
2025-12-23 13:19:12.214 [] WARN  SnakesGame - Retransmitting seq=24 to /10.9.34.254:9190 (retry 2)
2025-12-23 13:19:12.473 [] WARN  SnakesGame - Retransmitting seq=12 to /10.9.34.254:9190 (retry 5)
2025-12-23 13:19:12.475 [] WARN  SnakesGame - Retransmitting seq=13 to /10.9.34.254:9190 (retry 3)
2025-12-23 13:19:12.475 [] WARN  SnakesGame - Retransmitting seq=14 to /10.9.34.254:9190 (retry 1)
2025-12-23 13:19:12.721 [] WARN  SnakesGame - Retransmitting seq=23 to /10.9.34.254:9190 (retry 5)
2025-12-23 13:19:12.723 [] WARN  SnakesGame - Retransmitting seq=24 to /10.9.34.254:9190 (retry 3)
2025-12-23 13:19:12.723 [] WARN  SnakesGame - Retransmitting seq=25 to /10.9.34.254:9190 (retry 1)
2025-12-23 13:19:12.729 [] ERROR SnakesGame - Message seq=12 to /10.9.34.254:9190 failed after 5 retries
2025-12-23 13:19:12.762 [pool-3-thread-1] WARN  SnakesGame - Master timed out! Elapsed: 3177ms, promoting to MASTER
2025-12-23 13:19:12.763 [pool-3-thread-1] INFO  SnakesGame - Deputy promoting to MASTER
2025-12-23 13:19:12.763 [pool-3-thread-1] INFO  SnakesGame - Found old master: playerId=1, address=/10.9.34.254:9190
2025-12-23 13:19:12.763 [pool-3-thread-1] INFO  SnakesGame - Old master assumed dead: /10.9.34.254:9190
2025-12-23 13:19:12.763 [pool-3-thread-1] INFO  SnakesGame - Creating GameEngine with current state
2025-12-23 13:19:12.770 [pool-2-thread-2] WARN  SnakesGame - Master timed out (3182ms>3000ms), switching master /10.9.34.254:9190 -> deputy /10.9.34.254:58526
2025-12-23 13:19:12.770 [pool-2-thread-2] INFO  SnakesGame - Redirected pending messages /10.9.34.254:9190 -> /10.9.34.254:58526
2025-12-23 13:19:12.773 [pool-3-thread-1] INFO  SnakesGame - Player 1 left, snake became zombie
2025-12-23 13:19:12.773 [pool-3-thread-1] INFO  SnakesGame - Removed old master player 1 from game state
2025-12-23 13:19:12.775 [pool-3-thread-1] INFO  SnakesGame - UDP Transport stopped
2025-12-23 13:19:12.776 [pool-3-thread-1] INFO  SnakesGame - Multicast discovery stopped
2025-12-23 13:19:12.777 [pool-3-thread-1] INFO  SnakesGame - NetworkManager stopped
2025-12-23 13:19:12.777 [pool-3-thread-1] INFO  SnakesGame - UDP Transport started on port 9190
2025-12-23 13:19:12.778 [pool-3-thread-1] INFO  SnakesGame - Multicast discovery started on 239.192.0.4:9192
2025-12-23 13:19:12.779 [pool-3-thread-1] INFO  SnakesGame - NetworkManager started successfully
2025-12-23 13:19:12.780 [pool-3-thread-1] INFO  SnakesGame - Broadcasted new master role to all players
2025-12-23 13:19:12.780 [pool-3-thread-1] INFO  SnakesGame - Switching node from DEPUTY to MASTER
2025-12-23 13:19:12.780 [pool-3-thread-1] INFO  SnakesGame - DEPUTY node stopped
2025-12-23 13:19:12.780 [] INFO  SnakesGame - Redirected pending messages /10.9.34.254:58526 -> /10.9.34.254:9190
2025-12-23 13:19:12.781 [pool-3-thread-1] INFO  SnakesGame - Using existing GameEngine from Deputy promotion
2025-12-23 13:19:12.781 [] INFO  SnakesGame - New master: /10.9.34.254:9190
2025-12-23 13:19:12.781 [pool-3-thread-1] INFO  SnakesGame - Game state preserved: order=32, players=2
2025-12-23 13:19:12.781 [] INFO  SnakesGame - Role changed from NORMAL to NORMAL
2025-12-23 13:19:12.782 [pool-3-thread-1] INFO  SnakesGame - Using existing GameEngine from onStart()
2025-12-23 13:19:12.782 [pool-3-thread-1] INFO  SnakesGame - Assigned ыцы as deputy
2025-12-23 13:19:12.783 [] INFO  SnakesGame - Role changed from NORMAL to DEPUTY
2025-12-23 13:19:12.783 [] INFO  SnakesGame - Promoted to DEPUTY, notifying GameService to switch node
2025-12-23 13:19:12.783 [] INFO  SnakesGame - Switching node from DEPUTY to DEPUTY
2025-12-23 13:19:12.783 [] INFO  SnakesGame - DEPUTY node stopped
2025-12-23 13:19:12.783 [pool-3-thread-1] INFO  SnakesGame - Starting timeout checker: timeoutMs=3000, checkInterval=1500ms
2025-12-23 13:19:12.784 [pool-3-thread-1] INFO  SnakesGame - MASTER node started for player цц
2025-12-23 13:19:12.784 [pool-3-thread-1] INFO  SnakesGame - MASTER node started for player цц
2025-12-23 13:19:12.784 [pool-3-thread-1] INFO  SnakesGame - Node switched successfully to MASTER
2025-12-23 13:19:12.784 [pool-3-thread-1] INFO  SnakesGame - Successfully promoted to MASTER (requested GameService switch)
2025-12-23 13:19:12.785 [] INFO  SnakesGame - DeputyNode.onStart() called
2025-12-23 13:19:12.785 [] INFO  SnakesGame - Ping task started
2025-12-23 13:19:12.785 [] INFO  SnakesGame - startMasterTimeoutChecker: timeoutMs=3000, checkInterval=200ms
2025-12-23 13:19:12.786 [] INFO  SnakesGame - Master timeout checker started
2025-12-23 13:19:12.786 [] INFO  SnakesGame - DeputyNode started, monitoring master at /10.9.34.254:9190
2025-12-23 13:19:12.786 [] INFO  SnakesGame - DEPUTY node started for player ыцы
2025-12-23 13:19:12.786 [] INFO  SnakesGame - Node switched successfully to DEPUTY
2025-12-23 13:19:12.986 [] WARN  SnakesGame - Retransmitting seq=13 to /10.9.34.254:9190 (retry 4)
2025-12-23 13:19:12.986 [] WARN  SnakesGame - Retransmitting seq=14 to /10.9.34.254:9190 (retry 2)
2025-12-23 13:19:13.497 [] WARN  SnakesGame - Retransmitting seq=15 to /10.9.34.254:9190 (retry 1)
2025-12-23 13:19:16.127 [JavaFX Application Thread] INFO  SnakesGame - Opening Lobby
2025-12-23 13:19:16.144 [JavaFX Application Thread] INFO  SnakesGame - Multicast discovery started on 239.192.0.4:9192
2025-12-23 13:19:16.144 [JavaFX Application Thread] INFO  SnakesGame - Discovery service started
2025-12-23 13:19:16.144 [JavaFX Application Thread] INFO  SnakesGame - Discovery started in lobby
2025-12-23 13:19:16.792 [] INFO  SnakesGame - Discovered new game: 11 at /10.9.34.254:9190
2025-12-23 13:19:16.793 [JavaFX Application Thread] INFO  SnakesGame - Game added to lobby: 11 at /10.9.34.254:9190
2025-12-23 13:19:19.889 [JavaFX Application Thread] INFO  SnakesGame - Connecting to master at /10.9.34.254:9190
2025-12-23 13:19:19.889 [JavaFX Application Thread] INFO  SnakesGame - Joining game: 11
2025-12-23 13:19:19.889 [JavaFX Application Thread] INFO  SnakesGame - UDP Transport started on port 58058
2025-12-23 13:19:19.891 [JavaFX Application Thread] INFO  SnakesGame - Multicast discovery started on 239.192.0.4:9192
2025-12-23 13:19:19.891 [JavaFX Application Thread] INFO  SnakesGame - NetworkManager started successfully
2025-12-23 13:19:19.893 [JavaFX Application Thread] INFO  SnakesGame - NormalNode started, master at /10.9.34.254:9190
2025-12-23 13:19:19.894 [JavaFX Application Thread] INFO  SnakesGame - NORMAL node started for player чапр
2025-12-23 13:19:19.894 [JavaFX Application Thread] INFO  SnakesGame - Join request sent to master at /10.9.34.254:9190
2025-12-23 13:19:19.894 [JavaFX Application Thread] INFO  SnakesGame - Client started, waiting for role assignment
2025-12-23 13:19:19.894 [JavaFX Application Thread] INFO  SnakesGame - Joined game: 11
2025-12-23 13:19:19.895 [JavaFX Application Thread] INFO  SnakesGame - Multicast discovery stopped
2025-12-23 13:19:19.895 [JavaFX Application Thread] INFO  SnakesGame - Discovery service stopped
2025-12-23 13:19:19.895 [] INFO  SnakesGame - Received JOIN request from /10.9.34.254:58058 (player: чапр)
2025-12-23 13:19:19.899 [JavaFX Application Thread] INFO  SnakesGame - GameController initialized
2025-12-23 13:19:19.899 [JavaFX Application Thread] INFO  SnakesGame - GameService connected to GameController
2025-12-23 13:19:19.897 [] INFO  SnakesGame - Player чапр joined the game with snake at Coord[x=35, y=9]
2025-12-23 13:19:19.903 [] INFO  SnakesGame - Player чапр joined the game as NORMAL with ID 1
2025-12-23 13:19:19.904 [] INFO  SnakesGame - Sent role assignment to /10.9.34.254:58058: role=NORMAL, id=1
2025-12-23 13:19:19.904 [] INFO  SnakesGame - Assigned playerId 1 (was 0)
2025-12-23 13:19:19.904 [] INFO  SnakesGame - Role changed from NORMAL to NORMAL
2025-12-23 13:19:26.096 [JavaFX Application Thread] INFO  SnakesGame - Leaving game
2025-12-23 13:19:26.097 [JavaFX Application Thread] INFO  SnakesGame - NORMAL node stopped
2025-12-23 13:19:26.097 [JavaFX Application Thread] INFO  SnakesGame - UDP Transport stopped
2025-12-23 13:19:26.099 [JavaFX Application Thread] INFO  SnakesGame - Multicast discovery stopped
2025-12-23 13:19:26.099 [JavaFX Application Thread] INFO  SnakesGame - NetworkManager stopped
2025-12-23 13:19:26.099 [JavaFX Application Thread] INFO  SnakesGame - Left game successfully
2025-12-23 13:19:27.472 [] WARN  SnakesGame - Retransmitting seq=57 to /10.9.34.254:58058 (retry 1)
2025-12-23 13:19:27.827 [JavaFX Application Thread] INFO  SnakesGame - Leaving game
2025-12-23 13:19:27.827 [JavaFX Application Thread] INFO  SnakesGame - DEPUTY node stopped
2025-12-23 13:19:27.828 [JavaFX Application Thread] INFO  SnakesGame - UDP Transport stopped
2025-12-23 13:19:27.829 [JavaFX Application Thread] INFO  SnakesGame - Multicast discovery stopped
2025-12-23 13:19:27.829 [JavaFX Application Thread] INFO  SnakesGame - NetworkManager stopped
2025-12-23 13:19:27.829 [JavaFX Application Thread] INFO  SnakesGame - Left game successfully
2025-12-23 13:19:27.979 [] WARN  SnakesGame - Retransmitting seq=57 to /10.9.34.254:58058 (retry 2)
2025-12-23 13:19:28.483 [] WARN  SnakesGame - Retransmitting seq=57 to /10.9.34.254:58058 (retry 3)
2025-12-23 13:19:28.485 [] WARN  SnakesGame - Retransmitting seq=59 to /10.9.34.254:58058 (retry 1)
2025-12-23 13:19:28.995 [] WARN  SnakesGame - Retransmitting seq=57 to /10.9.34.254:58058 (retry 4)
2025-12-23 13:19:28.995 [] WARN  SnakesGame - Retransmitting seq=59 to /10.9.34.254:58058 (retry 2)
2025-12-23 13:19:29.287 [pool-4-thread-1] WARN  SnakesGame - Peer /10.9.34.254:58058 timed out
2025-12-23 13:19:29.288 [pool-4-thread-1] WARN  SnakesGame - Player 1 timed out, removing
2025-12-23 13:19:29.288 [pool-4-thread-1] INFO  SnakesGame - Player 1 left, snake became zombie
2025-12-23 13:19:29.288 [pool-4-thread-1] INFO  SnakesGame - Player 1 left, snake became zombie
2025-12-23 13:19:29.504 [] WARN  SnakesGame - Retransmitting seq=61 to /10.9.34.254:65474 (retry 1)
2025-12-23 13:19:29.557 [JavaFX Application Thread] INFO  SnakesGame - Leaving game
2025-12-23 13:19:29.557 [JavaFX Application Thread] INFO  SnakesGame - MASTER node stopped
2025-12-23 13:19:29.558 [JavaFX Application Thread] INFO  SnakesGame - UDP Transport stopped
2025-12-23 13:19:29.559 [JavaFX Application Thread] INFO  SnakesGame - Multicast discovery stopped
2025-12-23 13:19:29.559 [JavaFX Application Thread] INFO  SnakesGame - NetworkManager stopped
2025-12-23 13:19:29.559 [JavaFX Application Thread] INFO  SnakesGame - Left game successfully
2025-12-23 13:39:23.007 [JavaFX Application Thread] INFO  SnakesGame - Starting Snakes Application
2025-12-23 13:39:28.956 [JavaFX Application Thread] INFO  SnakesGame - Opening Lobby
2025-12-23 13:39:28.992 [JavaFX Application Thread] ERROR SnakesGame - Failed to start discovery: Can't assign requested address (setsockopt failed)
java.net.BindException: Can't assign requested address (setsockopt failed)
	at java.base/sun.nio.ch.Net.joinOrDrop6(Native Method)
	at java.base/sun.nio.ch.Net.join6(Net.java:708)
	at java.base/sun.nio.ch.DatagramChannelImpl.innerJoin(DatagramChannelImpl.java:1550)
	at java.base/sun.nio.ch.DatagramChannelImpl.join(DatagramChannelImpl.java:1586)
	at java.base/sun.nio.ch.DatagramSocketAdaptor.joinGroup(DatagramSocketAdaptor.java:469)
	at java.base/java.net.DatagramSocket.joinGroup(DatagramSocket.java:1199)
	at java.base/java.net.MulticastSocket.joinGroup(MulticastSocket.java:331)
	at org.example.network.MulticastDiscovery.start(MulticastDiscovery.java:33)
	at org.example.service.DiscoveryService.start(DiscoveryService.java:34)
	at org.example.controller.LobbyController.startDiscovery(LobbyController.java:66)
	at org.example.controller.LobbyController.initialize(LobbyController.java:58)
	at java.base/jdk.internal.reflect.DirectMethodHandleAccessor.invoke(DirectMethodHandleAccessor.java:104)
	at java.base/java.lang.reflect.Method.invoke(Method.java:565)
	at com.sun.javafx.reflect.Trampoline.invoke(MethodUtil.java:72)
	at java.base/jdk.internal.reflect.DirectMethodHandleAccessor.invoke(DirectMethodHandleAccessor.java:104)
	at java.base/java.lang.reflect.Method.invoke(Method.java:565)
	at javafx.base@21/com.sun.javafx.reflect.MethodUtil.invoke(MethodUtil.java:270)
	at javafx.fxml@21/com.sun.javafx.fxml.MethodHelper.invoke(MethodHelper.java:84)
	at javafx.fxml@21/javafx.fxml.FXMLLoader.loadImpl(FXMLLoader.java:2688)
	at javafx.fxml@21/javafx.fxml.FXMLLoader.loadImpl(FXMLLoader.java:2563)
	at javafx.fxml@21/javafx.fxml.FXMLLoader.load(FXMLLoader.java:2531)
	at org.example.controller.MainMenuController.onJoinGame(MainMenuController.java:41)
	at java.base/jdk.internal.reflect.DirectMethodHandleAccessor.invoke(DirectMethodHandleAccessor.java:104)
	at java.base/java.lang.reflect.Method.invoke(Method.java:565)
	at com.sun.javafx.reflect.Trampoline.invoke(MethodUtil.java:72)
	at java.base/jdk.internal.reflect.DirectMethodHandleAccessor.invoke(DirectMethodHandleAccessor.java:104)
	at java.base/java.lang.reflect.Method.invoke(Method.java:565)
	at javafx.base@21/com.sun.javafx.reflect.MethodUtil.invoke(MethodUtil.java:270)
	at javafx.fxml@21/com.sun.javafx.fxml.MethodHelper.invoke(MethodHelper.java:84)
	at javafx.fxml@21/javafx.fxml.FXMLLoader$MethodHandler.invoke(FXMLLoader.java:1855)
	at javafx.fxml@21/javafx.fxml.FXMLLoader$ControllerMethodEventHandler.handle(FXMLLoader.java:1726)
	at javafx.base@21/com.sun.javafx.event.CompositeEventHandler.dispatchBubblingEvent(CompositeEventHandler.java:86)
	at javafx.base@21/com.sun.javafx.event.EventHandlerManager.dispatchBubblingEvent(EventHandlerManager.java:232)
	at javafx.base@21/com.sun.javafx.event.EventHandlerManager.dispatchBubblingEvent(EventHandlerManager.java:189)
	at javafx.base@21/com.sun.javafx.event.CompositeEventDispatcher.dispatchBubblingEvent(CompositeEventDispatcher.java:59)
	at javafx.base@21/com.sun.javafx.event.BasicEventDispatcher.dispatchEvent(BasicEventDispatcher.java:58)
	at javafx.base@21/com.sun.javafx.event.EventDispatchChainImpl.dispatchEvent(EventDispatchChainImpl.java:114)
	at javafx.base@21/com.sun.javafx.event.BasicEventDispatcher.dispatchEvent(BasicEventDispatcher.java:56)
	at javafx.base@21/com.sun.javafx.event.EventDispatchChainImpl.dispatchEvent(EventDispatchChainImpl.java:114)
	at javafx.base@21/com.sun.javafx.event.BasicEventDispatcher.dispatchEvent(BasicEventDispatcher.java:56)
	at javafx.base@21/com.sun.javafx.event.EventDispatchChainImpl.dispatchEvent(EventDispatchChainImpl.java:114)
	at javafx.base@21/com.sun.javafx.event.EventUtil.fireEventImpl(EventUtil.java:74)
	at javafx.base@21/com.sun.javafx.event.EventUtil.fireEvent(EventUtil.java:49)
	at javafx.base@21/javafx.event.Event.fireEvent(Event.java:198)
	at javafx.graphics@21/javafx.scene.Node.fireEvent(Node.java:8875)
	at javafx.controls@21/javafx.scene.control.Button.fire(Button.java:203)
	at javafx.controls@21/com.sun.javafx.scene.control.behavior.ButtonBehavior.mouseReleased(ButtonBehavior.java:207)
	at javafx.controls@21/com.sun.javafx.scene.control.inputmap.InputMap.handle(InputMap.java:274)
	at javafx.base@21/com.sun.javafx.event.CompositeEventHandler$NormalEventHandlerRecord.handleBubblingEvent(CompositeEventHandler.java:247)
	at javafx.base@21/com.sun.javafx.event.CompositeEventHandler.dispatchBubblingEvent(CompositeEventHandler.java:80)
	at javafx.base@21/com.sun.javafx.event.EventHandlerManager.dispatchBubblingEvent(EventHandlerManager.java:232)
	at javafx.base@21/com.sun.javafx.event.EventHandlerManager.dispatchBubblingEvent(EventHandlerManager.java:189)
	at javafx.base@21/com.sun.javafx.event.CompositeEventDispatcher.dispatchBubblingEvent(CompositeEventDispatcher.java:59)
	at javafx.base@21/com.sun.javafx.event.BasicEventDispatcher.dispatchEvent(BasicEventDispatcher.java:58)
	at javafx.base@21/com.sun.javafx.event.EventDispatchChainImpl.dispatchEvent(EventDispatchChainImpl.java:114)
	at javafx.base@21/com.sun.javafx.event.BasicEventDispatcher.dispatchEvent(BasicEventDispatcher.java:56)
	at javafx.base@21/com.sun.javafx.event.EventDispatchChainImpl.dispatchEvent(EventDispatchChainImpl.java:114)
	at javafx.base@21/com.sun.javafx.event.BasicEventDispatcher.dispatchEvent(BasicEventDispatcher.java:56)
	at javafx.base@21/com.sun.javafx.event.EventDispatchChainImpl.dispatchEvent(EventDispatchChainImpl.java:114)
	at javafx.base@21/com.sun.javafx.event.EventUtil.fireEventImpl(EventUtil.java:74)
	at javafx.base@21/com.sun.javafx.event.EventUtil.fireEvent(EventUtil.java:54)
	at javafx.base@21/javafx.event.Event.fireEvent(Event.java:198)
	at javafx.graphics@21/javafx.scene.Scene$MouseHandler.process(Scene.java:3984)
	at javafx.graphics@21/javafx.scene.Scene.processMouseEvent(Scene.java:1890)
	at javafx.graphics@21/javafx.scene.Scene$ScenePeerListener.mouseEvent(Scene.java:2708)
	at javafx.graphics@21/com.sun.javafx.tk.quantum.GlassViewEventHandler$MouseEventNotification.run(GlassViewEventHandler.java:411)
	at javafx.graphics@21/com.sun.javafx.tk.quantum.GlassViewEventHandler$MouseEventNotification.run(GlassViewEventHandler.java:301)
	at java.base/java.security.AccessController.doPrivileged(AccessController.java:138)
	at javafx.graphics@21/com.sun.javafx.tk.quantum.GlassViewEventHandler.lambda$handleMouseEvent$2(GlassViewEventHandler.java:450)
	at javafx.graphics@21/com.sun.javafx.tk.quantum.QuantumToolkit.runWithoutRenderLock(QuantumToolkit.java:424)
	at javafx.graphics@21/com.sun.javafx.tk.quantum.GlassViewEventHandler.handleMouseEvent(GlassViewEventHandler.java:449)
	at javafx.graphics@21/com.sun.glass.ui.View.handleMouseEvent(View.java:551)
	at javafx.graphics@21/com.sun.glass.ui.View.notifyMouse(View.java:937)
	at javafx.graphics@21/com.sun.glass.ui.mac.MacView.notifyMouse(MacView.java:127)
2025-12-23 13:39:41.463 [JavaFX Application Thread] INFO  SnakesGame - Opening Create Game dialog
2025-12-23 13:39:44.419 [JavaFX Application Thread] INFO  SnakesGame - Creating new game: 111
2025-12-23 13:39:44.429 [JavaFX Application Thread] INFO  SnakesGame - UDP Transport started on port 9190
2025-12-23 13:39:44.430 [JavaFX Application Thread] ERROR SnakesGame - Failed to create game: Can't assign requested address (setsockopt failed)
java.net.BindException: Can't assign requested address (setsockopt failed)
	at java.base/sun.nio.ch.Net.joinOrDrop6(Native Method)
	at java.base/sun.nio.ch.Net.join6(Net.java:708)
	at java.base/sun.nio.ch.DatagramChannelImpl.innerJoin(DatagramChannelImpl.java:1550)
	at java.base/sun.nio.ch.DatagramChannelImpl.join(DatagramChannelImpl.java:1586)
	at java.base/sun.nio.ch.DatagramSocketAdaptor.joinGroup(DatagramSocketAdaptor.java:469)
	at java.base/java.net.DatagramSocket.joinGroup(DatagramSocket.java:1199)
	at java.base/java.net.MulticastSocket.joinGroup(MulticastSocket.java:331)
	at org.example.network.MulticastDiscovery.start(MulticastDiscovery.java:33)
	at org.example.network.NetworkManager.start(NetworkManager.java:33)
	at org.example.service.GameService.createGame(GameService.java:39)
	at org.example.controller.CreateGameController.onCreate(CreateGameController.java:60)
	at java.base/jdk.internal.reflect.DirectMethodHandleAccessor.invoke(DirectMethodHandleAccessor.java:104)
	at java.base/java.lang.reflect.Method.invoke(Method.java:565)
	at com.sun.javafx.reflect.Trampoline.invoke(MethodUtil.java:72)
	at java.base/jdk.internal.reflect.DirectMethodHandleAccessor.invoke(DirectMethodHandleAccessor.java:104)
	at java.base/java.lang.reflect.Method.invoke(Method.java:565)
	at javafx.base@21/com.sun.javafx.reflect.MethodUtil.invoke(MethodUtil.java:270)
	at javafx.fxml@21/com.sun.javafx.fxml.MethodHelper.invoke(MethodHelper.java:84)
	at javafx.fxml@21/javafx.fxml.FXMLLoader$MethodHandler.invoke(FXMLLoader.java:1855)
	at javafx.fxml@21/javafx.fxml.FXMLLoader$ControllerMethodEventHandler.handle(FXMLLoader.java:1726)
	at javafx.base@21/com.sun.javafx.event.CompositeEventHandler.dispatchBubblingEvent(CompositeEventHandler.java:86)
	at javafx.base@21/com.sun.javafx.event.EventHandlerManager.dispatchBubblingEvent(EventHandlerManager.java:232)
	at javafx.base@21/com.sun.javafx.event.EventHandlerManager.dispatchBubblingEvent(EventHandlerManager.java:189)
	at javafx.base@21/com.sun.javafx.event.CompositeEventDispatcher.dispatchBubblingEvent(CompositeEventDispatcher.java:59)
	at javafx.base@21/com.sun.javafx.event.BasicEventDispatcher.dispatchEvent(BasicEventDispatcher.java:58)
	at javafx.base@21/com.sun.javafx.event.EventDispatchChainImpl.dispatchEvent(EventDispatchChainImpl.java:114)
	at javafx.base@21/com.sun.javafx.event.BasicEventDispatcher.dispatchEvent(BasicEventDispatcher.java:56)
	at javafx.base@21/com.sun.javafx.event.EventDispatchChainImpl.dispatchEvent(EventDispatchChainImpl.java:114)
	at javafx.base@21/com.sun.javafx.event.BasicEventDispatcher.dispatchEvent(BasicEventDispatcher.java:56)
	at javafx.base@21/com.sun.javafx.event.EventDispatchChainImpl.dispatchEvent(EventDispatchChainImpl.java:114)
	at javafx.base@21/com.sun.javafx.event.EventUtil.fireEventImpl(EventUtil.java:74)
	at javafx.base@21/com.sun.javafx.event.EventUtil.fireEvent(EventUtil.java:49)
	at javafx.base@21/javafx.event.Event.fireEvent(Event.java:198)
	at javafx.graphics@21/javafx.scene.Node.fireEvent(Node.java:8875)
	at javafx.controls@21/javafx.scene.control.Button.fire(Button.java:203)
	at javafx.controls@21/com.sun.javafx.scene.control.behavior.ButtonBehavior.mouseReleased(ButtonBehavior.java:207)
	at javafx.controls@21/com.sun.javafx.scene.control.inputmap.InputMap.handle(InputMap.java:274)
	at javafx.base@21/com.sun.javafx.event.CompositeEventHandler$NormalEventHandlerRecord.handleBubblingEvent(CompositeEventHandler.java:247)
	at javafx.base@21/com.sun.javafx.event.CompositeEventHandler.dispatchBubblingEvent(CompositeEventHandler.java:80)
	at javafx.base@21/com.sun.javafx.event.EventHandlerManager.dispatchBubblingEvent(EventHandlerManager.java:232)
	at javafx.base@21/com.sun.javafx.event.EventHandlerManager.dispatchBubblingEvent(EventHandlerManager.java:189)
	at javafx.base@21/com.sun.javafx.event.CompositeEventDispatcher.dispatchBubblingEvent(CompositeEventDispatcher.java:59)
	at javafx.base@21/com.sun.javafx.event.BasicEventDispatcher.dispatchEvent(BasicEventDispatcher.java:58)
	at javafx.base@21/com.sun.javafx.event.EventDispatchChainImpl.dispatchEvent(EventDispatchChainImpl.java:114)
	at javafx.base@21/com.sun.javafx.event.BasicEventDispatcher.dispatchEvent(BasicEventDispatcher.java:56)
	at javafx.base@21/com.sun.javafx.event.EventDispatchChainImpl.dispatchEvent(EventDispatchChainImpl.java:114)
	at javafx.base@21/com.sun.javafx.event.BasicEventDispatcher.dispatchEvent(BasicEventDispatcher.java:56)
	at javafx.base@21/com.sun.javafx.event.EventDispatchChainImpl.dispatchEvent(EventDispatchChainImpl.java:114)
	at javafx.base@21/com.sun.javafx.event.EventUtil.fireEventImpl(EventUtil.java:74)
	at javafx.base@21/com.sun.javafx.event.EventUtil.fireEvent(EventUtil.java:54)
	at javafx.base@21/javafx.event.Event.fireEvent(Event.java:198)
	at javafx.graphics@21/javafx.scene.Scene$MouseHandler.process(Scene.java:3984)
	at javafx.graphics@21/javafx.scene.Scene.processMouseEvent(Scene.java:1890)
	at javafx.graphics@21/javafx.scene.Scene$ScenePeerListener.mouseEvent(Scene.java:2708)
	at javafx.graphics@21/com.sun.javafx.tk.quantum.GlassViewEventHandler$MouseEventNotification.run(GlassViewEventHandler.java:411)
	at javafx.graphics@21/com.sun.javafx.tk.quantum.GlassViewEventHandler$MouseEventNotification.run(GlassViewEventHandler.java:301)
	at java.base/java.security.AccessController.doPrivileged(AccessController.java:138)
	at javafx.graphics@21/com.sun.javafx.tk.quantum.GlassViewEventHandler.lambda$handleMouseEvent$2(GlassViewEventHandler.java:450)
	at javafx.graphics@21/com.sun.javafx.tk.quantum.QuantumToolkit.runWithoutRenderLock(QuantumToolkit.java:424)
	at javafx.graphics@21/com.sun.javafx.tk.quantum.GlassViewEventHandler.handleMouseEvent(GlassViewEventHandler.java:449)
	at javafx.graphics@21/com.sun.glass.ui.View.handleMouseEvent(View.java:551)
	at javafx.graphics@21/com.sun.glass.ui.View.notifyMouse(View.java:937)
	at javafx.graphics@21/com.sun.glass.ui.mac.MacView.notifyMouse(MacView.java:127)
2025-12-23 13:39:51.891 [JavaFX Application Thread] INFO  SnakesGame - Creating new game: 111
2025-12-23 13:39:51.894 [JavaFX Application Thread] ERROR SnakesGame - Failed to create game: Address already in use
java.net.BindException: Address already in use
	at java.base/sun.nio.ch.Net.bind0(Native Method)
	at java.base/sun.nio.ch.Net.bind(Net.java:522)
	at java.base/sun.nio.ch.DatagramChannelImpl.bindInternal(DatagramChannelImpl.java:1241)
	at java.base/sun.nio.ch.DatagramChannelImpl.bind(DatagramChannelImpl.java:1215)
	at java.base/sun.nio.ch.DatagramSocketAdaptor.bind(DatagramSocketAdaptor.java:107)
	at org.example.network.UdpTransport.start(UdpTransport.java:33)
	at org.example.network.NetworkManager.start(NetworkManager.java:32)
	at org.example.service.GameService.createGame(GameService.java:39)
	at org.example.controller.CreateGameController.onCreate(CreateGameController.java:60)
	at java.base/jdk.internal.reflect.DirectMethodHandleAccessor.invoke(DirectMethodHandleAccessor.java:104)
	at java.base/java.lang.reflect.Method.invoke(Method.java:565)
	at com.sun.javafx.reflect.Trampoline.invoke(MethodUtil.java:72)
	at java.base/jdk.internal.reflect.DirectMethodHandleAccessor.invoke(DirectMethodHandleAccessor.java:104)
	at java.base/java.lang.reflect.Method.invoke(Method.java:565)
	at javafx.base@21/com.sun.javafx.reflect.MethodUtil.invoke(MethodUtil.java:270)
	at javafx.fxml@21/com.sun.javafx.fxml.MethodHelper.invoke(MethodHelper.java:84)
	at javafx.fxml@21/javafx.fxml.FXMLLoader$MethodHandler.invoke(FXMLLoader.java:1855)
	at javafx.fxml@21/javafx.fxml.FXMLLoader$ControllerMethodEventHandler.handle(FXMLLoader.java:1726)
	at javafx.base@21/com.sun.javafx.event.CompositeEventHandler.dispatchBubblingEvent(CompositeEventHandler.java:86)
	at javafx.base@21/com.sun.javafx.event.EventHandlerManager.dispatchBubblingEvent(EventHandlerManager.java:232)
	at javafx.base@21/com.sun.javafx.event.EventHandlerManager.dispatchBubblingEvent(EventHandlerManager.java:189)
	at javafx.base@21/com.sun.javafx.event.CompositeEventDispatcher.dispatchBubblingEvent(CompositeEventDispatcher.java:59)
	at javafx.base@21/com.sun.javafx.event.BasicEventDispatcher.dispatchEvent(BasicEventDispatcher.java:58)
	at javafx.base@21/com.sun.javafx.event.EventDispatchChainImpl.dispatchEvent(EventDispatchChainImpl.java:114)
	at javafx.base@21/com.sun.javafx.event.BasicEventDispatcher.dispatchEvent(BasicEventDispatcher.java:56)
	at javafx.base@21/com.sun.javafx.event.EventDispatchChainImpl.dispatchEvent(EventDispatchChainImpl.java:114)
	at javafx.base@21/com.sun.javafx.event.BasicEventDispatcher.dispatchEvent(BasicEventDispatcher.java:56)
	at javafx.base@21/com.sun.javafx.event.EventDispatchChainImpl.dispatchEvent(EventDispatchChainImpl.java:114)
	at javafx.base@21/com.sun.javafx.event.EventUtil.fireEventImpl(EventUtil.java:74)
	at javafx.base@21/com.sun.javafx.event.EventUtil.fireEvent(EventUtil.java:49)
	at javafx.base@21/javafx.event.Event.fireEvent(Event.java:198)
	at javafx.graphics@21/javafx.scene.Node.fireEvent(Node.java:8875)
	at javafx.controls@21/javafx.scene.control.Button.fire(Button.java:203)
	at javafx.controls@21/com.sun.javafx.scene.control.behavior.ButtonBehavior.mouseReleased(ButtonBehavior.java:207)
	at javafx.controls@21/com.sun.javafx.scene.control.inputmap.InputMap.handle(InputMap.java:274)
	at javafx.base@21/com.sun.javafx.event.CompositeEventHandler$NormalEventHandlerRecord.handleBubblingEvent(CompositeEventHandler.java:247)
	at javafx.base@21/com.sun.javafx.event.CompositeEventHandler.dispatchBubblingEvent(CompositeEventHandler.java:80)
	at javafx.base@21/com.sun.javafx.event.EventHandlerManager.dispatchBubblingEvent(EventHandlerManager.java:232)
	at javafx.base@21/com.sun.javafx.event.EventHandlerManager.dispatchBubblingEvent(EventHandlerManager.java:189)
	at javafx.base@21/com.sun.javafx.event.CompositeEventDispatcher.dispatchBubblingEvent(CompositeEventDispatcher.java:59)
	at javafx.base@21/com.sun.javafx.event.BasicEventDispatcher.dispatchEvent(BasicEventDispatcher.java:58)
	at javafx.base@21/com.sun.javafx.event.EventDispatchChainImpl.dispatchEvent(EventDispatchChainImpl.java:114)
	at javafx.base@21/com.sun.javafx.event.BasicEventDispatcher.dispatchEvent(BasicEventDispatcher.java:56)
	at javafx.base@21/com.sun.javafx.event.EventDispatchChainImpl.dispatchEvent(EventDispatchChainImpl.java:114)
	at javafx.base@21/com.sun.javafx.event.BasicEventDispatcher.dispatchEvent(BasicEventDispatcher.java:56)
	at javafx.base@21/com.sun.javafx.event.EventDispatchChainImpl.dispatchEvent(EventDispatchChainImpl.java:114)
	at javafx.base@21/com.sun.javafx.event.EventUtil.fireEventImpl(EventUtil.java:74)
	at javafx.base@21/com.sun.javafx.event.EventUtil.fireEvent(EventUtil.java:54)
	at javafx.base@21/javafx.event.Event.fireEvent(Event.java:198)
	at javafx.graphics@21/javafx.scene.Scene$MouseHandler.process(Scene.java:3984)
	at javafx.graphics@21/javafx.scene.Scene.processMouseEvent(Scene.java:1890)
	at javafx.graphics@21/javafx.scene.Scene$ScenePeerListener.mouseEvent(Scene.java:2708)
	at javafx.graphics@21/com.sun.javafx.tk.quantum.GlassViewEventHandler$MouseEventNotification.run(GlassViewEventHandler.java:411)
	at javafx.graphics@21/com.sun.javafx.tk.quantum.GlassViewEventHandler$MouseEventNotification.run(GlassViewEventHandler.java:301)
	at java.base/java.security.AccessController.doPrivileged(AccessController.java:138)
	at javafx.graphics@21/com.sun.javafx.tk.quantum.GlassViewEventHandler.lambda$handleMouseEvent$2(GlassViewEventHandler.java:450)
	at javafx.graphics@21/com.sun.javafx.tk.quantum.QuantumToolkit.runWithoutRenderLock(QuantumToolkit.java:424)
	at javafx.graphics@21/com.sun.javafx.tk.quantum.GlassViewEventHandler.handleMouseEvent(GlassViewEventHandler.java:449)
	at javafx.graphics@21/com.sun.glass.ui.View.handleMouseEvent(View.java:551)
	at javafx.graphics@21/com.sun.glass.ui.View.notifyMouse(View.java:937)
	at javafx.graphics@21/com.sun.glass.ui.mac.MacView.notifyMouse(MacView.java:127)
2025-12-23 13:41:42.417 [JavaFX Application Thread] INFO  SnakesGame - Starting Snakes Application
2025-12-23 13:41:43.602 [JavaFX Application Thread] INFO  SnakesGame - Opening Create Game dialog
2025-12-23 13:41:46.050 [JavaFX Application Thread] INFO  SnakesGame - Creating new game: 11
2025-12-23 13:41:46.068 [JavaFX Application Thread] INFO  SnakesGame - UDP Transport started on port 9190
2025-12-23 13:41:46.074 [JavaFX Application Thread] WARN  SnakesGame - Failed to join with specific interface, trying default: Can't assign requested address (setsockopt failed)
2025-12-23 13:41:46.077 [JavaFX Application Thread] INFO  SnakesGame - Multicast discovery started on 239.192.0.4:9192
2025-12-23 13:41:46.082 [JavaFX Application Thread] INFO  SnakesGame - NetworkManager started successfully
2025-12-23 13:41:46.084 [JavaFX Application Thread] INFO  SnakesGame - Creating new GameEngine for new game
2025-12-23 13:41:46.089 [JavaFX Application Thread] INFO  SnakesGame - Created snake for player 1: head=Coord[x=37, y=25], tail=Coord[x=37, y=26], direction=UP
2025-12-23 13:41:46.091 [JavaFX Application Thread] INFO  SnakesGame - Player 1 joined the game with snake at Coord[x=37, y=24]
2025-12-23 13:41:46.092 [JavaFX Application Thread] INFO  SnakesGame - Master created with snake at Coord[x=37, y=24]
2025-12-23 13:41:46.092 [JavaFX Application Thread] INFO  SnakesGame - Using existing GameEngine from onStart()
2025-12-23 13:41:46.093 [JavaFX Application Thread] INFO  SnakesGame - Starting timeout checker: timeoutMs=3000, checkInterval=1500ms
2025-12-23 13:41:46.093 [JavaFX Application Thread] INFO  SnakesGame - MASTER node started for player 1
2025-12-23 13:41:46.093 [JavaFX Application Thread] INFO  SnakesGame - MASTER node started for player 1
2025-12-23 13:41:46.093 [JavaFX Application Thread] INFO  SnakesGame - Game created successfully as MASTER
2025-12-23 13:41:46.093 [JavaFX Application Thread] INFO  SnakesGame - Game created: 11
2025-12-23 13:41:46.122 [JavaFX Application Thread] INFO  SnakesGame - GameController initialized
2025-12-23 13:41:46.122 [JavaFX Application Thread] INFO  SnakesGame - GameService connected to GameController
2025-12-23 13:42:01.817 [JavaFX Application Thread] INFO  SnakesGame - Starting Snakes Application
2025-12-23 13:42:03.396 [JavaFX Application Thread] INFO  SnakesGame - Opening Lobby
2025-12-23 13:42:03.432 [JavaFX Application Thread] WARN  SnakesGame - Failed to join with specific interface, trying default: Can't assign requested address (setsockopt failed)
2025-12-23 13:42:03.433 [JavaFX Application Thread] INFO  SnakesGame - Multicast discovery started on 239.192.0.4:9192
2025-12-23 13:42:03.434 [JavaFX Application Thread] INFO  SnakesGame - Discovery service started
2025-12-23 13:42:03.434 [JavaFX Application Thread] INFO  SnakesGame - Discovery started in lobby
2025-12-23 13:45:19.404 [JavaFX Application Thread] INFO  SnakesGame - Starting Snakes Application
2025-12-23 13:45:37.955 [JavaFX Application Thread] INFO  SnakesGame - Starting Snakes Application
2025-12-23 13:45:48.785 [JavaFX Application Thread] INFO  SnakesGame - Starting Snakes Application
2025-12-23 13:45:51.108 [JavaFX Application Thread] INFO  SnakesGame - Opening Create Game dialog
2025-12-23 13:45:53.847 [JavaFX Application Thread] INFO  SnakesGame - Creating new game: й
2025-12-23 13:45:53.866 [JavaFX Application Thread] INFO  SnakesGame - UDP Transport started on port 9190
2025-12-23 13:45:53.871 [JavaFX Application Thread] WARN  SnakesGame - Failed to join with specific interface, trying loopback: Can't assign requested address (setsockopt failed)
2025-12-23 13:45:53.872 [JavaFX Application Thread] INFO  SnakesGame - Joined multicast group using loopback interface
2025-12-23 13:45:53.873 [JavaFX Application Thread] INFO  SnakesGame - Set multicast send interface to: lo0
2025-12-23 13:45:53.876 [JavaFX Application Thread] INFO  SnakesGame - Multicast discovery started on 239.192.0.4:9192
2025-12-23 13:45:53.877 [] INFO  SnakesGame - Multicast listen loop started
2025-12-23 13:45:53.881 [JavaFX Application Thread] INFO  SnakesGame - NetworkManager started successfully
2025-12-23 13:45:53.882 [JavaFX Application Thread] INFO  SnakesGame - Creating new GameEngine for new game
2025-12-23 13:45:53.888 [JavaFX Application Thread] INFO  SnakesGame - Created snake for player 1: head=Coord[x=19, y=0], tail=Coord[x=19, y=29], direction=DOWN
2025-12-23 13:45:53.890 [JavaFX Application Thread] INFO  SnakesGame - Player й joined the game with snake at Coord[x=19, y=1]
2025-12-23 13:45:53.890 [JavaFX Application Thread] INFO  SnakesGame - Master created with snake at Coord[x=19, y=1]
2025-12-23 13:45:53.891 [JavaFX Application Thread] INFO  SnakesGame - Using existing GameEngine from onStart()
2025-12-23 13:45:53.891 [JavaFX Application Thread] INFO  SnakesGame - Starting timeout checker: timeoutMs=3000, checkInterval=1500ms
2025-12-23 13:45:53.892 [JavaFX Application Thread] INFO  SnakesGame - MASTER node started for player й
2025-12-23 13:45:53.892 [JavaFX Application Thread] INFO  SnakesGame - MASTER node started for player й
2025-12-23 13:45:53.892 [JavaFX Application Thread] INFO  SnakesGame - Game created successfully as MASTER
2025-12-23 13:45:53.892 [JavaFX Application Thread] INFO  SnakesGame - Game created: й
2025-12-23 13:45:53.922 [JavaFX Application Thread] INFO  SnakesGame - GameController initialized
2025-12-23 13:45:53.922 [JavaFX Application Thread] INFO  SnakesGame - GameService connected to GameController
2025-12-23 13:45:57.837 [JavaFX Application Thread] INFO  SnakesGame - Opening Lobby
2025-12-23 13:45:57.870 [JavaFX Application Thread] WARN  SnakesGame - Failed to join with specific interface, trying loopback: Can't assign requested address (setsockopt failed)
2025-12-23 13:45:57.871 [JavaFX Application Thread] INFO  SnakesGame - Joined multicast group using loopback interface
2025-12-23 13:45:57.871 [JavaFX Application Thread] INFO  SnakesGame - Set multicast send interface to: lo0
2025-12-23 13:45:57.872 [JavaFX Application Thread] INFO  SnakesGame - Multicast discovery started on 239.192.0.4:9192
2025-12-23 13:45:57.872 [] INFO  SnakesGame - Multicast listen loop started
2025-12-23 13:45:57.873 [JavaFX Application Thread] INFO  SnakesGame - Discovery service started
2025-12-23 13:45:57.873 [JavaFX Application Thread] INFO  SnakesGame - Discovery started in lobby
2025-12-23 13:46:59.800 [JavaFX Application Thread] INFO  SnakesGame - Starting Snakes Application
2025-12-23 13:47:01.121 [JavaFX Application Thread] INFO  SnakesGame - Opening Create Game dialog
2025-12-23 13:47:03.307 [JavaFX Application Thread] INFO  SnakesGame - Creating new game: 1
2025-12-23 13:47:03.318 [JavaFX Application Thread] INFO  SnakesGame - UDP Transport started on port 9190
2025-12-23 13:47:03.321 [JavaFX Application Thread] WARN  SnakesGame - Failed to join with specific interface, trying loopback: Can't assign requested address (setsockopt failed)
2025-12-23 13:47:03.322 [JavaFX Application Thread] INFO  SnakesGame - Joined multicast group using loopback interface
2025-12-23 13:47:03.322 [JavaFX Application Thread] INFO  SnakesGame - Set multicast send interface to: lo0
2025-12-23 13:47:03.323 [JavaFX Application Thread] INFO  SnakesGame - Multicast discovery started on 239.192.0.4:9192
2025-12-23 13:47:03.324 [] INFO  SnakesGame - Multicast listen loop started
2025-12-23 13:47:03.327 [JavaFX Application Thread] INFO  SnakesGame - NetworkManager started successfully
2025-12-23 13:47:03.328 [JavaFX Application Thread] INFO  SnakesGame - Creating new GameEngine for new game
2025-12-23 13:47:03.332 [JavaFX Application Thread] INFO  SnakesGame - Created snake for player 1: head=Coord[x=0, y=3], tail=Coord[x=0, y=2], direction=DOWN
2025-12-23 13:47:03.334 [JavaFX Application Thread] INFO  SnakesGame - Player 1 joined the game with snake at Coord[x=0, y=4]
2025-12-23 13:47:03.334 [JavaFX Application Thread] INFO  SnakesGame - Master created with snake at Coord[x=0, y=4]
2025-12-23 13:47:03.335 [JavaFX Application Thread] INFO  SnakesGame - Using existing GameEngine from onStart()
2025-12-23 13:47:03.335 [JavaFX Application Thread] INFO  SnakesGame - Starting timeout checker: timeoutMs=3000, checkInterval=1500ms
2025-12-23 13:47:03.336 [JavaFX Application Thread] INFO  SnakesGame - MASTER node started for player 1
2025-12-23 13:47:03.336 [JavaFX Application Thread] INFO  SnakesGame - MASTER node started for player 1
2025-12-23 13:47:03.336 [JavaFX Application Thread] INFO  SnakesGame - Game created successfully as MASTER
2025-12-23 13:47:03.336 [JavaFX Application Thread] INFO  SnakesGame - Game created: 1
2025-12-23 13:47:03.365 [JavaFX Application Thread] INFO  SnakesGame - GameController initialized
2025-12-23 13:47:03.366 [JavaFX Application Thread] INFO  SnakesGame - GameService connected to GameController
2025-12-23 13:47:14.792 [JavaFX Application Thread] INFO  SnakesGame - Starting Snakes Application
2025-12-23 13:47:23.707 [JavaFX Application Thread] INFO  SnakesGame - Opening Lobby
2025-12-23 13:47:23.752 [JavaFX Application Thread] WARN  SnakesGame - Failed to join with specific interface, trying loopback: Can't assign requested address (setsockopt failed)
2025-12-23 13:47:23.753 [JavaFX Application Thread] INFO  SnakesGame - Joined multicast group using loopback interface
2025-12-23 13:47:23.753 [JavaFX Application Thread] INFO  SnakesGame - Set multicast send interface to: lo0
2025-12-23 13:47:23.755 [JavaFX Application Thread] INFO  SnakesGame - Multicast discovery started on 239.192.0.4:9192
2025-12-23 13:47:23.755 [] INFO  SnakesGame - Multicast listen loop started
2025-12-23 13:47:23.755 [JavaFX Application Thread] INFO  SnakesGame - Discovery service started
2025-12-23 13:47:23.755 [JavaFX Application Thread] INFO  SnakesGame - Discovery started in lobby
2025-12-23 13:50:44.307 [JavaFX Application Thread] INFO  SnakesGame - Starting Snakes Application
2025-12-23 13:50:47.033 [JavaFX Application Thread] INFO  SnakesGame - Opening Create Game dialog
2025-12-23 13:50:49.366 [JavaFX Application Thread] INFO  SnakesGame - Creating new game: 1
2025-12-23 13:50:49.384 [JavaFX Application Thread] INFO  SnakesGame - UDP Transport started on port 9190
2025-12-23 13:50:49.390 [JavaFX Application Thread] WARN  SnakesGame - Failed to join with specific interface, trying default: Can't assign requested address (setsockopt failed)
2025-12-23 13:50:49.391 [JavaFX Application Thread] INFO  SnakesGame - Joined multicast group using fallback
2025-12-23 13:50:49.394 [JavaFX Application Thread] INFO  SnakesGame - Multicast discovery started on 239.192.0.4:9192
2025-12-23 13:50:49.395 [] INFO  SnakesGame - Multicast listen loop started
2025-12-23 13:50:49.399 [JavaFX Application Thread] INFO  SnakesGame - NetworkManager started successfully
2025-12-23 13:50:49.400 [JavaFX Application Thread] INFO  SnakesGame - Creating new GameEngine for new game
2025-12-23 13:50:49.406 [JavaFX Application Thread] INFO  SnakesGame - Created snake for player 1: head=Coord[x=6, y=22], tail=Coord[x=5, y=22], direction=RIGHT
2025-12-23 13:50:49.408 [JavaFX Application Thread] INFO  SnakesGame - Player 1 joined the game with snake at Coord[x=7, y=22]
2025-12-23 13:50:49.408 [JavaFX Application Thread] INFO  SnakesGame - Master created with snake at Coord[x=7, y=22]
2025-12-23 13:50:49.409 [JavaFX Application Thread] INFO  SnakesGame - Using existing GameEngine from onStart()
2025-12-23 13:50:49.410 [JavaFX Application Thread] INFO  SnakesGame - Starting timeout checker: timeoutMs=3000, checkInterval=1500ms
2025-12-23 13:50:49.410 [JavaFX Application Thread] INFO  SnakesGame - MASTER node started for player 1
2025-12-23 13:50:49.410 [JavaFX Application Thread] INFO  SnakesGame - MASTER node started for player 1
2025-12-23 13:50:49.410 [JavaFX Application Thread] INFO  SnakesGame - Game created successfully as MASTER
2025-12-23 13:50:49.410 [JavaFX Application Thread] INFO  SnakesGame - Game created: 1
2025-12-23 13:50:49.436 [pool-2-thread-3] INFO  SnakesGame - Sent multicast announcement to 239.192.0.4:9192 (50 bytes)
2025-12-23 13:50:49.438 [JavaFX Application Thread] INFO  SnakesGame - GameController initialized
2025-12-23 13:50:49.439 [JavaFX Application Thread] INFO  SnakesGame - GameService connected to GameController
2025-12-23 13:50:50.419 [pool-2-thread-1] INFO  SnakesGame - Sent multicast announcement to 239.192.0.4:9192 (50 bytes)
2025-12-23 13:50:51.415 [pool-2-thread-1] INFO  SnakesGame - Sent multicast announcement to 239.192.0.4:9192 (50 bytes)
2025-12-23 13:50:51.516 [JavaFX Application Thread] INFO  SnakesGame - Starting Snakes Application
2025-12-23 13:50:52.416 [pool-2-thread-1] INFO  SnakesGame - Sent multicast announcement to 239.192.0.4:9192 (50 bytes)
2025-12-23 13:50:53.280 [JavaFX Application Thread] INFO  SnakesGame - Opening Lobby
2025-12-23 13:50:53.318 [JavaFX Application Thread] WARN  SnakesGame - Failed to join with specific interface, trying default: Can't assign requested address (setsockopt failed)
2025-12-23 13:50:53.318 [JavaFX Application Thread] INFO  SnakesGame - Joined multicast group using fallback
2025-12-23 13:50:53.319 [JavaFX Application Thread] INFO  SnakesGame - Multicast discovery started on 239.192.0.4:9192
2025-12-23 13:50:53.320 [] INFO  SnakesGame - Multicast listen loop started
2025-12-23 13:50:53.320 [JavaFX Application Thread] INFO  SnakesGame - Discovery service started
2025-12-23 13:50:53.320 [JavaFX Application Thread] INFO  SnakesGame - Discovery started in lobby
2025-12-23 13:50:53.414 [pool-2-thread-1] INFO  SnakesGame - Sent multicast announcement to 239.192.0.4:9192 (50 bytes)
2025-12-23 13:50:54.416 [pool-2-thread-2] INFO  SnakesGame - Sent multicast announcement to 239.192.0.4:9192 (50 bytes)
2025-12-23 13:50:55.411 [pool-2-thread-2] INFO  SnakesGame - Sent multicast announcement to 239.192.0.4:9192 (50 bytes)
2025-12-23 13:50:56.419 [pool-2-thread-2] INFO  SnakesGame - Sent multicast announcement to 239.192.0.4:9192 (50 bytes)
2025-12-23 13:50:57.415 [pool-2-thread-3] INFO  SnakesGame - Sent multicast announcement to 239.192.0.4:9192 (50 bytes)
2025-12-23 13:50:58.417 [pool-2-thread-1] INFO  SnakesGame - Sent multicast announcement to 239.192.0.4:9192 (50 bytes)
2025-12-23 13:50:59.417 [pool-2-thread-3] INFO  SnakesGame - Sent multicast announcement to 239.192.0.4:9192 (50 bytes)
2025-12-23 13:51:00.418 [pool-2-thread-1] INFO  SnakesGame - Sent multicast announcement to 239.192.0.4:9192 (50 bytes)
2025-12-23 13:51:01.415 [pool-2-thread-1] INFO  SnakesGame - Sent multicast announcement to 239.192.0.4:9192 (50 bytes)
2025-12-23 13:51:02.415 [pool-2-thread-1] INFO  SnakesGame - Sent multicast announcement to 239.192.0.4:9192 (50 bytes)
2025-12-23 13:51:03.412 [pool-2-thread-3] INFO  SnakesGame - Sent multicast announcement to 239.192.0.4:9192 (50 bytes)
2025-12-23 13:51:04.413 [pool-2-thread-3] INFO  SnakesGame - Sent multicast announcement to 239.192.0.4:9192 (50 bytes)
2025-12-23 13:51:05.415 [pool-2-thread-2] INFO  SnakesGame - Sent multicast announcement to 239.192.0.4:9192 (50 bytes)
2025-12-23 13:51:06.416 [pool-2-thread-1] INFO  SnakesGame - Sent multicast announcement to 239.192.0.4:9192 (50 bytes)
2025-12-23 13:51:07.411 [pool-2-thread-3] INFO  SnakesGame - Sent multicast announcement to 239.192.0.4:9192 (50 bytes)
2025-12-23 13:51:08.417 [pool-2-thread-3] INFO  SnakesGame - Sent multicast announcement to 239.192.0.4:9192 (50 bytes)
2025-12-23 13:51:09.413 [pool-2-thread-1] INFO  SnakesGame - Sent multicast announcement to 239.192.0.4:9192 (50 bytes)
2025-12-23 13:51:10.414 [pool-2-thread-2] INFO  SnakesGame - Sent multicast announcement to 239.192.0.4:9192 (50 bytes)
2025-12-23 13:51:11.412 [pool-2-thread-1] INFO  SnakesGame - Sent multicast announcement to 239.192.0.4:9192 (50 bytes)
2025-12-23 13:51:12.415 [pool-2-thread-3] INFO  SnakesGame - Sent multicast announcement to 239.192.0.4:9192 (50 bytes)
2025-12-23 13:51:13.416 [pool-2-thread-2] INFO  SnakesGame - Sent multicast announcement to 239.192.0.4:9192 (50 bytes)
2025-12-23 13:51:14.416 [pool-2-thread-1] INFO  SnakesGame - Sent multicast announcement to 239.192.0.4:9192 (50 bytes)
2025-12-23 13:51:15.417 [pool-2-thread-2] INFO  SnakesGame - Sent multicast announcement to 239.192.0.4:9192 (50 bytes)
2025-12-23 13:51:16.416 [pool-2-thread-2] INFO  SnakesGame - Sent multicast announcement to 239.192.0.4:9192 (50 bytes)
2025-12-23 13:51:17.413 [pool-2-thread-2] INFO  SnakesGame - Sent multicast announcement to 239.192.0.4:9192 (50 bytes)
2025-12-23 13:51:18.411 [pool-2-thread-3] INFO  SnakesGame - Sent multicast announcement to 239.192.0.4:9192 (50 bytes)
2025-12-23 13:51:19.410 [pool-2-thread-3] INFO  SnakesGame - Sent multicast announcement to 239.192.0.4:9192 (50 bytes)
2025-12-23 13:51:20.418 [pool-2-thread-3] INFO  SnakesGame - Sent multicast announcement to 239.192.0.4:9192 (50 bytes)
2025-12-23 13:51:21.417 [pool-2-thread-3] INFO  SnakesGame - Sent multicast announcement to 239.192.0.4:9192 (50 bytes)
2025-12-23 13:51:22.416 [pool-2-thread-3] INFO  SnakesGame - Sent multicast announcement to 239.192.0.4:9192 (50 bytes)
2025-12-23 13:51:23.415 [pool-2-thread-3] INFO  SnakesGame - Sent multicast announcement to 239.192.0.4:9192 (50 bytes)
2025-12-23 13:51:24.415 [pool-2-thread-2] INFO  SnakesGame - Sent multicast announcement to 239.192.0.4:9192 (50 bytes)
2025-12-23 13:51:25.416 [pool-2-thread-1] INFO  SnakesGame - Sent multicast announcement to 239.192.0.4:9192 (50 bytes)
2025-12-23 13:51:26.414 [pool-2-thread-3] INFO  SnakesGame - Sent multicast announcement to 239.192.0.4:9192 (50 bytes)
2025-12-23 13:51:27.412 [pool-2-thread-3] INFO  SnakesGame - Sent multicast announcement to 239.192.0.4:9192 (50 bytes)
2025-12-23 13:51:28.418 [pool-2-thread-3] INFO  SnakesGame - Sent multicast announcement to 239.192.0.4:9192 (50 bytes)
2025-12-23 13:51:29.413 [pool-2-thread-1] INFO  SnakesGame - Sent multicast announcement to 239.192.0.4:9192 (50 bytes)
2025-12-23 13:51:30.415 [pool-2-thread-3] INFO  SnakesGame - Sent multicast announcement to 239.192.0.4:9192 (50 bytes)
2025-12-23 13:51:31.421 [pool-2-thread-1] INFO  SnakesGame - Sent multicast announcement to 239.192.0.4:9192 (50 bytes)
2025-12-23 13:51:32.413 [pool-2-thread-1] INFO  SnakesGame - Sent multicast announcement to 239.192.0.4:9192 (50 bytes)
2025-12-23 13:51:33.418 [pool-2-thread-2] INFO  SnakesGame - Sent multicast announcement to 239.192.0.4:9192 (50 bytes)
2025-12-23 13:51:34.415 [pool-2-thread-3] INFO  SnakesGame - Sent multicast announcement to 239.192.0.4:9192 (50 bytes)
2025-12-23 13:51:35.415 [pool-2-thread-3] INFO  SnakesGame - Sent multicast announcement to 239.192.0.4:9192 (50 bytes)
2025-12-23 13:51:36.415 [pool-2-thread-2] INFO  SnakesGame - Sent multicast announcement to 239.192.0.4:9192 (50 bytes)
2025-12-23 13:51:37.413 [pool-2-thread-2] INFO  SnakesGame - Sent multicast announcement to 239.192.0.4:9192 (50 bytes)
2025-12-23 13:51:38.412 [pool-2-thread-3] INFO  SnakesGame - Sent multicast announcement to 239.192.0.4:9192 (50 bytes)
2025-12-23 13:51:39.414 [pool-2-thread-2] INFO  SnakesGame - Sent multicast announcement to 239.192.0.4:9192 (50 bytes)
2025-12-23 13:51:40.416 [pool-2-thread-2] INFO  SnakesGame - Sent multicast announcement to 239.192.0.4:9192 (50 bytes)
2025-12-23 13:51:41.413 [pool-2-thread-2] INFO  SnakesGame - Sent multicast announcement to 239.192.0.4:9192 (50 bytes)
2025-12-23 13:51:42.418 [pool-2-thread-3] INFO  SnakesGame - Sent multicast announcement to 239.192.0.4:9192 (50 bytes)
2025-12-23 13:51:43.415 [pool-2-thread-1] INFO  SnakesGame - Sent multicast announcement to 239.192.0.4:9192 (50 bytes)
2025-12-23 13:51:44.422 [pool-2-thread-3] INFO  SnakesGame - Sent multicast announcement to 239.192.0.4:9192 (50 bytes)
2025-12-23 13:51:45.411 [pool-2-thread-2] INFO  SnakesGame - Sent multicast announcement to 239.192.0.4:9192 (50 bytes)
2025-12-23 13:51:46.414 [pool-2-thread-2] INFO  SnakesGame - Sent multicast announcement to 239.192.0.4:9192 (50 bytes)
2025-12-23 13:51:47.416 [pool-2-thread-1] INFO  SnakesGame - Sent multicast announcement to 239.192.0.4:9192 (50 bytes)
2025-12-23 13:51:48.415 [pool-2-thread-3] INFO  SnakesGame - Sent multicast announcement to 239.192.0.4:9192 (50 bytes)
2025-12-23 13:51:49.415 [pool-2-thread-2] INFO  SnakesGame - Sent multicast announcement to 239.192.0.4:9192 (50 bytes)
2025-12-23 13:51:50.415 [pool-2-thread-2] INFO  SnakesGame - Sent multicast announcement to 239.192.0.4:9192 (50 bytes)
2025-12-23 13:51:51.418 [pool-2-thread-2] INFO  SnakesGame - Sent multicast announcement to 239.192.0.4:9192 (50 bytes)
2025-12-23 13:51:52.418 [pool-2-thread-1] INFO  SnakesGame - Sent multicast announcement to 239.192.0.4:9192 (50 bytes)
2025-12-23 13:51:53.426 [pool-2-thread-3] INFO  SnakesGame - Sent multicast announcement to 239.192.0.4:9192 (51 bytes)
2025-12-23 13:51:54.416 [pool-2-thread-1] INFO  SnakesGame - Sent multicast announcement to 239.192.0.4:9192 (51 bytes)
2025-12-23 13:51:55.417 [pool-2-thread-3] INFO  SnakesGame - Sent multicast announcement to 239.192.0.4:9192 (51 bytes)
2025-12-23 13:51:56.413 [pool-2-thread-3] INFO  SnakesGame - Sent multicast announcement to 239.192.0.4:9192 (51 bytes)
2025-12-23 13:51:57.419 [pool-2-thread-1] INFO  SnakesGame - Sent multicast announcement to 239.192.0.4:9192 (51 bytes)
2025-12-23 13:51:58.426 [pool-2-thread-3] INFO  SnakesGame - Sent multicast announcement to 239.192.0.4:9192 (51 bytes)
2025-12-23 13:51:59.423 [pool-2-thread-2] INFO  SnakesGame - Sent multicast announcement to 239.192.0.4:9192 (51 bytes)
2025-12-23 13:52:00.416 [pool-2-thread-2] INFO  SnakesGame - Sent multicast announcement to 239.192.0.4:9192 (51 bytes)
2025-12-23 13:52:01.413 [pool-2-thread-3] INFO  SnakesGame - Sent multicast announcement to 239.192.0.4:9192 (51 bytes)
2025-12-23 13:52:02.417 [pool-2-thread-2] INFO  SnakesGame - Sent multicast announcement to 239.192.0.4:9192 (51 bytes)
2025-12-23 13:52:03.410 [pool-2-thread-3] INFO  SnakesGame - Sent multicast announcement to 239.192.0.4:9192 (51 bytes)
2025-12-23 13:52:04.410 [pool-2-thread-3] INFO  SnakesGame - Sent multicast announcement to 239.192.0.4:9192 (51 bytes)
2025-12-23 13:52:05.415 [pool-2-thread-1] INFO  SnakesGame - Sent multicast announcement to 239.192.0.4:9192 (51 bytes)
2025-12-23 13:52:06.418 [pool-2-thread-2] INFO  SnakesGame - Sent multicast announcement to 239.192.0.4:9192 (51 bytes)
2025-12-23 13:52:07.415 [pool-2-thread-1] INFO  SnakesGame - Sent multicast announcement to 239.192.0.4:9192 (51 bytes)
2025-12-23 13:52:08.424 [pool-2-thread-2] INFO  SnakesGame - Sent multicast announcement to 239.192.0.4:9192 (51 bytes)
2025-12-23 13:52:09.414 [pool-2-thread-2] INFO  SnakesGame - Sent multicast announcement to 239.192.0.4:9192 (51 bytes)
2025-12-23 13:52:10.416 [pool-2-thread-3] INFO  SnakesGame - Sent multicast announcement to 239.192.0.4:9192 (51 bytes)
2025-12-23 13:52:11.413 [pool-2-thread-2] INFO  SnakesGame - Sent multicast announcement to 239.192.0.4:9192 (51 bytes)
2025-12-23 13:52:12.416 [pool-2-thread-3] INFO  SnakesGame - Sent multicast announcement to 239.192.0.4:9192 (51 bytes)
2025-12-23 13:52:13.417 [pool-2-thread-1] INFO  SnakesGame - Sent multicast announcement to 239.192.0.4:9192 (51 bytes)
2025-12-23 13:52:14.413 [pool-2-thread-1] INFO  SnakesGame - Sent multicast announcement to 239.192.0.4:9192 (51 bytes)
2025-12-23 13:52:15.412 [pool-2-thread-1] INFO  SnakesGame - Sent multicast announcement to 239.192.0.4:9192 (51 bytes)
2025-12-23 13:52:16.413 [pool-2-thread-1] INFO  SnakesGame - Sent multicast announcement to 239.192.0.4:9192 (51 bytes)
2025-12-23 13:52:17.413 [pool-2-thread-3] INFO  SnakesGame - Sent multicast announcement to 239.192.0.4:9192 (51 bytes)
2025-12-23 13:52:18.421 [pool-2-thread-1] INFO  SnakesGame - Sent multicast announcement to 239.192.0.4:9192 (51 bytes)
2025-12-23 13:52:19.416 [pool-2-thread-3] INFO  SnakesGame - Sent multicast announcement to 239.192.0.4:9192 (51 bytes)
2025-12-23 13:52:20.416 [pool-2-thread-1] INFO  SnakesGame - Sent multicast announcement to 239.192.0.4:9192 (51 bytes)
2025-12-23 13:52:21.419 [pool-2-thread-2] INFO  SnakesGame - Sent multicast announcement to 239.192.0.4:9192 (51 bytes)
2025-12-23 13:52:22.413 [pool-2-thread-2] INFO  SnakesGame - Sent multicast announcement to 239.192.0.4:9192 (51 bytes)
2025-12-23 13:52:23.412 [pool-2-thread-2] INFO  SnakesGame - Sent multicast announcement to 239.192.0.4:9192 (51 bytes)
2025-12-23 13:52:24.413 [pool-2-thread-3] INFO  SnakesGame - Sent multicast announcement to 239.192.0.4:9192 (51 bytes)
2025-12-23 13:52:25.413 [pool-2-thread-3] INFO  SnakesGame - Sent multicast announcement to 239.192.0.4:9192 (51 bytes)
2025-12-23 13:52:26.415 [pool-2-thread-3] INFO  SnakesGame - Sent multicast announcement to 239.192.0.4:9192 (51 bytes)
2025-12-23 13:52:27.414 [pool-2-thread-2] INFO  SnakesGame - Sent multicast announcement to 239.192.0.4:9192 (51 bytes)
2025-12-23 13:52:28.414 [pool-2-thread-2] INFO  SnakesGame - Sent multicast announcement to 239.192.0.4:9192 (51 bytes)
2025-12-23 13:52:29.413 [pool-2-thread-2] INFO  SnakesGame - Sent multicast announcement to 239.192.0.4:9192 (51 bytes)
2025-12-23 13:52:30.418 [pool-2-thread-1] INFO  SnakesGame - Sent multicast announcement to 239.192.0.4:9192 (51 bytes)
2025-12-23 13:52:31.413 [pool-2-thread-1] INFO  SnakesGame - Sent multicast announcement to 239.192.0.4:9192 (51 bytes)
2025-12-23 13:52:32.412 [pool-2-thread-1] INFO  SnakesGame - Sent multicast announcement to 239.192.0.4:9192 (51 bytes)
2025-12-23 13:52:33.413 [pool-2-thread-2] INFO  SnakesGame - Sent multicast announcement to 239.192.0.4:9192 (51 bytes)
2025-12-23 13:52:34.412 [pool-2-thread-2] INFO  SnakesGame - Sent multicast announcement to 239.192.0.4:9192 (51 bytes)
2025-12-23 13:52:35.411 [pool-2-thread-3] INFO  SnakesGame - Sent multicast announcement to 239.192.0.4:9192 (51 bytes)
2025-12-23 13:52:36.413 [pool-2-thread-1] INFO  SnakesGame - Sent multicast announcement to 239.192.0.4:9192 (51 bytes)
2025-12-23 13:52:37.410 [pool-2-thread-1] INFO  SnakesGame - Sent multicast announcement to 239.192.0.4:9192 (51 bytes)
2025-12-23 13:52:38.414 [pool-2-thread-1] INFO  SnakesGame - Sent multicast announcement to 239.192.0.4:9192 (51 bytes)
2025-12-23 13:52:39.412 [pool-2-thread-3] INFO  SnakesGame - Sent multicast announcement to 239.192.0.4:9192 (51 bytes)
2025-12-23 13:52:43.155 [JavaFX Application Thread] INFO  SnakesGame - Starting Snakes Application
2025-12-23 13:52:54.798 [JavaFX Application Thread] INFO  SnakesGame - Starting Snakes Application
2025-12-23 13:52:58.344 [JavaFX Application Thread] INFO  SnakesGame - Starting Snakes Application
2025-12-23 13:52:59.852 [JavaFX Application Thread] INFO  SnakesGame - Opening Create Game dialog
2025-12-23 13:53:03.199 [JavaFX Application Thread] INFO  SnakesGame - Creating new game: 1
2025-12-23 13:53:03.220 [JavaFX Application Thread] INFO  SnakesGame - UDP Transport started on port 9190
2025-12-23 13:53:03.225 [JavaFX Application Thread] WARN  SnakesGame - Failed to join with specific interface, trying default: Can't assign requested address (setsockopt failed)
2025-12-23 13:53:03.226 [JavaFX Application Thread] INFO  SnakesGame - Joined multicast group using loopback fallback
2025-12-23 13:53:03.226 [JavaFX Application Thread] INFO  SnakesGame - Set multicast send interface to: lo0
2025-12-23 13:53:03.229 [JavaFX Application Thread] INFO  SnakesGame - Multicast discovery started on 239.192.0.4:9192
2025-12-23 13:53:03.229 [] INFO  SnakesGame - Multicast listen loop started
2025-12-23 13:53:03.232 [JavaFX Application Thread] INFO  SnakesGame - NetworkManager started successfully
2025-12-23 13:53:03.234 [JavaFX Application Thread] INFO  SnakesGame - Creating new GameEngine for new game
2025-12-23 13:53:03.239 [JavaFX Application Thread] INFO  SnakesGame - Created snake for player 1: head=Coord[x=26, y=7], tail=Coord[x=27, y=7], direction=LEFT
2025-12-23 13:53:03.241 [JavaFX Application Thread] INFO  SnakesGame - Player 1 joined the game with snake at Coord[x=25, y=7]
2025-12-23 13:53:03.241 [JavaFX Application Thread] INFO  SnakesGame - Master created with snake at Coord[x=25, y=7]
2025-12-23 13:53:03.242 [JavaFX Application Thread] INFO  SnakesGame - Using existing GameEngine from onStart()
2025-12-23 13:53:03.243 [JavaFX Application Thread] INFO  SnakesGame - Starting timeout checker: timeoutMs=3000, checkInterval=1500ms
2025-12-23 13:53:03.243 [JavaFX Application Thread] INFO  SnakesGame - MASTER node started for player 1
2025-12-23 13:53:03.243 [JavaFX Application Thread] INFO  SnakesGame - MASTER node started for player 1
2025-12-23 13:53:03.243 [JavaFX Application Thread] INFO  SnakesGame - Game created successfully as MASTER
2025-12-23 13:53:03.243 [JavaFX Application Thread] INFO  SnakesGame - Game created: 1
2025-12-23 13:53:03.272 [pool-2-thread-3] INFO  SnakesGame - Sent multicast announcement to 239.192.0.4:9192 (50 bytes)
2025-12-23 13:53:03.274 [JavaFX Application Thread] INFO  SnakesGame - GameController initialized
2025-12-23 13:53:03.275 [JavaFX Application Thread] INFO  SnakesGame - GameService connected to GameController
2025-12-23 13:53:04.252 [pool-2-thread-1] INFO  SnakesGame - Sent multicast announcement to 239.192.0.4:9192 (50 bytes)
2025-12-23 13:53:05.243 [pool-2-thread-1] INFO  SnakesGame - Sent multicast announcement to 239.192.0.4:9192 (50 bytes)
2025-12-23 13:53:06.003 [JavaFX Application Thread] INFO  SnakesGame - Opening Lobby
2025-12-23 13:53:06.047 [JavaFX Application Thread] WARN  SnakesGame - Failed to join with specific interface, trying default: Can't assign requested address (setsockopt failed)
2025-12-23 13:53:06.048 [JavaFX Application Thread] INFO  SnakesGame - Joined multicast group using loopback fallback
2025-12-23 13:53:06.048 [JavaFX Application Thread] INFO  SnakesGame - Set multicast send interface to: lo0
2025-12-23 13:53:06.050 [JavaFX Application Thread] INFO  SnakesGame - Multicast discovery started on 239.192.0.4:9192
2025-12-23 13:53:06.050 [] INFO  SnakesGame - Multicast listen loop started
2025-12-23 13:53:06.050 [JavaFX Application Thread] INFO  SnakesGame - Discovery service started
2025-12-23 13:53:06.050 [JavaFX Application Thread] INFO  SnakesGame - Discovery started in lobby
2025-12-23 13:53:06.247 [pool-2-thread-1] INFO  SnakesGame - Sent multicast announcement to 239.192.0.4:9192 (50 bytes)
2025-12-23 13:53:07.250 [pool-2-thread-2] INFO  SnakesGame - Sent multicast announcement to 239.192.0.4:9192 (50 bytes)
2025-12-23 13:53:08.250 [pool-2-thread-3] INFO  SnakesGame - Sent multicast announcement to 239.192.0.4:9192 (50 bytes)
2025-12-23 13:53:09.252 [pool-2-thread-2] INFO  SnakesGame - Sent multicast announcement to 239.192.0.4:9192 (50 bytes)
2025-12-23 13:53:10.255 [pool-2-thread-3] INFO  SnakesGame - Sent multicast announcement to 239.192.0.4:9192 (50 bytes)
2025-12-23 13:53:11.251 [pool-2-thread-1] INFO  SnakesGame - Sent multicast announcement to 239.192.0.4:9192 (50 bytes)
2025-12-23 13:53:12.249 [pool-2-thread-1] INFO  SnakesGame - Sent multicast announcement to 239.192.0.4:9192 (50 bytes)
2025-12-23 13:53:13.249 [pool-2-thread-2] INFO  SnakesGame - Sent multicast announcement to 239.192.0.4:9192 (50 bytes)
2025-12-23 13:53:14.253 [pool-2-thread-1] INFO  SnakesGame - Sent multicast announcement to 239.192.0.4:9192 (50 bytes)
2025-12-23 13:53:15.244 [pool-2-thread-1] INFO  SnakesGame - Sent multicast announcement to 239.192.0.4:9192 (50 bytes)
2025-12-23 13:53:16.245 [pool-2-thread-1] INFO  SnakesGame - Sent multicast announcement to 239.192.0.4:9192 (50 bytes)
2025-12-23 13:53:17.250 [pool-2-thread-2] INFO  SnakesGame - Sent multicast announcement to 239.192.0.4:9192 (50 bytes)
2025-12-23 13:53:18.248 [pool-2-thread-2] INFO  SnakesGame - Sent multicast announcement to 239.192.0.4:9192 (50 bytes)
2025-12-23 13:55:15.067 [JavaFX Application Thread] INFO  SnakesGame - Starting Snakes Application
2025-12-23 13:55:16.697 [JavaFX Application Thread] INFO  SnakesGame - Opening Create Game dialog
2025-12-23 13:55:18.399 [JavaFX Application Thread] INFO  SnakesGame - Starting Snakes Application
2025-12-23 13:55:22.262 [JavaFX Application Thread] INFO  SnakesGame - Creating new game: 1
2025-12-23 13:55:22.275 [JavaFX Application Thread] INFO  SnakesGame - UDP Transport started on port 9190
2025-12-23 13:55:22.276 [JavaFX Application Thread] INFO  SnakesGame - Looking for suitable multicast interface...
2025-12-23 13:55:22.280 [JavaFX Application Thread] INFO  SnakesGame - Found suitable interface: utun4 with IPv4: 198.18.0.1
2025-12-23 13:55:22.281 [JavaFX Application Thread] INFO  SnakesGame - Joined multicast group using interface: utun4 (utun4)
2025-12-23 13:55:22.281 [JavaFX Application Thread] INFO  SnakesGame - Set multicast send interface to: utun4 (utun4)
2025-12-23 13:55:22.283 [JavaFX Application Thread] INFO  SnakesGame - Multicast discovery started on 239.192.0.4:9192
2025-12-23 13:55:22.284 [] INFO  SnakesGame - Multicast listen loop started
2025-12-23 13:55:22.287 [JavaFX Application Thread] INFO  SnakesGame - NetworkManager started successfully
2025-12-23 13:55:22.289 [JavaFX Application Thread] INFO  SnakesGame - Creating new GameEngine for new game
2025-12-23 13:55:22.295 [JavaFX Application Thread] INFO  SnakesGame - Created snake for player 1: head=Coord[x=2, y=8], tail=Coord[x=3, y=8], direction=LEFT
2025-12-23 13:55:22.297 [JavaFX Application Thread] INFO  SnakesGame - Player 1 joined the game with snake at Coord[x=1, y=8]
2025-12-23 13:55:22.297 [JavaFX Application Thread] INFO  SnakesGame - Master created with snake at Coord[x=1, y=8]
2025-12-23 13:55:22.298 [JavaFX Application Thread] INFO  SnakesGame - Using existing GameEngine from onStart()
2025-12-23 13:55:22.299 [JavaFX Application Thread] INFO  SnakesGame - Starting timeout checker: timeoutMs=3000, checkInterval=1500ms
2025-12-23 13:55:22.299 [JavaFX Application Thread] INFO  SnakesGame - MASTER node started for player 1
2025-12-23 13:55:22.299 [JavaFX Application Thread] INFO  SnakesGame - MASTER node started for player 1
2025-12-23 13:55:22.299 [JavaFX Application Thread] INFO  SnakesGame - Game created successfully as MASTER
2025-12-23 13:55:22.299 [JavaFX Application Thread] INFO  SnakesGame - Game created: 1
2025-12-23 13:55:22.329 [pool-2-thread-3] INFO  SnakesGame - Sent multicast announcement to 239.192.0.4:9192 (50 bytes)
2025-12-23 13:55:22.331 [JavaFX Application Thread] INFO  SnakesGame - GameController initialized
2025-12-23 13:55:22.331 [JavaFX Application Thread] INFO  SnakesGame - GameService connected to GameController
2025-12-23 13:55:22.333 [] INFO  SnakesGame - Discovered game: 1 from /198.18.0.1:9190
2025-12-23 13:55:23.306 [pool-2-thread-3] INFO  SnakesGame - Sent multicast announcement to 239.192.0.4:9192 (50 bytes)
2025-12-23 13:55:23.310 [] INFO  SnakesGame - Discovered game: 1 from /198.18.0.1:9190
2025-12-23 13:55:24.299 [pool-2-thread-3] INFO  SnakesGame - Sent multicast announcement to 239.192.0.4:9192 (50 bytes)
2025-12-23 13:55:24.299 [] INFO  SnakesGame - Discovered game: 1 from /198.18.0.1:9190
2025-12-23 13:55:25.301 [pool-2-thread-3] INFO  SnakesGame - Sent multicast announcement to 239.192.0.4:9192 (50 bytes)
2025-12-23 13:55:25.301 [] INFO  SnakesGame - Discovered game: 1 from /198.18.0.1:9190
2025-12-23 13:55:25.363 [JavaFX Application Thread] INFO  SnakesGame - Opening Lobby
2025-12-23 13:55:25.395 [JavaFX Application Thread] INFO  SnakesGame - Looking for suitable multicast interface...
2025-12-23 13:55:25.397 [JavaFX Application Thread] INFO  SnakesGame - Found suitable interface: utun4 with IPv4: 198.18.0.1
2025-12-23 13:55:25.398 [JavaFX Application Thread] INFO  SnakesGame - Joined multicast group using interface: utun4 (utun4)
2025-12-23 13:55:25.398 [JavaFX Application Thread] INFO  SnakesGame - Set multicast send interface to: utun4 (utun4)
2025-12-23 13:55:25.399 [JavaFX Application Thread] INFO  SnakesGame - Multicast discovery started on 239.192.0.4:9192
2025-12-23 13:55:25.399 [] INFO  SnakesGame - Multicast listen loop started
2025-12-23 13:55:25.400 [JavaFX Application Thread] INFO  SnakesGame - Discovery service started
2025-12-23 13:55:25.400 [JavaFX Application Thread] INFO  SnakesGame - Discovery started in lobby
2025-12-23 13:55:26.310 [pool-2-thread-2] INFO  SnakesGame - Sent multicast announcement to 239.192.0.4:9192 (50 bytes)
2025-12-23 13:55:26.312 [] INFO  SnakesGame - Discovered game: 1 from /198.18.0.1:9190
2025-12-23 13:55:26.344 [] INFO  SnakesGame - Discovered new game: 1 at /198.18.0.1:9190
2025-12-23 13:55:26.345 [] INFO  SnakesGame - Discovered game: 1 from /198.18.0.1:9190
2025-12-23 13:55:26.345 [JavaFX Application Thread] INFO  SnakesGame - Game added to lobby: 1 at /198.18.0.1:9190
2025-12-23 13:55:27.306 [pool-2-thread-3] INFO  SnakesGame - Sent multicast announcement to 239.192.0.4:9192 (50 bytes)
2025-12-23 13:55:27.310 [] INFO  SnakesGame - Discovered game: 1 from /198.18.0.1:9190
2025-12-23 13:55:27.310 [] INFO  SnakesGame - Discovered game: 1 from /198.18.0.1:9190
2025-12-23 13:55:28.307 [pool-2-thread-2] INFO  SnakesGame - Sent multicast announcement to 239.192.0.4:9192 (50 bytes)
2025-12-23 13:55:28.308 [] INFO  SnakesGame - Discovered game: 1 from /198.18.0.1:9190
2025-12-23 13:55:28.308 [] INFO  SnakesGame - Discovered game: 1 from /198.18.0.1:9190
2025-12-23 13:55:29.303 [pool-2-thread-1] INFO  SnakesGame - Sent multicast announcement to 239.192.0.4:9192 (50 bytes)
2025-12-23 13:55:29.305 [] INFO  SnakesGame - Discovered game: 1 from /198.18.0.1:9190
2025-12-23 13:55:29.305 [] INFO  SnakesGame - Discovered game: 1 from /198.18.0.1:9190
2025-12-23 13:55:30.307 [pool-2-thread-2] INFO  SnakesGame - Sent multicast announcement to 239.192.0.4:9192 (50 bytes)
2025-12-23 13:55:30.309 [] INFO  SnakesGame - Discovered game: 1 from /198.18.0.1:9190
2025-12-23 13:55:30.309 [] INFO  SnakesGame - Discovered game: 1 from /198.18.0.1:9190
2025-12-23 13:55:31.301 [pool-2-thread-1] INFO  SnakesGame - Sent multicast announcement to 239.192.0.4:9192 (50 bytes)
2025-12-23 13:55:31.302 [] INFO  SnakesGame - Discovered game: 1 from /198.18.0.1:9190
2025-12-23 13:55:31.301 [] INFO  SnakesGame - Discovered game: 1 from /198.18.0.1:9190
2025-12-23 13:55:32.309 [pool-2-thread-3] INFO  SnakesGame - Sent multicast announcement to 239.192.0.4:9192 (50 bytes)
2025-12-23 13:55:32.311 [] INFO  SnakesGame - Discovered game: 1 from /198.18.0.1:9190
2025-12-23 13:55:32.311 [] INFO  SnakesGame - Discovered game: 1 from /198.18.0.1:9190
2025-12-23 13:55:33.305 [pool-2-thread-2] INFO  SnakesGame - Sent multicast announcement to 239.192.0.4:9192 (50 bytes)
2025-12-23 13:55:33.306 [] INFO  SnakesGame - Discovered game: 1 from /198.18.0.1:9190
2025-12-23 13:55:33.306 [] INFO  SnakesGame - Discovered game: 1 from /198.18.0.1:9190
2025-12-23 13:55:34.304 [pool-2-thread-1] INFO  SnakesGame - Sent multicast announcement to 239.192.0.4:9192 (50 bytes)
2025-12-23 13:55:34.305 [] INFO  SnakesGame - Discovered game: 1 from /198.18.0.1:9190
2025-12-23 13:55:34.305 [] INFO  SnakesGame - Discovered game: 1 from /198.18.0.1:9190
2025-12-23 13:55:35.306 [pool-2-thread-3] INFO  SnakesGame - Sent multicast announcement to 239.192.0.4:9192 (50 bytes)
2025-12-23 13:55:35.307 [] INFO  SnakesGame - Discovered game: 1 from /198.18.0.1:9190
2025-12-23 13:55:35.307 [] INFO  SnakesGame - Discovered game: 1 from /198.18.0.1:9190
2025-12-23 13:55:35.750 [JavaFX Application Thread] INFO  SnakesGame - Connecting to master at /198.18.0.1:9190
2025-12-23 13:55:35.752 [JavaFX Application Thread] INFO  SnakesGame - Joining game: 1
2025-12-23 13:55:35.755 [JavaFX Application Thread] INFO  SnakesGame - UDP Transport started on port 59095
2025-12-23 13:55:35.755 [JavaFX Application Thread] INFO  SnakesGame - Looking for suitable multicast interface...
2025-12-23 13:55:35.756 [JavaFX Application Thread] INFO  SnakesGame - Found suitable interface: utun4 with IPv4: 198.18.0.1
2025-12-23 13:55:35.756 [JavaFX Application Thread] INFO  SnakesGame - Joined multicast group using interface: utun4 (utun4)
2025-12-23 13:55:35.756 [JavaFX Application Thread] INFO  SnakesGame - Set multicast send interface to: utun4 (utun4)
2025-12-23 13:55:35.756 [JavaFX Application Thread] INFO  SnakesGame - Multicast discovery started on 239.192.0.4:9192
2025-12-23 13:55:35.756 [] INFO  SnakesGame - Multicast listen loop started
2025-12-23 13:55:35.757 [JavaFX Application Thread] INFO  SnakesGame - NetworkManager started successfully
2025-12-23 13:55:35.760 [JavaFX Application Thread] INFO  SnakesGame - NormalNode started, master at /198.18.0.1:9190
2025-12-23 13:55:35.760 [JavaFX Application Thread] INFO  SnakesGame - NORMAL node started for player 2
2025-12-23 13:55:35.763 [JavaFX Application Thread] INFO  SnakesGame - Join request sent to master at /198.18.0.1:9190
2025-12-23 13:55:35.763 [JavaFX Application Thread] INFO  SnakesGame - Client started, waiting for role assignment
2025-12-23 13:55:35.763 [JavaFX Application Thread] INFO  SnakesGame - Joined game: 1
2025-12-23 13:55:35.764 [JavaFX Application Thread] INFO  SnakesGame - Found suitable interface: utun4 with IPv4: 198.18.0.1
2025-12-23 13:55:35.764 [JavaFX Application Thread] INFO  SnakesGame - Multicast discovery stopped
2025-12-23 13:55:35.764 [JavaFX Application Thread] INFO  SnakesGame - Discovery service stopped
2025-12-23 13:55:35.764 [] INFO  SnakesGame - Multicast listen loop stopped
2025-12-23 13:55:35.774 [JavaFX Application Thread] INFO  SnakesGame - GameController initialized
2025-12-23 13:55:35.774 [JavaFX Application Thread] INFO  SnakesGame - GameService connected to GameController
2025-12-23 13:55:36.266 [] WARN  SnakesGame - Retransmitting seq=0 to /198.18.0.1:9190 (retry 1)
2025-12-23 13:55:36.304 [pool-2-thread-2] INFO  SnakesGame - Sent multicast announcement to 239.192.0.4:9192 (50 bytes)
2025-12-23 13:55:36.304 [] INFO  SnakesGame - Discovered game: 1 from /198.18.0.1:9190
2025-12-23 13:55:36.305 [] INFO  SnakesGame - Discovered game: 1 from /198.18.0.1:9190
2025-12-23 13:55:36.780 [] WARN  SnakesGame - Retransmitting seq=0 to /198.18.0.1:9190 (retry 2)
2025-12-23 13:55:37.290 [] WARN  SnakesGame - Retransmitting seq=0 to /198.18.0.1:9190 (retry 3)
2025-12-23 13:55:37.292 [] WARN  SnakesGame - Retransmitting seq=1 to /198.18.0.1:9190 (retry 1)
2025-12-23 13:55:37.306 [pool-2-thread-1] INFO  SnakesGame - Sent multicast announcement to 239.192.0.4:9192 (50 bytes)
2025-12-23 13:55:37.306 [] INFO  SnakesGame - Discovered game: 1 from /198.18.0.1:9190
2025-12-23 13:55:37.306 [] INFO  SnakesGame - Discovered game: 1 from /198.18.0.1:9190
2025-12-23 13:55:37.801 [] WARN  SnakesGame - Retransmitting seq=0 to /198.18.0.1:9190 (retry 4)
2025-12-23 13:55:37.804 [] WARN  SnakesGame - Retransmitting seq=1 to /198.18.0.1:9190 (retry 2)
2025-12-23 13:55:38.305 [pool-2-thread-2] INFO  SnakesGame - Sent multicast announcement to 239.192.0.4:9192 (50 bytes)
2025-12-23 13:55:38.306 [] INFO  SnakesGame - Discovered game: 1 from /198.18.0.1:9190
2025-12-23 13:55:38.307 [] INFO  SnakesGame - Discovered game: 1 from /198.18.0.1:9190
2025-12-23 13:55:38.308 [] WARN  SnakesGame - Retransmitting seq=0 to /198.18.0.1:9190 (retry 5)
2025-12-23 13:55:38.308 [] WARN  SnakesGame - Retransmitting seq=1 to /198.18.0.1:9190 (retry 3)
2025-12-23 13:55:38.308 [] WARN  SnakesGame - Retransmitting seq=2 to /198.18.0.1:9190 (retry 1)
2025-12-23 13:55:38.564 [] ERROR SnakesGame - Message seq=0 to /198.18.0.1:9190 failed after 5 retries
2025-12-23 13:55:38.766 [pool-2-thread-2] WARN  SnakesGame - Master timed out, but deputy is unknown (no state yet?)
2025-12-23 13:55:38.817 [] WARN  SnakesGame - Retransmitting seq=1 to /198.18.0.1:9190 (retry 4)
2025-12-23 13:55:38.818 [] WARN  SnakesGame - Retransmitting seq=2 to /198.18.0.1:9190 (retry 2)
2025-12-23 13:55:38.964 [pool-2-thread-2] WARN  SnakesGame - Master timed out, but deputy is unknown (no state yet?)
2025-12-23 13:55:39.165 [pool-2-thread-2] WARN  SnakesGame - Master timed out, but deputy is unknown (no state yet?)
2025-12-23 13:55:39.304 [pool-2-thread-1] INFO  SnakesGame - Sent multicast announcement to 239.192.0.4:9192 (50 bytes)
2025-12-23 13:55:39.305 [] INFO  SnakesGame - Discovered game: 1 from /198.18.0.1:9190
2025-12-23 13:55:39.305 [] INFO  SnakesGame - Discovered game: 1 from /198.18.0.1:9190
2025-12-23 13:55:39.328 [] WARN  SnakesGame - Retransmitting seq=1 to /198.18.0.1:9190 (retry 5)
2025-12-23 13:55:39.328 [] WARN  SnakesGame - Retransmitting seq=2 to /198.18.0.1:9190 (retry 3)
2025-12-23 13:55:39.328 [] WARN  SnakesGame - Retransmitting seq=3 to /198.18.0.1:9190 (retry 1)
2025-12-23 13:55:39.361 [pool-2-thread-2] WARN  SnakesGame - Master timed out, but deputy is unknown (no state yet?)
2025-12-23 13:55:39.565 [pool-2-thread-2] WARN  SnakesGame - Master timed out, but deputy is unknown (no state yet?)
2025-12-23 13:55:39.583 [] ERROR SnakesGame - Message seq=1 to /198.18.0.1:9190 failed after 5 retries
2025-12-23 13:55:39.764 [pool-2-thread-2] WARN  SnakesGame - Master timed out, but deputy is unknown (no state yet?)
2025-12-23 13:55:39.841 [] WARN  SnakesGame - Retransmitting seq=2 to /198.18.0.1:9190 (retry 4)
2025-12-23 13:55:39.843 [] WARN  SnakesGame - Retransmitting seq=3 to /198.18.0.1:9190 (retry 2)
2025-12-23 13:55:39.965 [pool-2-thread-2] WARN  SnakesGame - Master timed out, but deputy is unknown (no state yet?)
2025-12-23 13:55:40.162 [pool-2-thread-2] WARN  SnakesGame - Master timed out, but deputy is unknown (no state yet?)
2025-12-23 13:55:40.306 [pool-2-thread-1] INFO  SnakesGame - Sent multicast announcement to 239.192.0.4:9192 (50 bytes)
2025-12-23 13:55:40.309 [] INFO  SnakesGame - Discovered game: 1 from /198.18.0.1:9190
2025-12-23 13:55:40.309 [] INFO  SnakesGame - Discovered game: 1 from /198.18.0.1:9190
2025-12-23 13:55:40.347 [] WARN  SnakesGame - Retransmitting seq=2 to /198.18.0.1:9190 (retry 5)
2025-12-23 13:55:40.347 [] WARN  SnakesGame - Retransmitting seq=3 to /198.18.0.1:9190 (retry 3)
2025-12-23 13:55:40.347 [] WARN  SnakesGame - Retransmitting seq=4 to /198.18.0.1:9190 (retry 1)
2025-12-23 13:55:40.361 [pool-2-thread-2] WARN  SnakesGame - Master timed out, but deputy is unknown (no state yet?)
2025-12-23 13:55:40.560 [pool-2-thread-2] WARN  SnakesGame - Master timed out, but deputy is unknown (no state yet?)
2025-12-23 13:55:40.598 [] ERROR SnakesGame - Message seq=2 to /198.18.0.1:9190 failed after 5 retries
2025-12-23 13:55:40.761 [pool-2-thread-2] WARN  SnakesGame - Master timed out, but deputy is unknown (no state yet?)
2025-12-23 13:55:40.854 [] WARN  SnakesGame - Retransmitting seq=3 to /198.18.0.1:9190 (retry 4)
2025-12-23 13:55:40.855 [] WARN  SnakesGame - Retransmitting seq=4 to /198.18.0.1:9190 (retry 2)
2025-12-23 13:55:40.961 [pool-2-thread-2] WARN  SnakesGame - Master timed out, but deputy is unknown (no state yet?)
2025-12-23 13:55:41.165 [pool-2-thread-2] WARN  SnakesGame - Master timed out, but deputy is unknown (no state yet?)
2025-12-23 13:55:41.301 [pool-2-thread-1] INFO  SnakesGame - Sent multicast announcement to 239.192.0.4:9192 (50 bytes)
2025-12-23 13:55:41.301 [] INFO  SnakesGame - Discovered game: 1 from /198.18.0.1:9190
2025-12-23 13:55:41.301 [] INFO  SnakesGame - Discovered game: 1 from /198.18.0.1:9190
2025-12-23 13:55:41.365 [pool-2-thread-2] WARN  SnakesGame - Master timed out, but deputy is unknown (no state yet?)
2025-12-23 13:55:41.366 [] WARN  SnakesGame - Retransmitting seq=3 to /198.18.0.1:9190 (retry 5)
2025-12-23 13:55:41.367 [] WARN  SnakesGame - Retransmitting seq=4 to /198.18.0.1:9190 (retry 3)
2025-12-23 13:55:41.367 [] WARN  SnakesGame - Retransmitting seq=5 to /198.18.0.1:9190 (retry 1)
2025-12-23 13:55:41.560 [pool-2-thread-2] WARN  SnakesGame - Master timed out, but deputy is unknown (no state yet?)
2025-12-23 13:55:41.620 [] ERROR SnakesGame - Message seq=3 to /198.18.0.1:9190 failed after 5 retries
2025-12-23 13:55:41.761 [pool-2-thread-2] WARN  SnakesGame - Master timed out, but deputy is unknown (no state yet?)
2025-12-23 13:55:41.877 [] WARN  SnakesGame - Retransmitting seq=4 to /198.18.0.1:9190 (retry 4)
2025-12-23 13:55:41.878 [] WARN  SnakesGame - Retransmitting seq=5 to /198.18.0.1:9190 (retry 2)
2025-12-23 13:55:41.961 [pool-2-thread-2] WARN  SnakesGame - Master timed out, but deputy is unknown (no state yet?)
2025-12-23 13:55:42.161 [pool-2-thread-2] WARN  SnakesGame - Master timed out, but deputy is unknown (no state yet?)
2025-12-23 13:55:42.305 [pool-2-thread-3] INFO  SnakesGame - Sent multicast announcement to 239.192.0.4:9192 (50 bytes)
2025-12-23 13:55:42.312 [] INFO  SnakesGame - Discovered game: 1 from /198.18.0.1:9190
2025-12-23 13:55:42.312 [] INFO  SnakesGame - Discovered game: 1 from /198.18.0.1:9190
2025-12-23 13:55:42.361 [pool-2-thread-2] WARN  SnakesGame - Master timed out, but deputy is unknown (no state yet?)
2025-12-23 13:55:42.393 [] WARN  SnakesGame - Retransmitting seq=4 to /198.18.0.1:9190 (retry 5)
2025-12-23 13:55:42.394 [] WARN  SnakesGame - Retransmitting seq=5 to /198.18.0.1:9190 (retry 3)
2025-12-23 13:55:42.395 [] WARN  SnakesGame - Retransmitting seq=6 to /198.18.0.1:9190 (retry 1)
2025-12-23 13:55:42.565 [pool-2-thread-2] WARN  SnakesGame - Master timed out, but deputy is unknown (no state yet?)
2025-12-23 13:55:42.649 [] ERROR SnakesGame - Message seq=4 to /198.18.0.1:9190 failed after 5 retries
2025-12-23 13:55:42.762 [pool-2-thread-2] WARN  SnakesGame - Master timed out, but deputy is unknown (no state yet?)
2025-12-23 13:55:42.907 [] WARN  SnakesGame - Retransmitting seq=5 to /198.18.0.1:9190 (retry 4)
2025-12-23 13:55:42.910 [] WARN  SnakesGame - Retransmitting seq=6 to /198.18.0.1:9190 (retry 2)
2025-12-23 13:55:42.961 [pool-2-thread-2] WARN  SnakesGame - Master timed out, but deputy is unknown (no state yet?)
2025-12-23 13:55:43.165 [pool-2-thread-2] WARN  SnakesGame - Master timed out, but deputy is unknown (no state yet?)
2025-12-23 13:55:43.303 [pool-2-thread-3] INFO  SnakesGame - Sent multicast announcement to 239.192.0.4:9192 (50 bytes)
2025-12-23 13:55:43.303 [] INFO  SnakesGame - Discovered game: 1 from /198.18.0.1:9190
2025-12-23 13:55:43.303 [] INFO  SnakesGame - Discovered game: 1 from /198.18.0.1:9190
2025-12-23 13:55:43.360 [pool-2-thread-2] WARN  SnakesGame - Master timed out, but deputy is unknown (no state yet?)
2025-12-23 13:55:43.420 [] WARN  SnakesGame - Retransmitting seq=5 to /198.18.0.1:9190 (retry 5)
2025-12-23 13:55:43.420 [] WARN  SnakesGame - Retransmitting seq=6 to /198.18.0.1:9190 (retry 3)
2025-12-23 13:55:43.420 [] WARN  SnakesGame - Retransmitting seq=7 to /198.18.0.1:9190 (retry 1)
2025-12-23 13:55:43.561 [pool-2-thread-2] WARN  SnakesGame - Master timed out, but deputy is unknown (no state yet?)
2025-12-23 13:55:43.674 [] ERROR SnakesGame - Message seq=5 to /198.18.0.1:9190 failed after 5 retries
2025-12-23 13:55:43.764 [pool-2-thread-2] WARN  SnakesGame - Master timed out, but deputy is unknown (no state yet?)
2025-12-23 13:55:43.930 [] WARN  SnakesGame - Retransmitting seq=6 to /198.18.0.1:9190 (retry 4)
2025-12-23 13:55:43.931 [] WARN  SnakesGame - Retransmitting seq=7 to /198.18.0.1:9190 (retry 2)
2025-12-23 13:55:43.961 [pool-2-thread-2] WARN  SnakesGame - Master timed out, but deputy is unknown (no state yet?)
2025-12-23 13:55:44.165 [pool-2-thread-2] WARN  SnakesGame - Master timed out, but deputy is unknown (no state yet?)
2025-12-23 13:55:44.303 [pool-2-thread-3] INFO  SnakesGame - Sent multicast announcement to 239.192.0.4:9192 (50 bytes)
2025-12-23 13:55:44.303 [] INFO  SnakesGame - Discovered game: 1 from /198.18.0.1:9190
2025-12-23 13:55:44.303 [] INFO  SnakesGame - Discovered game: 1 from /198.18.0.1:9190
2025-12-23 13:55:44.364 [pool-2-thread-2] WARN  SnakesGame - Master timed out, but deputy is unknown (no state yet?)
2025-12-23 13:55:44.433 [] WARN  SnakesGame - Retransmitting seq=6 to /198.18.0.1:9190 (retry 5)
2025-12-23 13:55:44.434 [] WARN  SnakesGame - Retransmitting seq=7 to /198.18.0.1:9190 (retry 3)
2025-12-23 13:55:44.435 [] WARN  SnakesGame - Retransmitting seq=8 to /198.18.0.1:9190 (retry 1)
2025-12-23 13:55:44.562 [pool-2-thread-2] WARN  SnakesGame - Master timed out, but deputy is unknown (no state yet?)
2025-12-23 13:55:44.687 [] ERROR SnakesGame - Message seq=6 to /198.18.0.1:9190 failed after 5 retries
2025-12-23 13:55:44.762 [pool-2-thread-1] WARN  SnakesGame - Master timed out, but deputy is unknown (no state yet?)
2025-12-23 13:55:44.942 [] WARN  SnakesGame - Retransmitting seq=7 to /198.18.0.1:9190 (retry 4)
2025-12-23 13:55:44.942 [] WARN  SnakesGame - Retransmitting seq=8 to /198.18.0.1:9190 (retry 2)
2025-12-23 13:55:44.962 [pool-2-thread-1] WARN  SnakesGame - Master timed out, but deputy is unknown (no state yet?)
2025-12-23 13:55:45.162 [pool-2-thread-1] WARN  SnakesGame - Master timed out, but deputy is unknown (no state yet?)
2025-12-23 13:55:45.305 [pool-2-thread-1] INFO  SnakesGame - Sent multicast announcement to 239.192.0.4:9192 (50 bytes)
2025-12-23 13:55:45.306 [] INFO  SnakesGame - Discovered game: 1 from /198.18.0.1:9190
2025-12-23 13:55:45.306 [] INFO  SnakesGame - Discovered game: 1 from /198.18.0.1:9190
2025-12-23 13:55:45.362 [pool-2-thread-1] WARN  SnakesGame - Master timed out, but deputy is unknown (no state yet?)
2025-12-23 13:55:45.455 [] WARN  SnakesGame - Retransmitting seq=7 to /198.18.0.1:9190 (retry 5)
2025-12-23 13:55:45.456 [] WARN  SnakesGame - Retransmitting seq=8 to /198.18.0.1:9190 (retry 3)
2025-12-23 13:55:45.456 [] WARN  SnakesGame - Retransmitting seq=9 to /198.18.0.1:9190 (retry 1)
2025-12-23 13:55:45.562 [pool-2-thread-1] WARN  SnakesGame - Master timed out, but deputy is unknown (no state yet?)
2025-12-23 13:55:45.708 [] ERROR SnakesGame - Message seq=7 to /198.18.0.1:9190 failed after 5 retries
2025-12-23 13:55:45.764 [pool-2-thread-1] WARN  SnakesGame - Master timed out, but deputy is unknown (no state yet?)
2025-12-23 13:55:45.962 [] WARN  SnakesGame - Retransmitting seq=8 to /198.18.0.1:9190 (retry 4)
2025-12-23 13:55:45.962 [] WARN  SnakesGame - Retransmitting seq=9 to /198.18.0.1:9190 (retry 2)
2025-12-23 13:55:45.964 [pool-2-thread-1] WARN  SnakesGame - Master timed out, but deputy is unknown (no state yet?)
2025-12-23 13:55:46.165 [pool-2-thread-1] WARN  SnakesGame - Master timed out, but deputy is unknown (no state yet?)
2025-12-23 13:55:46.303 [pool-2-thread-1] INFO  SnakesGame - Sent multicast announcement to 239.192.0.4:9192 (50 bytes)
2025-12-23 13:55:46.304 [] INFO  SnakesGame - Discovered game: 1 from /198.18.0.1:9190
2025-12-23 13:55:46.304 [] INFO  SnakesGame - Discovered game: 1 from /198.18.0.1:9190
2025-12-23 13:55:46.361 [pool-2-thread-1] WARN  SnakesGame - Master timed out, but deputy is unknown (no state yet?)
2025-12-23 13:55:46.469 [] WARN  SnakesGame - Retransmitting seq=8 to /198.18.0.1:9190 (retry 5)
2025-12-23 13:55:46.470 [] WARN  SnakesGame - Retransmitting seq=9 to /198.18.0.1:9190 (retry 3)
2025-12-23 13:55:46.471 [] WARN  SnakesGame - Retransmitting seq=10 to /198.18.0.1:9190 (retry 1)
2025-12-23 13:55:46.561 [pool-2-thread-1] WARN  SnakesGame - Master timed out, but deputy is unknown (no state yet?)
2025-12-23 13:55:46.729 [] ERROR SnakesGame - Message seq=8 to /198.18.0.1:9190 failed after 5 retries
2025-12-23 13:55:46.760 [pool-2-thread-1] WARN  SnakesGame - Master timed out, but deputy is unknown (no state yet?)
2025-12-23 13:55:46.965 [pool-2-thread-1] WARN  SnakesGame - Master timed out, but deputy is unknown (no state yet?)
2025-12-23 13:55:46.985 [] WARN  SnakesGame - Retransmitting seq=9 to /198.18.0.1:9190 (retry 4)
2025-12-23 13:55:46.986 [] WARN  SnakesGame - Retransmitting seq=10 to /198.18.0.1:9190 (retry 2)
2025-12-23 13:55:47.161 [pool-2-thread-1] WARN  SnakesGame - Master timed out, but deputy is unknown (no state yet?)
2025-12-23 13:55:47.306 [pool-2-thread-1] INFO  SnakesGame - Sent multicast announcement to 239.192.0.4:9192 (50 bytes)
2025-12-23 13:55:47.311 [] INFO  SnakesGame - Discovered game: 1 from /198.18.0.1:9190
2025-12-23 13:55:47.311 [] INFO  SnakesGame - Discovered game: 1 from /198.18.0.1:9190
2025-12-23 13:55:47.361 [pool-2-thread-1] WARN  SnakesGame - Master timed out, but deputy is unknown (no state yet?)
2025-12-23 13:55:47.496 [] WARN  SnakesGame - Retransmitting seq=9 to /198.18.0.1:9190 (retry 5)
2025-12-23 13:55:47.498 [] WARN  SnakesGame - Retransmitting seq=10 to /198.18.0.1:9190 (retry 3)
2025-12-23 13:55:47.499 [] WARN  SnakesGame - Retransmitting seq=11 to /198.18.0.1:9190 (retry 1)
2025-12-23 13:55:47.560 [pool-2-thread-1] WARN  SnakesGame - Master timed out, but deputy is unknown (no state yet?)
2025-12-23 13:55:47.755 [] ERROR SnakesGame - Message seq=9 to /198.18.0.1:9190 failed after 5 retries
2025-12-23 13:55:47.764 [pool-2-thread-1] WARN  SnakesGame - Master timed out, but deputy is unknown (no state yet?)
2025-12-23 13:55:47.963 [pool-2-thread-1] WARN  SnakesGame - Master timed out, but deputy is unknown (no state yet?)
2025-12-23 13:55:48.007 [] WARN  SnakesGame - Retransmitting seq=10 to /198.18.0.1:9190 (retry 4)
2025-12-23 13:55:48.008 [] WARN  SnakesGame - Retransmitting seq=11 to /198.18.0.1:9190 (retry 2)
2025-12-23 13:55:48.165 [pool-2-thread-1] WARN  SnakesGame - Master timed out, but deputy is unknown (no state yet?)
2025-12-23 13:55:48.304 [pool-2-thread-2] INFO  SnakesGame - Sent multicast announcement to 239.192.0.4:9192 (50 bytes)
2025-12-23 13:55:48.306 [] INFO  SnakesGame - Discovered game: 1 from /198.18.0.1:9190
2025-12-23 13:55:48.306 [] INFO  SnakesGame - Discovered game: 1 from /198.18.0.1:9190
2025-12-23 13:55:48.361 [pool-2-thread-1] WARN  SnakesGame - Master timed out, but deputy is unknown (no state yet?)
2025-12-23 13:55:48.514 [] WARN  SnakesGame - Retransmitting seq=10 to /198.18.0.1:9190 (retry 5)
2025-12-23 13:55:48.514 [] WARN  SnakesGame - Retransmitting seq=11 to /198.18.0.1:9190 (retry 3)
2025-12-23 13:55:48.514 [] WARN  SnakesGame - Retransmitting seq=12 to /198.18.0.1:9190 (retry 1)
2025-12-23 13:55:48.561 [pool-2-thread-1] WARN  SnakesGame - Master timed out, but deputy is unknown (no state yet?)
2025-12-23 13:55:48.765 [pool-2-thread-1] WARN  SnakesGame - Master timed out, but deputy is unknown (no state yet?)
2025-12-23 13:55:48.765 [] ERROR SnakesGame - Message seq=10 to /198.18.0.1:9190 failed after 5 retries
2025-12-23 13:55:48.765 [] WARN  SnakesGame - Retransmitting seq=11 to /198.18.0.1:9190 (retry 4)
2025-12-23 13:55:48.765 [] WARN  SnakesGame - Retransmitting seq=12 to /198.18.0.1:9190 (retry 2)
2025-12-23 13:55:48.963 [pool-2-thread-1] WARN  SnakesGame - Master timed out, but deputy is unknown (no state yet?)
2025-12-23 13:55:49.164 [pool-2-thread-1] WARN  SnakesGame - Master timed out, but deputy is unknown (no state yet?)
2025-12-23 13:55:49.273 [] WARN  SnakesGame - Retransmitting seq=11 to /198.18.0.1:9190 (retry 5)
2025-12-23 13:55:49.274 [] WARN  SnakesGame - Retransmitting seq=12 to /198.18.0.1:9190 (retry 3)
2025-12-23 13:55:49.274 [] WARN  SnakesGame - Retransmitting seq=13 to /198.18.0.1:9190 (retry 1)
2025-12-23 13:55:49.306 [pool-2-thread-2] INFO  SnakesGame - Sent multicast announcement to 239.192.0.4:9192 (50 bytes)
2025-12-23 13:55:49.309 [] INFO  SnakesGame - Discovered game: 1 from /198.18.0.1:9190
2025-12-23 13:55:49.309 [] INFO  SnakesGame - Discovered game: 1 from /198.18.0.1:9190
2025-12-23 13:55:49.361 [pool-2-thread-1] WARN  SnakesGame - Master timed out, but deputy is unknown (no state yet?)
2025-12-23 13:55:49.527 [] ERROR SnakesGame - Message seq=11 to /198.18.0.1:9190 failed after 5 retries
2025-12-23 13:55:49.564 [pool-2-thread-1] WARN  SnakesGame - Master timed out, but deputy is unknown (no state yet?)
2025-12-23 13:55:49.764 [pool-2-thread-1] WARN  SnakesGame - Master timed out, but deputy is unknown (no state yet?)
2025-12-23 13:55:49.779 [] WARN  SnakesGame - Retransmitting seq=12 to /198.18.0.1:9190 (retry 4)
2025-12-23 13:55:49.779 [] WARN  SnakesGame - Retransmitting seq=13 to /198.18.0.1:9190 (retry 2)
2025-12-23 13:55:49.964 [pool-2-thread-1] WARN  SnakesGame - Master timed out, but deputy is unknown (no state yet?)
2025-12-23 13:55:50.162 [pool-2-thread-1] WARN  SnakesGame - Master timed out, but deputy is unknown (no state yet?)
2025-12-23 13:55:50.287 [] WARN  SnakesGame - Retransmitting seq=12 to /198.18.0.1:9190 (retry 5)
2025-12-23 13:55:50.289 [] WARN  SnakesGame - Retransmitting seq=13 to /198.18.0.1:9190 (retry 3)
2025-12-23 13:55:50.290 [] WARN  SnakesGame - Retransmitting seq=14 to /198.18.0.1:9190 (retry 1)
2025-12-23 13:55:50.302 [pool-2-thread-3] INFO  SnakesGame - Sent multicast announcement to 239.192.0.4:9192 (50 bytes)
2025-12-23 13:55:50.302 [] INFO  SnakesGame - Discovered game: 1 from /198.18.0.1:9190
2025-12-23 13:55:50.302 [] INFO  SnakesGame - Discovered game: 1 from /198.18.0.1:9190
2025-12-23 13:55:50.361 [pool-2-thread-1] WARN  SnakesGame - Master timed out, but deputy is unknown (no state yet?)
2025-12-23 13:55:50.543 [] ERROR SnakesGame - Message seq=12 to /198.18.0.1:9190 failed after 5 retries
2025-12-23 13:55:50.564 [pool-2-thread-1] WARN  SnakesGame - Master timed out, but deputy is unknown (no state yet?)
2025-12-23 13:55:50.764 [pool-2-thread-1] WARN  SnakesGame - Master timed out, but deputy is unknown (no state yet?)
2025-12-23 13:55:50.800 [] WARN  SnakesGame - Retransmitting seq=13 to /198.18.0.1:9190 (retry 4)
2025-12-23 13:55:50.802 [] WARN  SnakesGame - Retransmitting seq=14 to /198.18.0.1:9190 (retry 2)
2025-12-23 13:55:50.961 [pool-2-thread-1] WARN  SnakesGame - Master timed out, but deputy is unknown (no state yet?)
2025-12-23 13:55:51.164 [pool-2-thread-1] WARN  SnakesGame - Master timed out, but deputy is unknown (no state yet?)
2025-12-23 13:55:51.306 [pool-2-thread-1] INFO  SnakesGame - Sent multicast announcement to 239.192.0.4:9192 (50 bytes)
2025-12-23 13:55:51.309 [] INFO  SnakesGame - Discovered game: 1 from /198.18.0.1:9190
2025-12-23 13:55:51.309 [] INFO  SnakesGame - Discovered game: 1 from /198.18.0.1:9190
2025-12-23 13:55:51.309 [] WARN  SnakesGame - Retransmitting seq=13 to /198.18.0.1:9190 (retry 5)
2025-12-23 13:55:51.310 [] WARN  SnakesGame - Retransmitting seq=14 to /198.18.0.1:9190 (retry 3)
2025-12-23 13:55:51.310 [] WARN  SnakesGame - Retransmitting seq=15 to /198.18.0.1:9190 (retry 1)
2025-12-23 13:55:51.361 [pool-2-thread-1] WARN  SnakesGame - Master timed out, but deputy is unknown (no state yet?)
2025-12-23 13:55:51.560 [pool-2-thread-1] WARN  SnakesGame - Master timed out, but deputy is unknown (no state yet?)
2025-12-23 13:55:51.567 [] ERROR SnakesGame - Message seq=13 to /198.18.0.1:9190 failed after 5 retries
2025-12-23 13:55:51.762 [pool-2-thread-1] WARN  SnakesGame - Master timed out, but deputy is unknown (no state yet?)
2025-12-23 13:55:51.828 [] WARN  SnakesGame - Retransmitting seq=14 to /198.18.0.1:9190 (retry 4)
2025-12-23 13:55:51.830 [] WARN  SnakesGame - Retransmitting seq=15 to /198.18.0.1:9190 (retry 2)
2025-12-23 13:55:51.960 [pool-2-thread-1] WARN  SnakesGame - Master timed out, but deputy is unknown (no state yet?)
2025-12-23 13:55:52.165 [pool-2-thread-1] WARN  SnakesGame - Master timed out, but deputy is unknown (no state yet?)
2025-12-23 13:55:52.304 [pool-2-thread-1] INFO  SnakesGame - Sent multicast announcement to 239.192.0.4:9192 (50 bytes)
2025-12-23 13:55:52.304 [] INFO  SnakesGame - Discovered game: 1 from /198.18.0.1:9190
2025-12-23 13:55:52.304 [] INFO  SnakesGame - Discovered game: 1 from /198.18.0.1:9190
2025-12-23 13:55:52.341 [] WARN  SnakesGame - Retransmitting seq=16 to /198.18.0.1:9190 (retry 1)
2025-12-23 13:55:52.341 [] WARN  SnakesGame - Retransmitting seq=14 to /198.18.0.1:9190 (retry 5)
2025-12-23 13:55:52.341 [] WARN  SnakesGame - Retransmitting seq=15 to /198.18.0.1:9190 (retry 3)
2025-12-23 13:55:52.360 [pool-2-thread-1] WARN  SnakesGame - Master timed out, but deputy is unknown (no state yet?)
2025-12-23 13:55:52.565 [pool-2-thread-1] WARN  SnakesGame - Master timed out, but deputy is unknown (no state yet?)
2025-12-23 13:55:52.596 [] ERROR SnakesGame - Message seq=14 to /198.18.0.1:9190 failed after 5 retries
2025-12-23 13:55:52.762 [pool-2-thread-1] WARN  SnakesGame - Master timed out, but deputy is unknown (no state yet?)
2025-12-23 13:55:52.853 [] WARN  SnakesGame - Retransmitting seq=16 to /198.18.0.1:9190 (retry 2)
2025-12-23 13:55:52.855 [] WARN  SnakesGame - Retransmitting seq=15 to /198.18.0.1:9190 (retry 4)
2025-12-23 13:55:52.962 [pool-2-thread-1] WARN  SnakesGame - Master timed out, but deputy is unknown (no state yet?)
2025-12-23 13:55:53.164 [pool-2-thread-1] WARN  SnakesGame - Master timed out, but deputy is unknown (no state yet?)
2025-12-23 13:55:53.302 [pool-2-thread-3] INFO  SnakesGame - Sent multicast announcement to 239.192.0.4:9192 (50 bytes)
2025-12-23 13:55:53.302 [] INFO  SnakesGame - Discovered game: 1 from /198.18.0.1:9190
2025-12-23 13:55:53.303 [] INFO  SnakesGame - Discovered game: 1 from /198.18.0.1:9190
2025-12-23 13:55:53.362 [] WARN  SnakesGame - Retransmitting seq=16 to /198.18.0.1:9190 (retry 3)
2025-12-23 13:55:53.362 [pool-2-thread-1] WARN  SnakesGame - Master timed out, but deputy is unknown (no state yet?)
2025-12-23 13:55:53.362 [] WARN  SnakesGame - Retransmitting seq=17 to /198.18.0.1:9190 (retry 1)
2025-12-23 13:55:53.362 [] WARN  SnakesGame - Retransmitting seq=15 to /198.18.0.1:9190 (retry 5)
2025-12-23 13:55:53.564 [pool-2-thread-1] WARN  SnakesGame - Master timed out, but deputy is unknown (no state yet?)
2025-12-23 13:55:53.613 [] ERROR SnakesGame - Message seq=15 to /198.18.0.1:9190 failed after 5 retries
2025-12-23 13:55:53.764 [pool-2-thread-1] WARN  SnakesGame - Master timed out, but deputy is unknown (no state yet?)
2025-12-23 13:55:53.869 [] WARN  SnakesGame - Retransmitting seq=16 to /198.18.0.1:9190 (retry 4)
2025-12-23 13:55:53.869 [] WARN  SnakesGame - Retransmitting seq=17 to /198.18.0.1:9190 (retry 2)
2025-12-23 13:55:53.964 [pool-2-thread-1] WARN  SnakesGame - Master timed out, but deputy is unknown (no state yet?)
2025-12-23 13:55:54.160 [pool-2-thread-1] WARN  SnakesGame - Master timed out, but deputy is unknown (no state yet?)
2025-12-23 13:55:54.301 [pool-2-thread-2] INFO  SnakesGame - Sent multicast announcement to 239.192.0.4:9192 (50 bytes)
2025-12-23 13:55:54.303 [] INFO  SnakesGame - Discovered game: 1 from /198.18.0.1:9190
2025-12-23 13:55:54.303 [] INFO  SnakesGame - Discovered game: 1 from /198.18.0.1:9190
2025-12-23 13:55:54.364 [pool-2-thread-2] WARN  SnakesGame - Master timed out, but deputy is unknown (no state yet?)
2025-12-23 13:55:54.374 [] WARN  SnakesGame - Retransmitting seq=16 to /198.18.0.1:9190 (retry 5)
2025-12-23 13:55:54.374 [] WARN  SnakesGame - Retransmitting seq=17 to /198.18.0.1:9190 (retry 3)
2025-12-23 13:55:54.374 [] WARN  SnakesGame - Retransmitting seq=18 to /198.18.0.1:9190 (retry 1)
2025-12-23 13:55:54.564 [pool-2-thread-2] WARN  SnakesGame - Master timed out, but deputy is unknown (no state yet?)
2025-12-23 13:55:54.629 [] ERROR SnakesGame - Message seq=16 to /198.18.0.1:9190 failed after 5 retries
2025-12-23 13:55:54.764 [pool-2-thread-2] WARN  SnakesGame - Master timed out, but deputy is unknown (no state yet?)
2025-12-23 13:55:54.881 [] WARN  SnakesGame - Retransmitting seq=17 to /198.18.0.1:9190 (retry 4)
2025-12-23 13:55:54.884 [] WARN  SnakesGame - Retransmitting seq=18 to /198.18.0.1:9190 (retry 2)
2025-12-23 13:55:54.961 [pool-2-thread-2] WARN  SnakesGame - Master timed out, but deputy is unknown (no state yet?)
2025-12-23 13:55:55.164 [pool-2-thread-2] WARN  SnakesGame - Master timed out, but deputy is unknown (no state yet?)
2025-12-23 13:55:55.303 [pool-2-thread-1] INFO  SnakesGame - Sent multicast announcement to 239.192.0.4:9192 (50 bytes)
2025-12-23 13:55:55.303 [] INFO  SnakesGame - Discovered game: 1 from /198.18.0.1:9190
2025-12-23 13:55:55.303 [] INFO  SnakesGame - Discovered game: 1 from /198.18.0.1:9190
2025-12-23 13:55:55.360 [pool-2-thread-2] WARN  SnakesGame - Master timed out, but deputy is unknown (no state yet?)
2025-12-23 13:55:55.395 [] WARN  SnakesGame - Retransmitting seq=17 to /198.18.0.1:9190 (retry 5)
2025-12-23 13:55:55.396 [] WARN  SnakesGame - Retransmitting seq=18 to /198.18.0.1:9190 (retry 3)
2025-12-23 13:55:55.396 [] WARN  SnakesGame - Retransmitting seq=19 to /198.18.0.1:9190 (retry 1)
2025-12-23 13:55:55.565 [pool-2-thread-2] WARN  SnakesGame - Master timed out, but deputy is unknown (no state yet?)
2025-12-23 13:55:55.651 [] ERROR SnakesGame - Message seq=17 to /198.18.0.1:9190 failed after 5 retries
2025-12-23 13:55:55.764 [pool-2-thread-2] WARN  SnakesGame - Master timed out, but deputy is unknown (no state yet?)
2025-12-23 13:55:55.907 [] WARN  SnakesGame - Retransmitting seq=18 to /198.18.0.1:9190 (retry 4)
2025-12-23 13:55:55.908 [] WARN  SnakesGame - Retransmitting seq=19 to /198.18.0.1:9190 (retry 2)
2025-12-23 13:55:55.961 [pool-2-thread-2] WARN  SnakesGame - Master timed out, but deputy is unknown (no state yet?)
2025-12-23 13:55:56.164 [pool-2-thread-2] WARN  SnakesGame - Master timed out, but deputy is unknown (no state yet?)
2025-12-23 13:55:56.305 [pool-2-thread-1] INFO  SnakesGame - Sent multicast announcement to 239.192.0.4:9192 (50 bytes)
2025-12-23 13:55:56.309 [] INFO  SnakesGame - Discovered game: 1 from /198.18.0.1:9190
2025-12-23 13:55:56.310 [] INFO  SnakesGame - Discovered game: 1 from /198.18.0.1:9190
2025-12-23 13:55:56.361 [pool-2-thread-2] WARN  SnakesGame - Master timed out, but deputy is unknown (no state yet?)
2025-12-23 13:55:56.416 [] WARN  SnakesGame - Retransmitting seq=18 to /198.18.0.1:9190 (retry 5)
2025-12-23 13:55:56.416 [] WARN  SnakesGame - Retransmitting seq=19 to /198.18.0.1:9190 (retry 3)
2025-12-23 13:55:56.416 [] WARN  SnakesGame - Retransmitting seq=20 to /198.18.0.1:9190 (retry 1)
2025-12-23 13:55:56.561 [pool-2-thread-2] WARN  SnakesGame - Master timed out, but deputy is unknown (no state yet?)
2025-12-23 13:55:56.670 [] ERROR SnakesGame - Message seq=18 to /198.18.0.1:9190 failed after 5 retries
2025-12-23 13:55:56.763 [pool-2-thread-1] WARN  SnakesGame - Master timed out, but deputy is unknown (no state yet?)
2025-12-23 13:55:56.927 [] WARN  SnakesGame - Retransmitting seq=19 to /198.18.0.1:9190 (retry 4)
2025-12-23 13:55:56.927 [] WARN  SnakesGame - Retransmitting seq=20 to /198.18.0.1:9190 (retry 2)
2025-12-23 13:55:56.964 [pool-2-thread-1] WARN  SnakesGame - Master timed out, but deputy is unknown (no state yet?)
2025-12-23 13:55:57.163 [pool-2-thread-1] WARN  SnakesGame - Master timed out, but deputy is unknown (no state yet?)
2025-12-23 13:55:57.304 [pool-2-thread-3] INFO  SnakesGame - Sent multicast announcement to 239.192.0.4:9192 (50 bytes)
2025-12-23 13:55:57.304 [] INFO  SnakesGame - Discovered game: 1 from /198.18.0.1:9190
2025-12-23 13:55:57.305 [] INFO  SnakesGame - Discovered game: 1 from /198.18.0.1:9190
2025-12-23 13:55:57.362 [pool-2-thread-1] WARN  SnakesGame - Master timed out, but deputy is unknown (no state yet?)
2025-12-23 13:55:57.434 [] WARN  SnakesGame - Retransmitting seq=19 to /198.18.0.1:9190 (retry 5)
2025-12-23 13:55:57.435 [] WARN  SnakesGame - Retransmitting seq=20 to /198.18.0.1:9190 (retry 3)
2025-12-23 13:55:57.435 [] WARN  SnakesGame - Retransmitting seq=21 to /198.18.0.1:9190 (retry 1)
2025-12-23 13:55:57.564 [pool-2-thread-1] WARN  SnakesGame - Master timed out, but deputy is unknown (no state yet?)
2025-12-23 13:55:57.688 [] ERROR SnakesGame - Message seq=19 to /198.18.0.1:9190 failed after 5 retries
2025-12-23 13:55:57.764 [pool-2-thread-1] WARN  SnakesGame - Master timed out, but deputy is unknown (no state yet?)
2025-12-23 13:55:57.940 [] WARN  SnakesGame - Retransmitting seq=20 to /198.18.0.1:9190 (retry 4)
2025-12-23 13:55:57.942 [] WARN  SnakesGame - Retransmitting seq=21 to /198.18.0.1:9190 (retry 2)
2025-12-23 13:55:57.960 [pool-2-thread-1] WARN  SnakesGame - Master timed out, but deputy is unknown (no state yet?)
2025-12-23 13:55:58.164 [pool-2-thread-1] WARN  SnakesGame - Master timed out, but deputy is unknown (no state yet?)
2025-12-23 13:55:58.303 [pool-2-thread-3] INFO  SnakesGame - Sent multicast announcement to 239.192.0.4:9192 (50 bytes)
2025-12-23 13:55:58.304 [] INFO  SnakesGame - Discovered game: 1 from /198.18.0.1:9190
2025-12-23 13:55:58.304 [] INFO  SnakesGame - Discovered game: 1 from /198.18.0.1:9190
2025-12-23 13:55:58.363 [pool-2-thread-1] WARN  SnakesGame - Master timed out, but deputy is unknown (no state yet?)
2025-12-23 13:55:58.452 [] WARN  SnakesGame - Retransmitting seq=20 to /198.18.0.1:9190 (retry 5)
2025-12-23 13:55:58.452 [] WARN  SnakesGame - Retransmitting seq=21 to /198.18.0.1:9190 (retry 3)
2025-12-23 13:55:58.452 [] WARN  SnakesGame - Retransmitting seq=22 to /198.18.0.1:9190 (retry 1)
2025-12-23 13:55:58.564 [pool-2-thread-1] WARN  SnakesGame - Master timed out, but deputy is unknown (no state yet?)
2025-12-23 13:55:58.703 [] ERROR SnakesGame - Message seq=20 to /198.18.0.1:9190 failed after 5 retries
2025-12-23 13:55:58.761 [pool-2-thread-1] WARN  SnakesGame - Master timed out, but deputy is unknown (no state yet?)
2025-12-23 13:55:58.956 [] WARN  SnakesGame - Retransmitting seq=21 to /198.18.0.1:9190 (retry 4)
2025-12-23 13:55:58.959 [] WARN  SnakesGame - Retransmitting seq=22 to /198.18.0.1:9190 (retry 2)
2025-12-23 13:55:58.964 [pool-2-thread-1] WARN  SnakesGame - Master timed out, but deputy is unknown (no state yet?)
2025-12-23 13:55:59.162 [pool-2-thread-1] WARN  SnakesGame - Master timed out, but deputy is unknown (no state yet?)
2025-12-23 13:55:59.304 [pool-2-thread-3] INFO  SnakesGame - Sent multicast announcement to 239.192.0.4:9192 (50 bytes)
2025-12-23 13:55:59.304 [] INFO  SnakesGame - Discovered game: 1 from /198.18.0.1:9190
2025-12-23 13:55:59.304 [] INFO  SnakesGame - Discovered game: 1 from /198.18.0.1:9190
2025-12-23 13:55:59.364 [pool-2-thread-1] WARN  SnakesGame - Master timed out, but deputy is unknown (no state yet?)
2025-12-23 13:55:59.464 [] WARN  SnakesGame - Retransmitting seq=21 to /198.18.0.1:9190 (retry 5)
2025-12-23 13:55:59.464 [] WARN  SnakesGame - Retransmitting seq=22 to /198.18.0.1:9190 (retry 3)
2025-12-23 13:55:59.464 [] WARN  SnakesGame - Retransmitting seq=23 to /198.18.0.1:9190 (retry 1)
2025-12-23 13:55:59.562 [pool-2-thread-1] WARN  SnakesGame - Master timed out, but deputy is unknown (no state yet?)
2025-12-23 13:55:59.719 [] ERROR SnakesGame - Message seq=21 to /198.18.0.1:9190 failed after 5 retries
2025-12-23 13:55:59.763 [pool-2-thread-1] WARN  SnakesGame - Master timed out, but deputy is unknown (no state yet?)
2025-12-23 13:55:59.964 [pool-2-thread-1] WARN  SnakesGame - Master timed out, but deputy is unknown (no state yet?)
2025-12-23 13:55:59.976 [] WARN  SnakesGame - Retransmitting seq=22 to /198.18.0.1:9190 (retry 4)
2025-12-23 13:55:59.977 [] WARN  SnakesGame - Retransmitting seq=23 to /198.18.0.1:9190 (retry 2)
2025-12-23 13:56:00.160 [pool-2-thread-1] WARN  SnakesGame - Master timed out, but deputy is unknown (no state yet?)
2025-12-23 13:56:00.315 [pool-2-thread-1] INFO  SnakesGame - Sent multicast announcement to 239.192.0.4:9192 (50 bytes)
2025-12-23 13:56:00.318 [] INFO  SnakesGame - Discovered game: 1 from /198.18.0.1:9190
2025-12-23 13:56:00.318 [] INFO  SnakesGame - Discovered game: 1 from /198.18.0.1:9190
2025-12-23 13:56:00.369 [pool-2-thread-1] WARN  SnakesGame - Master timed out, but deputy is unknown (no state yet?)
2025-12-23 13:56:00.488 [] WARN  SnakesGame - Retransmitting seq=22 to /198.18.0.1:9190 (retry 5)
2025-12-23 13:56:00.489 [] WARN  SnakesGame - Retransmitting seq=23 to /198.18.0.1:9190 (retry 3)
2025-12-23 13:56:00.490 [] WARN  SnakesGame - Retransmitting seq=24 to /198.18.0.1:9190 (retry 1)
2025-12-23 13:56:00.566 [pool-2-thread-1] WARN  SnakesGame - Master timed out, but deputy is unknown (no state yet?)
2025-12-23 13:56:00.747 [] ERROR SnakesGame - Message seq=22 to /198.18.0.1:9190 failed after 5 retries
2025-12-23 13:56:00.764 [pool-2-thread-1] WARN  SnakesGame - Master timed out, but deputy is unknown (no state yet?)
2025-12-23 13:56:00.962 [pool-2-thread-1] WARN  SnakesGame - Master timed out, but deputy is unknown (no state yet?)
2025-12-23 13:56:01.000 [] WARN  SnakesGame - Retransmitting seq=23 to /198.18.0.1:9190 (retry 4)
2025-12-23 13:56:01.001 [] WARN  SnakesGame - Retransmitting seq=24 to /198.18.0.1:9190 (retry 2)
2025-12-23 13:56:01.161 [pool-2-thread-1] WARN  SnakesGame - Master timed out, but deputy is unknown (no state yet?)
2025-12-23 13:56:01.303 [pool-2-thread-3] INFO  SnakesGame - Sent multicast announcement to 239.192.0.4:9192 (50 bytes)
2025-12-23 13:56:01.305 [] INFO  SnakesGame - Discovered game: 1 from /198.18.0.1:9190
2025-12-23 13:56:01.305 [] INFO  SnakesGame - Discovered game: 1 from /198.18.0.1:9190
2025-12-23 13:56:01.361 [pool-2-thread-1] WARN  SnakesGame - Master timed out, but deputy is unknown (no state yet?)
2025-12-23 13:56:01.514 [] WARN  SnakesGame - Retransmitting seq=23 to /198.18.0.1:9190 (retry 5)
2025-12-23 13:56:01.515 [] WARN  SnakesGame - Retransmitting seq=24 to /198.18.0.1:9190 (retry 3)
2025-12-23 13:56:01.516 [] WARN  SnakesGame - Retransmitting seq=25 to /198.18.0.1:9190 (retry 1)
2025-12-23 13:56:01.573 [pool-2-thread-1] WARN  SnakesGame - Master timed out, but deputy is unknown (no state yet?)
2025-12-23 13:56:01.764 [pool-2-thread-2] WARN  SnakesGame - Master timed out, but deputy is unknown (no state yet?)
2025-12-23 13:56:01.771 [] ERROR SnakesGame - Message seq=23 to /198.18.0.1:9190 failed after 5 retries
2025-12-23 13:56:01.772 [] WARN  SnakesGame - Retransmitting seq=24 to /198.18.0.1:9190 (retry 4)
2025-12-23 13:56:01.773 [] WARN  SnakesGame - Retransmitting seq=25 to /198.18.0.1:9190 (retry 2)
2025-12-23 13:56:01.961 [pool-2-thread-2] WARN  SnakesGame - Master timed out, but deputy is unknown (no state yet?)
2025-12-23 13:56:02.164 [pool-2-thread-2] WARN  SnakesGame - Master timed out, but deputy is unknown (no state yet?)
2025-12-23 13:56:02.276 [] WARN  SnakesGame - Retransmitting seq=24 to /198.18.0.1:9190 (retry 5)
2025-12-23 13:56:02.277 [] WARN  SnakesGame - Retransmitting seq=25 to /198.18.0.1:9190 (retry 3)
2025-12-23 13:56:02.277 [] WARN  SnakesGame - Retransmitting seq=26 to /198.18.0.1:9190 (retry 1)
2025-12-23 13:56:02.300 [pool-2-thread-2] INFO  SnakesGame - Sent multicast announcement to 239.192.0.4:9192 (50 bytes)
2025-12-23 13:56:02.305 [] INFO  SnakesGame - Discovered game: 1 from /198.18.0.1:9190
2025-12-23 13:56:02.305 [] INFO  SnakesGame - Discovered game: 1 from /198.18.0.1:9190
2025-12-23 13:56:02.364 [pool-2-thread-2] WARN  SnakesGame - Master timed out, but deputy is unknown (no state yet?)
2025-12-23 13:56:02.532 [] ERROR SnakesGame - Message seq=24 to /198.18.0.1:9190 failed after 5 retries
2025-12-23 13:56:02.562 [pool-2-thread-2] WARN  SnakesGame - Master timed out, but deputy is unknown (no state yet?)
2025-12-23 13:56:02.763 [pool-2-thread-2] WARN  SnakesGame - Master timed out, but deputy is unknown (no state yet?)
2025-12-23 13:56:02.785 [] WARN  SnakesGame - Retransmitting seq=25 to /198.18.0.1:9190 (retry 4)
2025-12-23 13:56:02.788 [] WARN  SnakesGame - Retransmitting seq=26 to /198.18.0.1:9190 (retry 2)
2025-12-23 13:56:02.965 [pool-2-thread-2] WARN  SnakesGame - Master timed out, but deputy is unknown (no state yet?)
2025-12-23 13:56:03.164 [pool-2-thread-2] WARN  SnakesGame - Master timed out, but deputy is unknown (no state yet?)
2025-12-23 13:56:03.297 [] WARN  SnakesGame - Retransmitting seq=25 to /198.18.0.1:9190 (retry 5)
2025-12-23 13:56:03.299 [] WARN  SnakesGame - Retransmitting seq=26 to /198.18.0.1:9190 (retry 3)
2025-12-23 13:56:03.301 [] WARN  SnakesGame - Retransmitting seq=27 to /198.18.0.1:9190 (retry 1)
2025-12-23 13:56:03.310 [pool-2-thread-2] INFO  SnakesGame - Sent multicast announcement to 239.192.0.4:9192 (50 bytes)
2025-12-23 13:56:03.316 [] INFO  SnakesGame - Discovered game: 1 from /198.18.0.1:9190
2025-12-23 13:56:03.317 [] INFO  SnakesGame - Discovered game: 1 from /198.18.0.1:9190
2025-12-23 13:56:03.362 [pool-2-thread-2] WARN  SnakesGame - Master timed out, but deputy is unknown (no state yet?)
2025-12-23 13:56:03.553 [] ERROR SnakesGame - Message seq=25 to /198.18.0.1:9190 failed after 5 retries
2025-12-23 13:56:03.564 [pool-2-thread-2] WARN  SnakesGame - Master timed out, but deputy is unknown (no state yet?)
2025-12-23 13:56:03.765 [pool-2-thread-2] WARN  SnakesGame - Master timed out, but deputy is unknown (no state yet?)
2025-12-23 13:56:03.807 [] WARN  SnakesGame - Retransmitting seq=26 to /198.18.0.1:9190 (retry 4)
2025-12-23 13:56:03.807 [] WARN  SnakesGame - Retransmitting seq=27 to /198.18.0.1:9190 (retry 2)
2025-12-23 13:56:03.964 [pool-2-thread-2] WARN  SnakesGame - Master timed out, but deputy is unknown (no state yet?)
2025-12-23 13:56:04.161 [pool-2-thread-2] WARN  SnakesGame - Master timed out, but deputy is unknown (no state yet?)
2025-12-23 13:56:04.302 [pool-2-thread-3] INFO  SnakesGame - Sent multicast announcement to 239.192.0.4:9192 (50 bytes)
2025-12-23 13:56:04.310 [] INFO  SnakesGame - Discovered game: 1 from /198.18.0.1:9190
2025-12-23 13:56:04.310 [] INFO  SnakesGame - Discovered game: 1 from /198.18.0.1:9190
2025-12-23 13:56:04.312 [] WARN  SnakesGame - Retransmitting seq=26 to /198.18.0.1:9190 (retry 5)
2025-12-23 13:56:04.312 [] WARN  SnakesGame - Retransmitting seq=27 to /198.18.0.1:9190 (retry 3)
2025-12-23 13:56:04.312 [] WARN  SnakesGame - Retransmitting seq=28 to /198.18.0.1:9190 (retry 1)
2025-12-23 13:56:04.362 [pool-2-thread-2] WARN  SnakesGame - Master timed out, but deputy is unknown (no state yet?)
2025-12-23 13:56:04.564 [pool-2-thread-2] WARN  SnakesGame - Master timed out, but deputy is unknown (no state yet?)
2025-12-23 13:56:04.565 [] ERROR SnakesGame - Message seq=26 to /198.18.0.1:9190 failed after 5 retries
2025-12-23 13:56:04.762 [pool-2-thread-1] WARN  SnakesGame - Master timed out, but deputy is unknown (no state yet?)
2025-12-23 13:56:04.824 [] WARN  SnakesGame - Retransmitting seq=27 to /198.18.0.1:9190 (retry 4)
2025-12-23 13:56:04.824 [] WARN  SnakesGame - Retransmitting seq=28 to /198.18.0.1:9190 (retry 2)
2025-12-23 13:56:04.963 [pool-2-thread-1] WARN  SnakesGame - Master timed out, but deputy is unknown (no state yet?)
2025-12-23 13:56:05.162 [pool-2-thread-1] WARN  SnakesGame - Master timed out, but deputy is unknown (no state yet?)
2025-12-23 13:56:05.303 [pool-2-thread-1] INFO  SnakesGame - Sent multicast announcement to 239.192.0.4:9192 (50 bytes)
2025-12-23 13:56:05.304 [] INFO  SnakesGame - Discovered game: 1 from /198.18.0.1:9190
2025-12-23 13:56:05.304 [] INFO  SnakesGame - Discovered game: 1 from /198.18.0.1:9190
2025-12-23 13:56:05.334 [] WARN  SnakesGame - Retransmitting seq=27 to /198.18.0.1:9190 (retry 5)
2025-12-23 13:56:05.334 [] WARN  SnakesGame - Retransmitting seq=28 to /198.18.0.1:9190 (retry 3)
2025-12-23 13:56:05.334 [] WARN  SnakesGame - Retransmitting seq=29 to /198.18.0.1:9190 (retry 1)
2025-12-23 13:56:05.364 [pool-2-thread-1] WARN  SnakesGame - Master timed out, but deputy is unknown (no state yet?)
2025-12-23 13:56:05.560 [pool-2-thread-1] WARN  SnakesGame - Master timed out, but deputy is unknown (no state yet?)
2025-12-23 13:56:05.588 [] ERROR SnakesGame - Message seq=27 to /198.18.0.1:9190 failed after 5 retries
2025-12-23 13:56:05.764 [pool-2-thread-1] WARN  SnakesGame - Master timed out, but deputy is unknown (no state yet?)
2025-12-23 13:56:05.841 [] WARN  SnakesGame - Retransmitting seq=28 to /198.18.0.1:9190 (retry 4)
2025-12-23 13:56:05.843 [] WARN  SnakesGame - Retransmitting seq=29 to /198.18.0.1:9190 (retry 2)
2025-12-23 13:56:05.961 [pool-2-thread-1] WARN  SnakesGame - Master timed out, but deputy is unknown (no state yet?)
2025-12-23 13:56:06.161 [pool-2-thread-1] WARN  SnakesGame - Master timed out, but deputy is unknown (no state yet?)
2025-12-23 13:56:06.304 [pool-2-thread-2] INFO  SnakesGame - Sent multicast announcement to 239.192.0.4:9192 (50 bytes)
2025-12-23 13:56:06.308 [] INFO  SnakesGame - Discovered game: 1 from /198.18.0.1:9190
2025-12-23 13:56:06.309 [] INFO  SnakesGame - Discovered game: 1 from /198.18.0.1:9190
2025-12-23 13:56:06.350 [] WARN  SnakesGame - Retransmitting seq=28 to /198.18.0.1:9190 (retry 5)
2025-12-23 13:56:06.351 [] WARN  SnakesGame - Retransmitting seq=29 to /198.18.0.1:9190 (retry 3)
2025-12-23 13:56:06.351 [] WARN  SnakesGame - Retransmitting seq=30 to /198.18.0.1:9190 (retry 1)
2025-12-23 13:56:06.361 [pool-2-thread-1] WARN  SnakesGame - Master timed out, but deputy is unknown (no state yet?)
2025-12-23 13:56:06.564 [pool-2-thread-1] WARN  SnakesGame - Master timed out, but deputy is unknown (no state yet?)
2025-12-23 13:56:06.605 [] ERROR SnakesGame - Message seq=28 to /198.18.0.1:9190 failed after 5 retries
2025-12-23 13:56:06.760 [pool-2-thread-1] WARN  SnakesGame - Master timed out, but deputy is unknown (no state yet?)
2025-12-23 13:56:06.858 [] WARN  SnakesGame - Retransmitting seq=29 to /198.18.0.1:9190 (retry 4)
2025-12-23 13:56:06.865 [] WARN  SnakesGame - Retransmitting seq=30 to /198.18.0.1:9190 (retry 2)
2025-12-23 13:56:06.966 [pool-2-thread-1] WARN  SnakesGame - Master timed out, but deputy is unknown (no state yet?)
2025-12-23 13:56:07.161 [pool-2-thread-1] WARN  SnakesGame - Master timed out, but deputy is unknown (no state yet?)
2025-12-23 13:56:07.304 [pool-2-thread-2] INFO  SnakesGame - Sent multicast announcement to 239.192.0.4:9192 (50 bytes)
2025-12-23 13:56:07.305 [] INFO  SnakesGame - Discovered game: 1 from /198.18.0.1:9190
2025-12-23 13:56:07.307 [] INFO  SnakesGame - Discovered game: 1 from /198.18.0.1:9190
2025-12-23 13:56:07.364 [pool-2-thread-1] WARN  SnakesGame - Master timed out, but deputy is unknown (no state yet?)
2025-12-23 13:56:07.374 [] WARN  SnakesGame - Retransmitting seq=29 to /198.18.0.1:9190 (retry 5)
2025-12-23 13:56:07.378 [] WARN  SnakesGame - Retransmitting seq=30 to /198.18.0.1:9190 (retry 3)
2025-12-23 13:56:07.379 [] WARN  SnakesGame - Retransmitting seq=31 to /198.18.0.1:9190 (retry 1)
2025-12-23 13:56:07.562 [pool-2-thread-1] WARN  SnakesGame - Master timed out, but deputy is unknown (no state yet?)
2025-12-23 13:56:07.634 [] ERROR SnakesGame - Message seq=29 to /198.18.0.1:9190 failed after 5 retries
2025-12-23 13:56:07.760 [pool-2-thread-1] WARN  SnakesGame - Master timed out, but deputy is unknown (no state yet?)
2025-12-23 13:56:07.887 [] WARN  SnakesGame - Retransmitting seq=30 to /198.18.0.1:9190 (retry 4)
2025-12-23 13:56:07.888 [] WARN  SnakesGame - Retransmitting seq=31 to /198.18.0.1:9190 (retry 2)
2025-12-23 13:56:07.961 [pool-2-thread-1] WARN  SnakesGame - Master timed out, but deputy is unknown (no state yet?)
2025-12-23 13:56:08.164 [pool-2-thread-1] WARN  SnakesGame - Master timed out, but deputy is unknown (no state yet?)
2025-12-23 13:56:08.320 [pool-2-thread-3] INFO  SnakesGame - Sent multicast announcement to 239.192.0.4:9192 (50 bytes)
2025-12-23 13:56:08.321 [] INFO  SnakesGame - Discovered game: 1 from /198.18.0.1:9190
2025-12-23 13:56:08.321 [] INFO  SnakesGame - Discovered game: 1 from /198.18.0.1:9190
2025-12-23 13:56:08.361 [pool-2-thread-1] WARN  SnakesGame - Master timed out, but deputy is unknown (no state yet?)
2025-12-23 13:56:08.395 [] WARN  SnakesGame - Retransmitting seq=32 to /198.18.0.1:9190 (retry 1)
2025-12-23 13:56:08.396 [] WARN  SnakesGame - Retransmitting seq=30 to /198.18.0.1:9190 (retry 5)
2025-12-23 13:56:08.396 [] WARN  SnakesGame - Retransmitting seq=31 to /198.18.0.1:9190 (retry 3)
2025-12-23 13:56:08.564 [pool-2-thread-2] WARN  SnakesGame - Master timed out, but deputy is unknown (no state yet?)
2025-12-23 13:56:08.648 [] ERROR SnakesGame - Message seq=30 to /198.18.0.1:9190 failed after 5 retries
2025-12-23 13:56:08.765 [pool-2-thread-1] WARN  SnakesGame - Master timed out, but deputy is unknown (no state yet?)
2025-12-23 13:56:08.906 [] WARN  SnakesGame - Retransmitting seq=32 to /198.18.0.1:9190 (retry 2)
2025-12-23 13:56:08.908 [] WARN  SnakesGame - Retransmitting seq=31 to /198.18.0.1:9190 (retry 4)
2025-12-23 13:56:08.965 [pool-2-thread-1] WARN  SnakesGame - Master timed out, but deputy is unknown (no state yet?)
2025-12-23 13:56:09.160 [pool-2-thread-1] WARN  SnakesGame - Master timed out, but deputy is unknown (no state yet?)
2025-12-23 13:56:09.313 [pool-2-thread-2] INFO  SnakesGame - Sent multicast announcement to 239.192.0.4:9192 (50 bytes)
2025-12-23 13:56:09.315 [] INFO  SnakesGame - Discovered game: 1 from /198.18.0.1:9190
2025-12-23 13:56:09.315 [] INFO  SnakesGame - Discovered game: 1 from /198.18.0.1:9190
2025-12-23 13:56:09.359 [pool-2-thread-1] WARN  SnakesGame - Master timed out, but deputy is unknown (no state yet?)
2025-12-23 13:56:09.411 [] WARN  SnakesGame - Retransmitting seq=32 to /198.18.0.1:9190 (retry 3)
2025-12-23 13:56:09.412 [] WARN  SnakesGame - Retransmitting seq=33 to /198.18.0.1:9190 (retry 1)
2025-12-23 13:56:09.412 [] WARN  SnakesGame - Retransmitting seq=31 to /198.18.0.1:9190 (retry 5)
2025-12-23 13:56:09.564 [pool-2-thread-1] WARN  SnakesGame - Master timed out, but deputy is unknown (no state yet?)
2025-12-23 13:56:09.667 [] ERROR SnakesGame - Message seq=31 to /198.18.0.1:9190 failed after 5 retries
2025-12-23 13:56:09.764 [pool-2-thread-1] WARN  SnakesGame - Master timed out, but deputy is unknown (no state yet?)
2025-12-23 13:56:09.924 [] WARN  SnakesGame - Retransmitting seq=32 to /198.18.0.1:9190 (retry 4)
2025-12-23 13:56:09.925 [] WARN  SnakesGame - Retransmitting seq=33 to /198.18.0.1:9190 (retry 2)
2025-12-23 13:56:09.969 [pool-2-thread-1] WARN  SnakesGame - Master timed out, but deputy is unknown (no state yet?)
2025-12-23 13:56:10.163 [pool-2-thread-1] WARN  SnakesGame - Master timed out, but deputy is unknown (no state yet?)
2025-12-23 13:56:10.314 [pool-2-thread-3] INFO  SnakesGame - Sent multicast announcement to 239.192.0.4:9192 (50 bytes)
2025-12-23 13:56:10.314 [] INFO  SnakesGame - Discovered game: 1 from /198.18.0.1:9190
2025-12-23 13:56:10.314 [] INFO  SnakesGame - Discovered game: 1 from /198.18.0.1:9190
2025-12-23 13:56:10.364 [pool-2-thread-1] WARN  SnakesGame - Master timed out, but deputy is unknown (no state yet?)
2025-12-23 13:56:10.433 [] WARN  SnakesGame - Retransmitting seq=32 to /198.18.0.1:9190 (retry 5)
2025-12-23 13:56:10.440 [] WARN  SnakesGame - Retransmitting seq=33 to /198.18.0.1:9190 (retry 3)
2025-12-23 13:56:10.441 [] WARN  SnakesGame - Retransmitting seq=34 to /198.18.0.1:9190 (retry 1)
2025-12-23 13:56:10.564 [pool-2-thread-1] WARN  SnakesGame - Master timed out, but deputy is unknown (no state yet?)
2025-12-23 13:56:10.697 [] ERROR SnakesGame - Message seq=32 to /198.18.0.1:9190 failed after 5 retries
2025-12-23 13:56:10.763 [pool-2-thread-1] WARN  SnakesGame - Master timed out, but deputy is unknown (no state yet?)
2025-12-23 13:56:10.954 [] WARN  SnakesGame - Retransmitting seq=33 to /198.18.0.1:9190 (retry 4)
2025-12-23 13:56:10.955 [] WARN  SnakesGame - Retransmitting seq=34 to /198.18.0.1:9190 (retry 2)
2025-12-23 13:56:10.962 [pool-2-thread-1] WARN  SnakesGame - Master timed out, but deputy is unknown (no state yet?)
2025-12-23 13:56:11.164 [pool-2-thread-1] WARN  SnakesGame - Master timed out, but deputy is unknown (no state yet?)
2025-12-23 13:56:11.304 [pool-2-thread-3] INFO  SnakesGame - Sent multicast announcement to 239.192.0.4:9192 (50 bytes)
2025-12-23 13:56:11.305 [] INFO  SnakesGame - Discovered game: 1 from /198.18.0.1:9190
2025-12-23 13:56:11.305 [] INFO  SnakesGame - Discovered game: 1 from /198.18.0.1:9190
2025-12-23 13:56:11.362 [pool-2-thread-1] WARN  SnakesGame - Master timed out, but deputy is unknown (no state yet?)
2025-12-23 13:56:11.470 [] WARN  SnakesGame - Retransmitting seq=33 to /198.18.0.1:9190 (retry 5)
2025-12-23 13:56:11.471 [] WARN  SnakesGame - Retransmitting seq=34 to /198.18.0.1:9190 (retry 3)
2025-12-23 13:56:11.471 [] WARN  SnakesGame - Retransmitting seq=35 to /198.18.0.1:9190 (retry 1)
2025-12-23 13:56:11.559 [pool-2-thread-1] WARN  SnakesGame - Master timed out, but deputy is unknown (no state yet?)
2025-12-23 13:56:11.725 [] ERROR SnakesGame - Message seq=33 to /198.18.0.1:9190 failed after 5 retries
2025-12-23 13:56:11.766 [pool-2-thread-2] WARN  SnakesGame - Master timed out, but deputy is unknown (no state yet?)
2025-12-23 13:56:11.964 [pool-2-thread-2] WARN  SnakesGame - Master timed out, but deputy is unknown (no state yet?)
2025-12-23 13:56:11.982 [] WARN  SnakesGame - Retransmitting seq=34 to /198.18.0.1:9190 (retry 4)
2025-12-23 13:56:11.983 [] WARN  SnakesGame - Retransmitting seq=35 to /198.18.0.1:9190 (retry 2)
2025-12-23 13:56:12.161 [pool-2-thread-2] WARN  SnakesGame - Master timed out, but deputy is unknown (no state yet?)
2025-12-23 13:56:12.303 [pool-2-thread-1] INFO  SnakesGame - Sent multicast announcement to 239.192.0.4:9192 (50 bytes)
2025-12-23 13:56:12.311 [] INFO  SnakesGame - Discovered game: 1 from /198.18.0.1:9190
2025-12-23 13:56:12.311 [] INFO  SnakesGame - Discovered game: 1 from /198.18.0.1:9190
2025-12-23 13:56:12.364 [pool-2-thread-2] WARN  SnakesGame - Master timed out, but deputy is unknown (no state yet?)
2025-12-23 13:56:12.494 [] WARN  SnakesGame - Retransmitting seq=34 to /198.18.0.1:9190 (retry 5)
2025-12-23 13:56:12.496 [] WARN  SnakesGame - Retransmitting seq=35 to /198.18.0.1:9190 (retry 3)
2025-12-23 13:56:12.503 [] WARN  SnakesGame - Retransmitting seq=36 to /198.18.0.1:9190 (retry 1)
2025-12-23 13:56:12.564 [pool-2-thread-1] WARN  SnakesGame - Master timed out, but deputy is unknown (no state yet?)
2025-12-23 13:56:12.755 [] ERROR SnakesGame - Message seq=34 to /198.18.0.1:9190 failed after 5 retries
2025-12-23 13:56:12.764 [pool-2-thread-1] WARN  SnakesGame - Master timed out, but deputy is unknown (no state yet?)
2025-12-23 13:56:12.963 [pool-2-thread-1] WARN  SnakesGame - Master timed out, but deputy is unknown (no state yet?)
2025-12-23 13:56:13.011 [] WARN  SnakesGame - Retransmitting seq=35 to /198.18.0.1:9190 (retry 4)
2025-12-23 13:56:13.012 [] WARN  SnakesGame - Retransmitting seq=36 to /198.18.0.1:9190 (retry 2)
2025-12-23 13:56:13.164 [pool-2-thread-1] WARN  SnakesGame - Master timed out, but deputy is unknown (no state yet?)
2025-12-23 13:56:13.270 [] WARN  SnakesGame - Retransmitting seq=35 to /198.18.0.1:9190 (retry 5)
2025-12-23 13:56:13.271 [] WARN  SnakesGame - Retransmitting seq=36 to /198.18.0.1:9190 (retry 3)
2025-12-23 13:56:13.271 [] WARN  SnakesGame - Retransmitting seq=37 to /198.18.0.1:9190 (retry 1)
2025-12-23 13:56:13.304 [pool-2-thread-3] INFO  SnakesGame - Sent multicast announcement to 239.192.0.4:9192 (50 bytes)
2025-12-23 13:56:13.306 [] INFO  SnakesGame - Discovered game: 1 from /198.18.0.1:9190
2025-12-23 13:56:13.307 [] INFO  SnakesGame - Discovered game: 1 from /198.18.0.1:9190
2025-12-23 13:56:13.362 [pool-2-thread-1] WARN  SnakesGame - Master timed out, but deputy is unknown (no state yet?)
2025-12-23 13:56:13.527 [] ERROR SnakesGame - Message seq=35 to /198.18.0.1:9190 failed after 5 retries
2025-12-23 13:56:13.564 [pool-2-thread-1] WARN  SnakesGame - Master timed out, but deputy is unknown (no state yet?)
2025-12-23 13:56:13.760 [pool-2-thread-2] WARN  SnakesGame - Master timed out, but deputy is unknown (no state yet?)
2025-12-23 13:56:13.781 [] WARN  SnakesGame - Retransmitting seq=36 to /198.18.0.1:9190 (retry 4)
2025-12-23 13:56:13.782 [] WARN  SnakesGame - Retransmitting seq=37 to /198.18.0.1:9190 (retry 2)
2025-12-23 13:56:13.964 [pool-2-thread-2] WARN  SnakesGame - Master timed out, but deputy is unknown (no state yet?)
2025-12-23 13:56:14.162 [pool-2-thread-2] WARN  SnakesGame - Master timed out, but deputy is unknown (no state yet?)
2025-12-23 13:56:14.290 [] WARN  SnakesGame - Retransmitting seq=36 to /198.18.0.1:9190 (retry 5)
2025-12-23 13:56:14.291 [] WARN  SnakesGame - Retransmitting seq=37 to /198.18.0.1:9190 (retry 3)
2025-12-23 13:56:14.292 [] WARN  SnakesGame - Retransmitting seq=38 to /198.18.0.1:9190 (retry 1)
2025-12-23 13:56:14.310 [pool-2-thread-2] INFO  SnakesGame - Sent multicast announcement to 239.192.0.4:9192 (50 bytes)
2025-12-23 13:56:14.311 [] INFO  SnakesGame - Discovered game: 1 from /198.18.0.1:9190
2025-12-23 13:56:14.311 [] INFO  SnakesGame - Discovered game: 1 from /198.18.0.1:9190
2025-12-23 13:56:14.364 [pool-2-thread-2] WARN  SnakesGame - Master timed out, but deputy is unknown (no state yet?)
2025-12-23 13:56:14.542 [] ERROR SnakesGame - Message seq=36 to /198.18.0.1:9190 failed after 5 retries
2025-12-23 13:56:14.564 [pool-2-thread-2] WARN  SnakesGame - Master timed out, but deputy is unknown (no state yet?)
2025-12-23 13:56:14.762 [pool-2-thread-1] WARN  SnakesGame - Master timed out, but deputy is unknown (no state yet?)
2025-12-23 13:56:14.795 [] WARN  SnakesGame - Retransmitting seq=37 to /198.18.0.1:9190 (retry 4)
2025-12-23 13:56:14.796 [] WARN  SnakesGame - Retransmitting seq=38 to /198.18.0.1:9190 (retry 2)
2025-12-23 13:56:14.964 [pool-2-thread-1] WARN  SnakesGame - Master timed out, but deputy is unknown (no state yet?)
2025-12-23 13:56:15.164 [pool-2-thread-1] WARN  SnakesGame - Master timed out, but deputy is unknown (no state yet?)
2025-12-23 13:56:15.304 [pool-2-thread-3] INFO  SnakesGame - Sent multicast announcement to 239.192.0.4:9192 (50 bytes)
2025-12-23 13:56:15.306 [] WARN  SnakesGame - Retransmitting seq=37 to /198.18.0.1:9190 (retry 5)
2025-12-23 13:56:15.307 [] WARN  SnakesGame - Retransmitting seq=38 to /198.18.0.1:9190 (retry 3)
2025-12-23 13:56:15.311 [] INFO  SnakesGame - Discovered game: 1 from /198.18.0.1:9190
2025-12-23 13:56:15.310 [] INFO  SnakesGame - Discovered game: 1 from /198.18.0.1:9190
2025-12-23 13:56:15.312 [] WARN  SnakesGame - Retransmitting seq=39 to /198.18.0.1:9190 (retry 1)
2025-12-23 13:56:15.362 [pool-2-thread-1] WARN  SnakesGame - Master timed out, but deputy is unknown (no state yet?)
2025-12-23 13:56:15.560 [pool-2-thread-1] WARN  SnakesGame - Master timed out, but deputy is unknown (no state yet?)
2025-12-23 13:56:15.568 [] ERROR SnakesGame - Message seq=37 to /198.18.0.1:9190 failed after 5 retries
2025-12-23 13:56:15.764 [pool-2-thread-1] WARN  SnakesGame - Master timed out, but deputy is unknown (no state yet?)
2025-12-23 13:56:15.825 [] WARN  SnakesGame - Retransmitting seq=38 to /198.18.0.1:9190 (retry 4)
2025-12-23 13:56:15.826 [] WARN  SnakesGame - Retransmitting seq=39 to /198.18.0.1:9190 (retry 2)
2025-12-23 13:56:15.964 [pool-2-thread-1] WARN  SnakesGame - Master timed out, but deputy is unknown (no state yet?)
2025-12-23 13:56:16.161 [pool-2-thread-1] WARN  SnakesGame - Master timed out, but deputy is unknown (no state yet?)
2025-12-23 13:56:16.307 [pool-2-thread-1] INFO  SnakesGame - Sent multicast announcement to 239.192.0.4:9192 (50 bytes)
2025-12-23 13:56:16.309 [] INFO  SnakesGame - Discovered game: 1 from /198.18.0.1:9190
2025-12-23 13:56:16.310 [] INFO  SnakesGame - Discovered game: 1 from /198.18.0.1:9190
2025-12-23 13:56:16.341 [] WARN  SnakesGame - Retransmitting seq=38 to /198.18.0.1:9190 (retry 5)
2025-12-23 13:56:16.341 [] WARN  SnakesGame - Retransmitting seq=39 to /198.18.0.1:9190 (retry 3)
2025-12-23 13:56:16.341 [] WARN  SnakesGame - Retransmitting seq=40 to /198.18.0.1:9190 (retry 1)
2025-12-23 13:56:16.364 [pool-2-thread-1] WARN  SnakesGame - Master timed out, but deputy is unknown (no state yet?)
2025-12-23 13:56:16.564 [pool-2-thread-1] WARN  SnakesGame - Master timed out, but deputy is unknown (no state yet?)
2025-12-23 13:56:16.597 [] ERROR SnakesGame - Message seq=38 to /198.18.0.1:9190 failed after 5 retries
2025-12-23 13:56:16.763 [pool-2-thread-1] WARN  SnakesGame - Master timed out, but deputy is unknown (no state yet?)
2025-12-23 13:56:16.849 [] WARN  SnakesGame - Retransmitting seq=39 to /198.18.0.1:9190 (retry 4)
2025-12-23 13:56:16.850 [] WARN  SnakesGame - Retransmitting seq=40 to /198.18.0.1:9190 (retry 2)
2025-12-23 13:56:16.963 [pool-2-thread-1] WARN  SnakesGame - Master timed out, but deputy is unknown (no state yet?)
2025-12-23 13:56:17.162 [pool-2-thread-1] WARN  SnakesGame - Master timed out, but deputy is unknown (no state yet?)
2025-12-23 13:56:17.311 [pool-2-thread-1] INFO  SnakesGame - Sent multicast announcement to 239.192.0.4:9192 (50 bytes)
2025-12-23 13:56:17.312 [] INFO  SnakesGame - Discovered game: 1 from /198.18.0.1:9190
2025-12-23 13:56:17.312 [] INFO  SnakesGame - Discovered game: 1 from /198.18.0.1:9190
2025-12-23 13:56:17.363 [pool-2-thread-1] WARN  SnakesGame - Master timed out, but deputy is unknown (no state yet?)
2025-12-23 13:56:17.367 [] WARN  SnakesGame - Retransmitting seq=39 to /198.18.0.1:9190 (retry 5)
2025-12-23 13:56:17.368 [] WARN  SnakesGame - Retransmitting seq=40 to /198.18.0.1:9190 (retry 3)
2025-12-23 13:56:17.368 [] WARN  SnakesGame - Retransmitting seq=41 to /198.18.0.1:9190 (retry 1)
2025-12-23 13:56:17.561 [pool-2-thread-1] WARN  SnakesGame - Master timed out, but deputy is unknown (no state yet?)
2025-12-23 13:56:17.627 [] ERROR SnakesGame - Message seq=39 to /198.18.0.1:9190 failed after 5 retries
2025-12-23 13:56:17.760 [pool-2-thread-1] WARN  SnakesGame - Master timed out, but deputy is unknown (no state yet?)
2025-12-23 13:56:17.883 [] WARN  SnakesGame - Retransmitting seq=40 to /198.18.0.1:9190 (retry 4)
2025-12-23 13:56:17.884 [] WARN  SnakesGame - Retransmitting seq=41 to /198.18.0.1:9190 (retry 2)
2025-12-23 13:56:17.962 [pool-2-thread-1] WARN  SnakesGame - Master timed out, but deputy is unknown (no state yet?)
2025-12-23 13:56:18.164 [pool-2-thread-1] WARN  SnakesGame - Master timed out, but deputy is unknown (no state yet?)
2025-12-23 13:56:18.302 [pool-2-thread-3] INFO  SnakesGame - Sent multicast announcement to 239.192.0.4:9192 (50 bytes)
2025-12-23 13:56:18.303 [] INFO  SnakesGame - Discovered game: 1 from /198.18.0.1:9190
2025-12-23 13:56:18.303 [] INFO  SnakesGame - Discovered game: 1 from /198.18.0.1:9190
2025-12-23 13:56:18.362 [pool-2-thread-1] WARN  SnakesGame - Master timed out, but deputy is unknown (no state yet?)
2025-12-23 13:56:18.393 [] WARN  SnakesGame - Retransmitting seq=40 to /198.18.0.1:9190 (retry 5)
2025-12-23 13:56:18.393 [] WARN  SnakesGame - Retransmitting seq=41 to /198.18.0.1:9190 (retry 3)
2025-12-23 13:56:18.393 [] WARN  SnakesGame - Retransmitting seq=42 to /198.18.0.1:9190 (retry 1)
2025-12-23 13:56:18.564 [pool-2-thread-2] WARN  SnakesGame - Master timed out, but deputy is unknown (no state yet?)
2025-12-23 13:56:18.648 [] ERROR SnakesGame - Message seq=40 to /198.18.0.1:9190 failed after 5 retries
2025-12-23 13:56:18.764 [pool-2-thread-2] WARN  SnakesGame - Master timed out, but deputy is unknown (no state yet?)
2025-12-23 13:56:18.909 [] WARN  SnakesGame - Retransmitting seq=41 to /198.18.0.1:9190 (retry 4)
2025-12-23 13:56:18.911 [] WARN  SnakesGame - Retransmitting seq=42 to /198.18.0.1:9190 (retry 2)
2025-12-23 13:56:18.962 [pool-2-thread-2] WARN  SnakesGame - Master timed out, but deputy is unknown (no state yet?)
2025-12-23 13:56:19.161 [pool-2-thread-2] WARN  SnakesGame - Master timed out, but deputy is unknown (no state yet?)
2025-12-23 13:56:19.304 [pool-2-thread-3] INFO  SnakesGame - Sent multicast announcement to 239.192.0.4:9192 (50 bytes)
2025-12-23 13:56:19.316 [] INFO  SnakesGame - Discovered game: 1 from /198.18.0.1:9190
2025-12-23 13:56:19.318 [] INFO  SnakesGame - Discovered game: 1 from /198.18.0.1:9190
2025-12-23 13:56:19.363 [pool-2-thread-2] WARN  SnakesGame - Master timed out, but deputy is unknown (no state yet?)
2025-12-23 13:56:19.425 [] WARN  SnakesGame - Retransmitting seq=41 to /198.18.0.1:9190 (retry 5)
2025-12-23 13:56:19.430 [] WARN  SnakesGame - Retransmitting seq=42 to /198.18.0.1:9190 (retry 3)
2025-12-23 13:56:19.431 [] WARN  SnakesGame - Retransmitting seq=43 to /198.18.0.1:9190 (retry 1)
2025-12-23 13:56:19.562 [pool-2-thread-2] WARN  SnakesGame - Master timed out, but deputy is unknown (no state yet?)
2025-12-23 13:56:19.684 [] ERROR SnakesGame - Message seq=41 to /198.18.0.1:9190 failed after 5 retries
2025-12-23 13:56:19.767 [pool-2-thread-1] WARN  SnakesGame - Master timed out, but deputy is unknown (no state yet?)
2025-12-23 13:56:19.941 [] WARN  SnakesGame - Retransmitting seq=42 to /198.18.0.1:9190 (retry 4)
2025-12-23 13:56:19.943 [] WARN  SnakesGame - Retransmitting seq=43 to /198.18.0.1:9190 (retry 2)
2025-12-23 13:56:19.970 [pool-2-thread-1] WARN  SnakesGame - Master timed out, but deputy is unknown (no state yet?)
2025-12-23 13:56:20.164 [pool-2-thread-1] WARN  SnakesGame - Master timed out, but deputy is unknown (no state yet?)
2025-12-23 13:56:20.306 [pool-2-thread-2] INFO  SnakesGame - Sent multicast announcement to 239.192.0.4:9192 (50 bytes)
2025-12-23 13:56:20.317 [] INFO  SnakesGame - Discovered game: 1 from /198.18.0.1:9190
2025-12-23 13:56:20.321 [] INFO  SnakesGame - Discovered game: 1 from /198.18.0.1:9190
2025-12-23 13:56:20.363 [pool-2-thread-1] WARN  SnakesGame - Master timed out, but deputy is unknown (no state yet?)
2025-12-23 13:56:20.449 [] WARN  SnakesGame - Retransmitting seq=42 to /198.18.0.1:9190 (retry 5)
2025-12-23 13:56:20.450 [] WARN  SnakesGame - Retransmitting seq=43 to /198.18.0.1:9190 (retry 3)
2025-12-23 13:56:20.451 [] WARN  SnakesGame - Retransmitting seq=44 to /198.18.0.1:9190 (retry 1)
2025-12-23 13:56:20.562 [pool-2-thread-2] WARN  SnakesGame - Master timed out, but deputy is unknown (no state yet?)
2025-12-23 13:56:20.710 [] ERROR SnakesGame - Message seq=42 to /198.18.0.1:9190 failed after 5 retries
2025-12-23 13:56:20.768 [pool-2-thread-1] WARN  SnakesGame - Master timed out, but deputy is unknown (no state yet?)
2025-12-23 13:56:20.963 [pool-2-thread-1] WARN  SnakesGame - Master timed out, but deputy is unknown (no state yet?)
2025-12-23 13:56:20.966 [] WARN  SnakesGame - Retransmitting seq=43 to /198.18.0.1:9190 (retry 4)
2025-12-23 13:56:20.967 [] WARN  SnakesGame - Retransmitting seq=44 to /198.18.0.1:9190 (retry 2)
2025-12-23 13:56:21.160 [pool-2-thread-1] WARN  SnakesGame - Master timed out, but deputy is unknown (no state yet?)
2025-12-23 13:56:21.312 [pool-2-thread-3] INFO  SnakesGame - Sent multicast announcement to 239.192.0.4:9192 (50 bytes)
2025-12-23 13:56:21.316 [] INFO  SnakesGame - Discovered game: 1 from /198.18.0.1:9190
2025-12-23 13:56:21.316 [] INFO  SnakesGame - Discovered game: 1 from /198.18.0.1:9190
2025-12-23 13:56:21.364 [pool-2-thread-1] WARN  SnakesGame - Master timed out, but deputy is unknown (no state yet?)
2025-12-23 13:56:21.469 [] WARN  SnakesGame - Retransmitting seq=43 to /198.18.0.1:9190 (retry 5)
2025-12-23 13:56:21.471 [] WARN  SnakesGame - Retransmitting seq=44 to /198.18.0.1:9190 (retry 3)
2025-12-23 13:56:21.471 [] WARN  SnakesGame - Retransmitting seq=45 to /198.18.0.1:9190 (retry 1)
2025-12-23 13:56:21.564 [pool-2-thread-1] WARN  SnakesGame - Master timed out, but deputy is unknown (no state yet?)
2025-12-23 13:56:21.727 [] ERROR SnakesGame - Message seq=43 to /198.18.0.1:9190 failed after 5 retries
2025-12-23 13:56:21.763 [pool-2-thread-2] WARN  SnakesGame - Master timed out, but deputy is unknown (no state yet?)
2025-12-23 13:56:21.962 [pool-2-thread-2] WARN  SnakesGame - Master timed out, but deputy is unknown (no state yet?)
2025-12-23 13:56:21.983 [] WARN  SnakesGame - Retransmitting seq=44 to /198.18.0.1:9190 (retry 4)
2025-12-23 13:56:21.989 [] WARN  SnakesGame - Retransmitting seq=45 to /198.18.0.1:9190 (retry 2)
2025-12-23 13:56:22.164 [pool-2-thread-2] WARN  SnakesGame - Master timed out, but deputy is unknown (no state yet?)
2025-12-23 13:56:22.299 [pool-2-thread-2] INFO  SnakesGame - Sent multicast announcement to 239.192.0.4:9192 (50 bytes)
2025-12-23 13:56:22.300 [] INFO  SnakesGame - Discovered game: 1 from /198.18.0.1:9190
2025-12-23 13:56:22.300 [] INFO  SnakesGame - Discovered game: 1 from /198.18.0.1:9190
2025-12-23 13:56:22.360 [pool-2-thread-2] WARN  SnakesGame - Master timed out, but deputy is unknown (no state yet?)
2025-12-23 13:56:22.502 [] WARN  SnakesGame - Retransmitting seq=44 to /198.18.0.1:9190 (retry 5)
2025-12-23 13:56:22.502 [] WARN  SnakesGame - Retransmitting seq=45 to /198.18.0.1:9190 (retry 3)
2025-12-23 13:56:22.503 [] WARN  SnakesGame - Retransmitting seq=46 to /198.18.0.1:9190 (retry 1)
2025-12-23 13:56:22.564 [pool-2-thread-2] WARN  SnakesGame - Master timed out, but deputy is unknown (no state yet?)
2025-12-23 13:56:22.758 [] ERROR SnakesGame - Message seq=44 to /198.18.0.1:9190 failed after 5 retries
2025-12-23 13:56:22.763 [pool-2-thread-1] WARN  SnakesGame - Master timed out, but deputy is unknown (no state yet?)
2025-12-23 13:56:22.963 [pool-2-thread-1] WARN  SnakesGame - Master timed out, but deputy is unknown (no state yet?)
2025-12-23 13:56:23.014 [] WARN  SnakesGame - Retransmitting seq=45 to /198.18.0.1:9190 (retry 4)
2025-12-23 13:56:23.015 [] WARN  SnakesGame - Retransmitting seq=46 to /198.18.0.1:9190 (retry 2)
2025-12-23 13:56:23.159 [pool-2-thread-1] WARN  SnakesGame - Master timed out, but deputy is unknown (no state yet?)
2025-12-23 13:56:23.269 [] WARN  SnakesGame - Retransmitting seq=45 to /198.18.0.1:9190 (retry 5)
2025-12-23 13:56:23.271 [] WARN  SnakesGame - Retransmitting seq=46 to /198.18.0.1:9190 (retry 3)
2025-12-23 13:56:23.271 [] WARN  SnakesGame - Retransmitting seq=47 to /198.18.0.1:9190 (retry 1)
2025-12-23 13:56:23.306 [pool-2-thread-1] INFO  SnakesGame - Sent multicast announcement to 239.192.0.4:9192 (50 bytes)
2025-12-23 13:56:23.311 [] INFO  SnakesGame - Discovered game: 1 from /198.18.0.1:9190
2025-12-23 13:56:23.312 [] INFO  SnakesGame - Discovered game: 1 from /198.18.0.1:9190
2025-12-23 13:56:23.360 [pool-2-thread-1] WARN  SnakesGame - Master timed out, but deputy is unknown (no state yet?)
2025-12-23 13:56:23.525 [] ERROR SnakesGame - Message seq=45 to /198.18.0.1:9190 failed after 5 retries
2025-12-23 13:56:23.569 [pool-2-thread-1] WARN  SnakesGame - Master timed out, but deputy is unknown (no state yet?)
2025-12-23 13:56:23.759 [pool-2-thread-2] WARN  SnakesGame - Master timed out, but deputy is unknown (no state yet?)
2025-12-23 13:56:23.778 [] WARN  SnakesGame - Retransmitting seq=46 to /198.18.0.1:9190 (retry 4)
2025-12-23 13:56:23.778 [] WARN  SnakesGame - Retransmitting seq=47 to /198.18.0.1:9190 (retry 2)
2025-12-23 13:56:23.961 [pool-2-thread-2] WARN  SnakesGame - Master timed out, but deputy is unknown (no state yet?)
2025-12-23 13:56:24.163 [pool-2-thread-2] WARN  SnakesGame - Master timed out, but deputy is unknown (no state yet?)
2025-12-23 13:56:24.289 [] WARN  SnakesGame - Retransmitting seq=48 to /198.18.0.1:9190 (retry 1)
2025-12-23 13:56:24.291 [] WARN  SnakesGame - Retransmitting seq=46 to /198.18.0.1:9190 (retry 5)
2025-12-23 13:56:24.293 [] WARN  SnakesGame - Retransmitting seq=47 to /198.18.0.1:9190 (retry 3)
2025-12-23 13:56:24.304 [pool-2-thread-2] INFO  SnakesGame - Sent multicast announcement to 239.192.0.4:9192 (50 bytes)
2025-12-23 13:56:24.308 [] INFO  SnakesGame - Discovered game: 1 from /198.18.0.1:9190
2025-12-23 13:56:24.308 [] INFO  SnakesGame - Discovered game: 1 from /198.18.0.1:9190
2025-12-23 13:56:24.363 [pool-2-thread-2] WARN  SnakesGame - Master timed out, but deputy is unknown (no state yet?)
2025-12-23 13:56:24.548 [] ERROR SnakesGame - Message seq=46 to /198.18.0.1:9190 failed after 5 retries
2025-12-23 13:56:24.562 [pool-2-thread-2] WARN  SnakesGame - Master timed out, but deputy is unknown (no state yet?)
2025-12-23 13:56:24.764 [pool-2-thread-1] WARN  SnakesGame - Master timed out, but deputy is unknown (no state yet?)
2025-12-23 13:56:24.804 [] WARN  SnakesGame - Retransmitting seq=48 to /198.18.0.1:9190 (retry 2)
2025-12-23 13:56:24.806 [] WARN  SnakesGame - Retransmitting seq=47 to /198.18.0.1:9190 (retry 4)
2025-12-23 13:56:24.959 [pool-2-thread-1] WARN  SnakesGame - Master timed out, but deputy is unknown (no state yet?)
2025-12-23 13:56:25.163 [pool-2-thread-1] WARN  SnakesGame - Master timed out, but deputy is unknown (no state yet?)
2025-12-23 13:56:25.306 [pool-2-thread-2] INFO  SnakesGame - Sent multicast announcement to 239.192.0.4:9192 (50 bytes)
2025-12-23 13:56:25.308 [] INFO  SnakesGame - Discovered game: 1 from /198.18.0.1:9190
2025-12-23 13:56:25.308 [] INFO  SnakesGame - Discovered game: 1 from /198.18.0.1:9190
2025-12-23 13:56:25.325 [] WARN  SnakesGame - Retransmitting seq=48 to /198.18.0.1:9190 (retry 3)
2025-12-23 13:56:25.325 [] WARN  SnakesGame - Retransmitting seq=49 to /198.18.0.1:9190 (retry 1)
2025-12-23 13:56:25.325 [] WARN  SnakesGame - Retransmitting seq=47 to /198.18.0.1:9190 (retry 5)
2025-12-23 13:56:25.361 [pool-2-thread-1] WARN  SnakesGame - Master timed out, but deputy is unknown (no state yet?)
2025-12-23 13:56:25.564 [pool-2-thread-1] WARN  SnakesGame - Master timed out, but deputy is unknown (no state yet?)
2025-12-23 13:56:25.577 [] ERROR SnakesGame - Message seq=47 to /198.18.0.1:9190 failed after 5 retries
2025-12-23 13:56:25.763 [pool-2-thread-1] WARN  SnakesGame - Master timed out, but deputy is unknown (no state yet?)
2025-12-23 13:56:25.830 [] WARN  SnakesGame - Retransmitting seq=48 to /198.18.0.1:9190 (retry 4)
2025-12-23 13:56:25.831 [] WARN  SnakesGame - Retransmitting seq=49 to /198.18.0.1:9190 (retry 2)
2025-12-23 13:56:25.963 [pool-2-thread-1] WARN  SnakesGame - Master timed out, but deputy is unknown (no state yet?)
2025-12-23 13:56:26.161 [pool-2-thread-1] WARN  SnakesGame - Master timed out, but deputy is unknown (no state yet?)
2025-12-23 13:56:26.305 [pool-2-thread-2] INFO  SnakesGame - Sent multicast announcement to 239.192.0.4:9192 (51 bytes)
2025-12-23 13:56:26.307 [] INFO  SnakesGame - Discovered game: 1 from /198.18.0.1:9190
2025-12-23 13:56:26.308 [] INFO  SnakesGame - Discovered game: 1 from /198.18.0.1:9190
2025-12-23 13:56:26.343 [] WARN  SnakesGame - Retransmitting seq=48 to /198.18.0.1:9190 (retry 5)
2025-12-23 13:56:26.343 [] WARN  SnakesGame - Retransmitting seq=49 to /198.18.0.1:9190 (retry 3)
2025-12-23 13:56:26.343 [] WARN  SnakesGame - Retransmitting seq=50 to /198.18.0.1:9190 (retry 1)
2025-12-23 13:56:26.361 [pool-2-thread-1] WARN  SnakesGame - Master timed out, but deputy is unknown (no state yet?)
2025-12-23 13:56:26.559 [pool-2-thread-1] WARN  SnakesGame - Master timed out, but deputy is unknown (no state yet?)
2025-12-23 13:56:26.598 [] ERROR SnakesGame - Message seq=48 to /198.18.0.1:9190 failed after 5 retries
2025-12-23 13:56:26.761 [pool-2-thread-1] WARN  SnakesGame - Master timed out, but deputy is unknown (no state yet?)
2025-12-23 13:56:26.853 [] WARN  SnakesGame - Retransmitting seq=49 to /198.18.0.1:9190 (retry 4)
2025-12-23 13:56:26.853 [] WARN  SnakesGame - Retransmitting seq=50 to /198.18.0.1:9190 (retry 2)
2025-12-23 13:56:26.964 [pool-2-thread-1] WARN  SnakesGame - Master timed out, but deputy is unknown (no state yet?)
2025-12-23 13:56:27.162 [pool-2-thread-1] WARN  SnakesGame - Master timed out, but deputy is unknown (no state yet?)
2025-12-23 13:56:27.303 [pool-2-thread-3] INFO  SnakesGame - Sent multicast announcement to 239.192.0.4:9192 (51 bytes)
2025-12-23 13:56:27.306 [] INFO  SnakesGame - Discovered game: 1 from /198.18.0.1:9190
2025-12-23 13:56:27.307 [] INFO  SnakesGame - Discovered game: 1 from /198.18.0.1:9190
2025-12-23 13:56:27.361 [] WARN  SnakesGame - Retransmitting seq=49 to /198.18.0.1:9190 (retry 5)
2025-12-23 13:56:27.363 [] WARN  SnakesGame - Retransmitting seq=50 to /198.18.0.1:9190 (retry 3)
2025-12-23 13:56:27.364 [] WARN  SnakesGame - Retransmitting seq=51 to /198.18.0.1:9190 (retry 1)
2025-12-23 13:56:27.364 [pool-2-thread-1] WARN  SnakesGame - Master timed out, but deputy is unknown (no state yet?)
2025-12-23 13:56:27.562 [pool-2-thread-1] WARN  SnakesGame - Master timed out, but deputy is unknown (no state yet?)
2025-12-23 13:56:27.619 [] ERROR SnakesGame - Message seq=49 to /198.18.0.1:9190 failed after 5 retries
2025-12-23 13:56:27.764 [pool-2-thread-1] WARN  SnakesGame - Master timed out, but deputy is unknown (no state yet?)
2025-12-23 13:56:27.871 [] WARN  SnakesGame - Retransmitting seq=50 to /198.18.0.1:9190 (retry 4)
2025-12-23 13:56:27.872 [] WARN  SnakesGame - Retransmitting seq=51 to /198.18.0.1:9190 (retry 2)
2025-12-23 13:56:27.964 [pool-2-thread-1] WARN  SnakesGame - Master timed out, but deputy is unknown (no state yet?)
2025-12-23 13:56:28.159 [pool-2-thread-1] WARN  SnakesGame - Master timed out, but deputy is unknown (no state yet?)
2025-12-23 13:56:28.314 [pool-2-thread-1] INFO  SnakesGame - Sent multicast announcement to 239.192.0.4:9192 (51 bytes)
2025-12-23 13:56:28.316 [] INFO  SnakesGame - Discovered game: 1 from /198.18.0.1:9190
2025-12-23 13:56:28.317 [] INFO  SnakesGame - Discovered game: 1 from /198.18.0.1:9190
2025-12-23 13:56:28.364 [pool-2-thread-1] WARN  SnakesGame - Master timed out, but deputy is unknown (no state yet?)
2025-12-23 13:56:28.381 [] WARN  SnakesGame - Retransmitting seq=50 to /198.18.0.1:9190 (retry 5)
2025-12-23 13:56:28.382 [] WARN  SnakesGame - Retransmitting seq=51 to /198.18.0.1:9190 (retry 3)
2025-12-23 13:56:28.383 [] WARN  SnakesGame - Retransmitting seq=52 to /198.18.0.1:9190 (retry 1)
2025-12-23 13:56:28.564 [pool-2-thread-1] WARN  SnakesGame - Master timed out, but deputy is unknown (no state yet?)
2025-12-23 13:56:28.637 [] ERROR SnakesGame - Message seq=50 to /198.18.0.1:9190 failed after 5 retries
2025-12-23 13:56:28.763 [pool-2-thread-1] WARN  SnakesGame - Master timed out, but deputy is unknown (no state yet?)
2025-12-23 13:56:28.893 [] WARN  SnakesGame - Retransmitting seq=51 to /198.18.0.1:9190 (retry 4)
2025-12-23 13:56:28.894 [] WARN  SnakesGame - Retransmitting seq=52 to /198.18.0.1:9190 (retry 2)
2025-12-23 13:56:28.963 [pool-2-thread-1] WARN  SnakesGame - Master timed out, but deputy is unknown (no state yet?)
2025-12-23 13:56:29.160 [pool-2-thread-1] WARN  SnakesGame - Master timed out, but deputy is unknown (no state yet?)
2025-12-23 13:56:29.305 [pool-2-thread-3] INFO  SnakesGame - Sent multicast announcement to 239.192.0.4:9192 (51 bytes)
2025-12-23 13:56:29.307 [] INFO  SnakesGame - Discovered game: 1 from /198.18.0.1:9190
2025-12-23 13:56:29.308 [] INFO  SnakesGame - Discovered game: 1 from /198.18.0.1:9190
2025-12-23 13:56:29.364 [pool-2-thread-1] WARN  SnakesGame - Master timed out, but deputy is unknown (no state yet?)
2025-12-23 13:56:29.404 [] WARN  SnakesGame - Retransmitting seq=51 to /198.18.0.1:9190 (retry 5)
2025-12-23 13:56:29.405 [] WARN  SnakesGame - Retransmitting seq=52 to /198.18.0.1:9190 (retry 3)
2025-12-23 13:56:29.406 [] WARN  SnakesGame - Retransmitting seq=53 to /198.18.0.1:9190 (retry 1)
2025-12-23 13:56:29.560 [pool-2-thread-1] WARN  SnakesGame - Master timed out, but deputy is unknown (no state yet?)
2025-12-23 13:56:29.668 [] ERROR SnakesGame - Message seq=51 to /198.18.0.1:9190 failed after 5 retries
2025-12-23 13:56:29.763 [pool-2-thread-2] WARN  SnakesGame - Master timed out, but deputy is unknown (no state yet?)
2025-12-23 13:56:29.923 [] WARN  SnakesGame - Retransmitting seq=52 to /198.18.0.1:9190 (retry 4)
2025-12-23 13:56:29.924 [] WARN  SnakesGame - Retransmitting seq=53 to /198.18.0.1:9190 (retry 2)
2025-12-23 13:56:29.968 [pool-2-thread-2] WARN  SnakesGame - Master timed out, but deputy is unknown (no state yet?)
2025-12-23 13:56:30.162 [pool-2-thread-2] WARN  SnakesGame - Master timed out, but deputy is unknown (no state yet?)
2025-12-23 13:56:30.303 [pool-2-thread-2] INFO  SnakesGame - Sent multicast announcement to 239.192.0.4:9192 (51 bytes)
2025-12-23 13:56:30.305 [] INFO  SnakesGame - Discovered game: 1 from /198.18.0.1:9190
2025-12-23 13:56:30.305 [] INFO  SnakesGame - Discovered game: 1 from /198.18.0.1:9190
2025-12-23 13:56:30.364 [pool-2-thread-2] WARN  SnakesGame - Master timed out, but deputy is unknown (no state yet?)
2025-12-23 13:56:30.431 [] WARN  SnakesGame - Retransmitting seq=52 to /198.18.0.1:9190 (retry 5)
2025-12-23 13:56:30.435 [] WARN  SnakesGame - Retransmitting seq=53 to /198.18.0.1:9190 (retry 3)
2025-12-23 13:56:30.435 [] WARN  SnakesGame - Retransmitting seq=54 to /198.18.0.1:9190 (retry 1)
2025-12-23 13:56:30.560 [pool-2-thread-2] WARN  SnakesGame - Master timed out, but deputy is unknown (no state yet?)
2025-12-23 13:56:30.688 [] ERROR SnakesGame - Message seq=52 to /198.18.0.1:9190 failed after 5 retries
2025-12-23 13:56:30.762 [pool-2-thread-2] WARN  SnakesGame - Master timed out, but deputy is unknown (no state yet?)
2025-12-23 13:56:30.946 [] WARN  SnakesGame - Retransmitting seq=53 to /198.18.0.1:9190 (retry 4)
2025-12-23 13:56:30.946 [] WARN  SnakesGame - Retransmitting seq=54 to /198.18.0.1:9190 (retry 2)
2025-12-23 13:56:30.964 [pool-2-thread-2] WARN  SnakesGame - Master timed out, but deputy is unknown (no state yet?)
2025-12-23 13:56:31.162 [pool-2-thread-2] WARN  SnakesGame - Master timed out, but deputy is unknown (no state yet?)
2025-12-23 13:56:31.301 [pool-2-thread-2] INFO  SnakesGame - Sent multicast announcement to 239.192.0.4:9192 (51 bytes)
2025-12-23 13:56:31.302 [] INFO  SnakesGame - Discovered game: 1 from /198.18.0.1:9190
2025-12-23 13:56:31.305 [] INFO  SnakesGame - Discovered game: 1 from /198.18.0.1:9190
2025-12-23 13:56:31.361 [pool-2-thread-2] WARN  SnakesGame - Master timed out, but deputy is unknown (no state yet?)
2025-12-23 13:56:31.452 [] WARN  SnakesGame - Retransmitting seq=53 to /198.18.0.1:9190 (retry 5)
2025-12-23 13:56:31.454 [] WARN  SnakesGame - Retransmitting seq=54 to /198.18.0.1:9190 (retry 3)
2025-12-23 13:56:31.454 [] WARN  SnakesGame - Retransmitting seq=55 to /198.18.0.1:9190 (retry 1)
2025-12-23 13:56:31.562 [pool-2-thread-2] WARN  SnakesGame - Master timed out, but deputy is unknown (no state yet?)
2025-12-23 13:56:31.708 [] ERROR SnakesGame - Message seq=53 to /198.18.0.1:9190 failed after 5 retries
2025-12-23 13:56:31.765 [pool-2-thread-1] WARN  SnakesGame - Master timed out, but deputy is unknown (no state yet?)
2025-12-23 13:56:31.963 [] WARN  SnakesGame - Retransmitting seq=54 to /198.18.0.1:9190 (retry 4)
2025-12-23 13:56:31.963 [] WARN  SnakesGame - Retransmitting seq=55 to /198.18.0.1:9190 (retry 2)
2025-12-23 13:56:31.972 [pool-2-thread-1] WARN  SnakesGame - Master timed out, but deputy is unknown (no state yet?)
2025-12-23 13:56:32.164 [pool-2-thread-1] WARN  SnakesGame - Master timed out, but deputy is unknown (no state yet?)
2025-12-23 13:56:32.300 [pool-2-thread-1] INFO  SnakesGame - Sent multicast announcement to 239.192.0.4:9192 (51 bytes)
2025-12-23 13:56:32.309 [] INFO  SnakesGame - Discovered game: 1 from /198.18.0.1:9190
2025-12-23 13:56:32.309 [] INFO  SnakesGame - Discovered game: 1 from /198.18.0.1:9190
2025-12-23 13:56:32.363 [pool-2-thread-1] WARN  SnakesGame - Master timed out, but deputy is unknown (no state yet?)
2025-12-23 13:56:32.472 [] WARN  SnakesGame - Retransmitting seq=54 to /198.18.0.1:9190 (retry 5)
2025-12-23 13:56:32.474 [] WARN  SnakesGame - Retransmitting seq=55 to /198.18.0.1:9190 (retry 3)
2025-12-23 13:56:32.479 [] WARN  SnakesGame - Retransmitting seq=56 to /198.18.0.1:9190 (retry 1)
2025-12-23 13:56:32.564 [pool-2-thread-1] WARN  SnakesGame - Master timed out, but deputy is unknown (no state yet?)
2025-12-23 13:56:32.732 [] ERROR SnakesGame - Message seq=54 to /198.18.0.1:9190 failed after 5 retries
2025-12-23 13:56:32.774 [pool-2-thread-2] WARN  SnakesGame - Master timed out, but deputy is unknown (no state yet?)
2025-12-23 13:56:32.964 [pool-2-thread-2] WARN  SnakesGame - Master timed out, but deputy is unknown (no state yet?)
2025-12-23 13:56:32.984 [] WARN  SnakesGame - Retransmitting seq=55 to /198.18.0.1:9190 (retry 4)
2025-12-23 13:56:32.985 [] WARN  SnakesGame - Retransmitting seq=56 to /198.18.0.1:9190 (retry 2)
2025-12-23 13:56:33.163 [pool-2-thread-2] WARN  SnakesGame - Master timed out, but deputy is unknown (no state yet?)
2025-12-23 13:56:33.303 [pool-2-thread-2] INFO  SnakesGame - Sent multicast announcement to 239.192.0.4:9192 (51 bytes)
2025-12-23 13:56:33.304 [] INFO  SnakesGame - Discovered game: 1 from /198.18.0.1:9190
2025-12-23 13:56:33.304 [] INFO  SnakesGame - Discovered game: 1 from /198.18.0.1:9190
2025-12-23 13:56:33.359 [pool-2-thread-2] WARN  SnakesGame - Master timed out, but deputy is unknown (no state yet?)
2025-12-23 13:56:33.499 [] WARN  SnakesGame - Retransmitting seq=55 to /198.18.0.1:9190 (retry 5)
2025-12-23 13:56:33.499 [] WARN  SnakesGame - Retransmitting seq=56 to /198.18.0.1:9190 (retry 3)
2025-12-23 13:56:33.500 [] WARN  SnakesGame - Retransmitting seq=57 to /198.18.0.1:9190 (retry 1)
2025-12-23 13:56:33.564 [pool-2-thread-2] WARN  SnakesGame - Master timed out, but deputy is unknown (no state yet?)
2025-12-23 13:56:33.752 [] ERROR SnakesGame - Message seq=55 to /198.18.0.1:9190 failed after 5 retries
2025-12-23 13:56:33.762 [pool-2-thread-2] WARN  SnakesGame - Master timed out, but deputy is unknown (no state yet?)
2025-12-23 13:56:33.960 [pool-2-thread-2] WARN  SnakesGame - Master timed out, but deputy is unknown (no state yet?)
2025-12-23 13:56:34.008 [] WARN  SnakesGame - Retransmitting seq=56 to /198.18.0.1:9190 (retry 4)
2025-12-23 13:56:34.009 [] WARN  SnakesGame - Retransmitting seq=57 to /198.18.0.1:9190 (retry 2)
2025-12-23 13:56:34.160 [pool-2-thread-2] WARN  SnakesGame - Master timed out, but deputy is unknown (no state yet?)
2025-12-23 13:56:34.265 [] WARN  SnakesGame - Retransmitting seq=58 to /198.18.0.1:9190 (retry 1)
2025-12-23 13:56:34.304 [pool-2-thread-2] INFO  SnakesGame - Sent multicast announcement to 239.192.0.4:9192 (51 bytes)
2025-12-23 13:56:34.306 [] INFO  SnakesGame - Discovered game: 1 from /198.18.0.1:9190
2025-12-23 13:56:34.306 [] INFO  SnakesGame - Discovered game: 1 from /198.18.0.1:9190
2025-12-23 13:56:34.367 [pool-2-thread-2] WARN  SnakesGame - Master timed out, but deputy is unknown (no state yet?)
2025-12-23 13:56:34.526 [] WARN  SnakesGame - Retransmitting seq=56 to /198.18.0.1:9190 (retry 5)
2025-12-23 13:56:34.527 [] WARN  SnakesGame - Retransmitting seq=57 to /198.18.0.1:9190 (retry 3)
2025-12-23 13:56:34.564 [pool-2-thread-1] WARN  SnakesGame - Master timed out, but deputy is unknown (no state yet?)
2025-12-23 13:56:34.763 [pool-2-thread-2] WARN  SnakesGame - Master timed out, but deputy is unknown (no state yet?)
2025-12-23 13:56:34.782 [] ERROR SnakesGame - Message seq=56 to /198.18.0.1:9190 failed after 5 retries
2025-12-23 13:56:34.783 [] WARN  SnakesGame - Retransmitting seq=57 to /198.18.0.1:9190 (retry 4)
2025-12-23 13:56:34.783 [] WARN  SnakesGame - Retransmitting seq=58 to /198.18.0.1:9190 (retry 2)
2025-12-23 13:56:34.961 [pool-2-thread-2] WARN  SnakesGame - Master timed out, but deputy is unknown (no state yet?)
2025-12-23 13:56:35.162 [pool-2-thread-2] WARN  SnakesGame - Master timed out, but deputy is unknown (no state yet?)
2025-12-23 13:56:35.291 [] WARN  SnakesGame - Retransmitting seq=57 to /198.18.0.1:9190 (retry 5)
2025-12-23 13:56:35.292 [] WARN  SnakesGame - Retransmitting seq=58 to /198.18.0.1:9190 (retry 3)
2025-12-23 13:56:35.293 [] WARN  SnakesGame - Retransmitting seq=59 to /198.18.0.1:9190 (retry 1)
2025-12-23 13:56:35.303 [pool-2-thread-1] INFO  SnakesGame - Sent multicast announcement to 239.192.0.4:9192 (51 bytes)
2025-12-23 13:56:35.307 [] INFO  SnakesGame - Discovered game: 1 from /198.18.0.1:9190
2025-12-23 13:56:35.310 [] INFO  SnakesGame - Discovered game: 1 from /198.18.0.1:9190
2025-12-23 13:56:35.360 [pool-2-thread-2] WARN  SnakesGame - Master timed out, but deputy is unknown (no state yet?)
2025-12-23 13:56:35.550 [] ERROR SnakesGame - Message seq=57 to /198.18.0.1:9190 failed after 5 retries
2025-12-23 13:56:35.559 [pool-2-thread-2] WARN  SnakesGame - Master timed out, but deputy is unknown (no state yet?)
2025-12-23 13:56:35.762 [pool-2-thread-2] WARN  SnakesGame - Master timed out, but deputy is unknown (no state yet?)
2025-12-23 13:56:35.804 [] WARN  SnakesGame - Retransmitting seq=58 to /198.18.0.1:9190 (retry 4)
2025-12-23 13:56:35.805 [] WARN  SnakesGame - Retransmitting seq=59 to /198.18.0.1:9190 (retry 2)
2025-12-23 13:56:35.960 [pool-2-thread-2] WARN  SnakesGame - Master timed out, but deputy is unknown (no state yet?)
2025-12-23 13:56:36.162 [pool-2-thread-2] WARN  SnakesGame - Master timed out, but deputy is unknown (no state yet?)
2025-12-23 13:56:36.303 [pool-2-thread-3] INFO  SnakesGame - Sent multicast announcement to 239.192.0.4:9192 (51 bytes)
2025-12-23 13:56:36.312 [] INFO  SnakesGame - Discovered game: 1 from /198.18.0.1:9190
2025-12-23 13:56:36.313 [] INFO  SnakesGame - Discovered game: 1 from /198.18.0.1:9190
2025-12-23 13:56:36.317 [] WARN  SnakesGame - Retransmitting seq=58 to /198.18.0.1:9190 (retry 5)
2025-12-23 13:56:36.318 [] WARN  SnakesGame - Retransmitting seq=59 to /198.18.0.1:9190 (retry 3)
2025-12-23 13:56:36.318 [] WARN  SnakesGame - Retransmitting seq=60 to /198.18.0.1:9190 (retry 1)
2025-12-23 13:56:36.364 [pool-2-thread-2] WARN  SnakesGame - Master timed out, but deputy is unknown (no state yet?)
2025-12-23 13:56:36.564 [pool-2-thread-2] WARN  SnakesGame - Master timed out, but deputy is unknown (no state yet?)
2025-12-23 13:56:36.570 [] ERROR SnakesGame - Message seq=58 to /198.18.0.1:9190 failed after 5 retries
2025-12-23 13:56:36.761 [pool-2-thread-1] WARN  SnakesGame - Master timed out, but deputy is unknown (no state yet?)
2025-12-23 13:56:36.827 [] WARN  SnakesGame - Retransmitting seq=59 to /198.18.0.1:9190 (retry 4)
2025-12-23 13:56:36.830 [] WARN  SnakesGame - Retransmitting seq=60 to /198.18.0.1:9190 (retry 2)
2025-12-23 13:56:36.963 [pool-2-thread-1] WARN  SnakesGame - Master timed out, but deputy is unknown (no state yet?)
2025-12-23 13:56:37.159 [pool-2-thread-1] WARN  SnakesGame - Master timed out, but deputy is unknown (no state yet?)
2025-12-23 13:56:37.304 [pool-2-thread-1] INFO  SnakesGame - Sent multicast announcement to 239.192.0.4:9192 (51 bytes)
2025-12-23 13:56:37.307 [] INFO  SnakesGame - Discovered game: 1 from /198.18.0.1:9190
2025-12-23 13:56:37.309 [] INFO  SnakesGame - Discovered game: 1 from /198.18.0.1:9190
2025-12-23 13:56:37.340 [] WARN  SnakesGame - Retransmitting seq=59 to /198.18.0.1:9190 (retry 5)
2025-12-23 13:56:37.340 [] WARN  SnakesGame - Retransmitting seq=60 to /198.18.0.1:9190 (retry 3)
2025-12-23 13:56:37.340 [] WARN  SnakesGame - Retransmitting seq=61 to /198.18.0.1:9190 (retry 1)
2025-12-23 13:56:37.363 [pool-2-thread-1] WARN  SnakesGame - Master timed out, but deputy is unknown (no state yet?)
2025-12-23 13:56:37.562 [pool-2-thread-1] WARN  SnakesGame - Master timed out, but deputy is unknown (no state yet?)
2025-12-23 13:56:37.594 [] ERROR SnakesGame - Message seq=59 to /198.18.0.1:9190 failed after 5 retries
2025-12-23 13:56:37.759 [pool-2-thread-1] WARN  SnakesGame - Master timed out, but deputy is unknown (no state yet?)
2025-12-23 13:56:37.851 [] WARN  SnakesGame - Retransmitting seq=60 to /198.18.0.1:9190 (retry 4)
2025-12-23 13:56:37.851 [] WARN  SnakesGame - Retransmitting seq=61 to /198.18.0.1:9190 (retry 2)
2025-12-23 13:56:37.964 [pool-2-thread-1] WARN  SnakesGame - Master timed out, but deputy is unknown (no state yet?)
2025-12-23 13:56:38.164 [pool-2-thread-1] WARN  SnakesGame - Master timed out, but deputy is unknown (no state yet?)
2025-12-23 13:56:38.302 [pool-2-thread-1] INFO  SnakesGame - Sent multicast announcement to 239.192.0.4:9192 (51 bytes)
2025-12-23 13:56:38.306 [] INFO  SnakesGame - Discovered game: 1 from /198.18.0.1:9190
2025-12-23 13:56:38.307 [] INFO  SnakesGame - Discovered game: 1 from /198.18.0.1:9190
2025-12-23 13:56:38.358 [] WARN  SnakesGame - Retransmitting seq=60 to /198.18.0.1:9190 (retry 5)
2025-12-23 13:56:38.359 [] WARN  SnakesGame - Retransmitting seq=61 to /198.18.0.1:9190 (retry 3)
2025-12-23 13:56:38.359 [] WARN  SnakesGame - Retransmitting seq=62 to /198.18.0.1:9190 (retry 1)
2025-12-23 13:56:38.364 [pool-2-thread-1] WARN  SnakesGame - Master timed out, but deputy is unknown (no state yet?)
2025-12-23 13:56:38.560 [pool-2-thread-1] WARN  SnakesGame - Master timed out, but deputy is unknown (no state yet?)
2025-12-23 13:56:38.613 [] ERROR SnakesGame - Message seq=60 to /198.18.0.1:9190 failed after 5 retries
2025-12-23 13:56:38.764 [pool-2-thread-1] WARN  SnakesGame - Master timed out, but deputy is unknown (no state yet?)
2025-12-23 13:56:38.869 [] WARN  SnakesGame - Retransmitting seq=61 to /198.18.0.1:9190 (retry 4)
2025-12-23 13:56:38.870 [] WARN  SnakesGame - Retransmitting seq=62 to /198.18.0.1:9190 (retry 2)
2025-12-23 13:56:38.966 [pool-2-thread-1] WARN  SnakesGame - Master timed out, but deputy is unknown (no state yet?)
2025-12-23 13:56:39.160 [pool-2-thread-1] WARN  SnakesGame - Master timed out, but deputy is unknown (no state yet?)
2025-12-23 13:56:39.305 [pool-2-thread-2] INFO  SnakesGame - Sent multicast announcement to 239.192.0.4:9192 (51 bytes)
2025-12-23 13:56:39.310 [] INFO  SnakesGame - Discovered game: 1 from /198.18.0.1:9190
2025-12-23 13:56:39.310 [] INFO  SnakesGame - Discovered game: 1 from /198.18.0.1:9190
2025-12-23 13:56:39.365 [pool-2-thread-1] WARN  SnakesGame - Master timed out, but deputy is unknown (no state yet?)
2025-12-23 13:56:39.377 [] WARN  SnakesGame - Retransmitting seq=61 to /198.18.0.1:9190 (retry 5)
2025-12-23 13:56:39.378 [] WARN  SnakesGame - Retransmitting seq=62 to /198.18.0.1:9190 (retry 3)
2025-12-23 13:56:39.379 [] WARN  SnakesGame - Retransmitting seq=63 to /198.18.0.1:9190 (retry 1)
2025-12-23 13:56:39.564 [pool-2-thread-1] WARN  SnakesGame - Master timed out, but deputy is unknown (no state yet?)
2025-12-23 13:56:39.630 [] ERROR SnakesGame - Message seq=61 to /198.18.0.1:9190 failed after 5 retries
2025-12-23 13:56:39.764 [pool-2-thread-2] WARN  SnakesGame - Master timed out, but deputy is unknown (no state yet?)
2025-12-23 13:56:39.886 [] WARN  SnakesGame - Retransmitting seq=62 to /198.18.0.1:9190 (retry 4)
2025-12-23 13:56:39.888 [] WARN  SnakesGame - Retransmitting seq=63 to /198.18.0.1:9190 (retry 2)
2025-12-23 13:56:39.964 [pool-2-thread-1] WARN  SnakesGame - Master timed out, but deputy is unknown (no state yet?)
2025-12-23 13:56:40.164 [pool-2-thread-1] WARN  SnakesGame - Master timed out, but deputy is unknown (no state yet?)
2025-12-23 13:56:40.301 [pool-2-thread-1] INFO  SnakesGame - Sent multicast announcement to 239.192.0.4:9192 (51 bytes)
2025-12-23 13:56:40.311 [] INFO  SnakesGame - Discovered game: 1 from /198.18.0.1:9190
2025-12-23 13:56:40.311 [] INFO  SnakesGame - Discovered game: 1 from /198.18.0.1:9190
2025-12-23 13:56:40.369 [pool-2-thread-1] WARN  SnakesGame - Master timed out, but deputy is unknown (no state yet?)
2025-12-23 13:56:40.394 [] WARN  SnakesGame - Retransmitting seq=64 to /198.18.0.1:9190 (retry 1)
2025-12-23 13:56:40.394 [] WARN  SnakesGame - Retransmitting seq=62 to /198.18.0.1:9190 (retry 5)
2025-12-23 13:56:40.395 [] WARN  SnakesGame - Retransmitting seq=63 to /198.18.0.1:9190 (retry 3)
2025-12-23 13:56:40.564 [pool-2-thread-1] WARN  SnakesGame - Master timed out, but deputy is unknown (no state yet?)
2025-12-23 13:56:40.648 [] ERROR SnakesGame - Message seq=62 to /198.18.0.1:9190 failed after 5 retries
2025-12-23 13:56:40.761 [pool-2-thread-1] WARN  SnakesGame - Master timed out, but deputy is unknown (no state yet?)
2025-12-23 13:56:40.900 [] WARN  SnakesGame - Retransmitting seq=64 to /198.18.0.1:9190 (retry 2)
2025-12-23 13:56:40.901 [] WARN  SnakesGame - Retransmitting seq=63 to /198.18.0.1:9190 (retry 4)
2025-12-23 13:56:40.965 [pool-2-thread-1] WARN  SnakesGame - Master timed out, but deputy is unknown (no state yet?)
2025-12-23 13:56:41.164 [pool-2-thread-1] WARN  SnakesGame - Master timed out, but deputy is unknown (no state yet?)
2025-12-23 13:56:41.302 [pool-2-thread-1] INFO  SnakesGame - Sent multicast announcement to 239.192.0.4:9192 (51 bytes)
2025-12-23 13:56:41.303 [] INFO  SnakesGame - Discovered game: 1 from /198.18.0.1:9190
2025-12-23 13:56:41.303 [] INFO  SnakesGame - Discovered game: 1 from /198.18.0.1:9190
2025-12-23 13:56:41.364 [pool-2-thread-1] WARN  SnakesGame - Master timed out, but deputy is unknown (no state yet?)
2025-12-23 13:56:41.412 [] WARN  SnakesGame - Retransmitting seq=64 to /198.18.0.1:9190 (retry 3)
2025-12-23 13:56:41.413 [] WARN  SnakesGame - Retransmitting seq=65 to /198.18.0.1:9190 (retry 1)
2025-12-23 13:56:41.413 [] WARN  SnakesGame - Retransmitting seq=63 to /198.18.0.1:9190 (retry 5)
2025-12-23 13:56:41.564 [pool-2-thread-1] WARN  SnakesGame - Master timed out, but deputy is unknown (no state yet?)
2025-12-23 13:56:41.668 [] ERROR SnakesGame - Message seq=63 to /198.18.0.1:9190 failed after 5 retries
2025-12-23 13:56:41.767 [pool-2-thread-1] WARN  SnakesGame - Master timed out, but deputy is unknown (no state yet?)
2025-12-23 13:56:41.923 [] WARN  SnakesGame - Retransmitting seq=64 to /198.18.0.1:9190 (retry 4)
2025-12-23 13:56:41.924 [] WARN  SnakesGame - Retransmitting seq=65 to /198.18.0.1:9190 (retry 2)
2025-12-23 13:56:41.959 [pool-2-thread-1] WARN  SnakesGame - Master timed out, but deputy is unknown (no state yet?)
2025-12-23 13:56:42.161 [pool-2-thread-1] WARN  SnakesGame - Master timed out, but deputy is unknown (no state yet?)
2025-12-23 13:56:42.306 [pool-2-thread-2] INFO  SnakesGame - Sent multicast announcement to 239.192.0.4:9192 (51 bytes)
2025-12-23 13:56:42.307 [] INFO  SnakesGame - Discovered game: 1 from /198.18.0.1:9190
2025-12-23 13:56:42.308 [] INFO  SnakesGame - Discovered game: 1 from /198.18.0.1:9190
2025-12-23 13:56:42.364 [pool-2-thread-1] WARN  SnakesGame - Master timed out, but deputy is unknown (no state yet?)
2025-12-23 13:56:42.431 [] WARN  SnakesGame - Retransmitting seq=64 to /198.18.0.1:9190 (retry 5)
2025-12-23 13:56:42.433 [] WARN  SnakesGame - Retransmitting seq=65 to /198.18.0.1:9190 (retry 3)
2025-12-23 13:56:42.433 [] WARN  SnakesGame - Retransmitting seq=66 to /198.18.0.1:9190 (retry 1)
2025-12-23 13:56:42.564 [pool-2-thread-1] WARN  SnakesGame - Master timed out, but deputy is unknown (no state yet?)
2025-12-23 13:56:42.687 [] ERROR SnakesGame - Message seq=64 to /198.18.0.1:9190 failed after 5 retries
2025-12-23 13:56:42.764 [pool-2-thread-2] WARN  SnakesGame - Master timed out, but deputy is unknown (no state yet?)
2025-12-23 13:56:42.940 [] WARN  SnakesGame - Retransmitting seq=65 to /198.18.0.1:9190 (retry 4)
2025-12-23 13:56:42.941 [] WARN  SnakesGame - Retransmitting seq=66 to /198.18.0.1:9190 (retry 2)
2025-12-23 13:56:42.964 [pool-2-thread-2] WARN  SnakesGame - Master timed out, but deputy is unknown (no state yet?)
2025-12-23 13:56:43.164 [pool-2-thread-2] WARN  SnakesGame - Master timed out, but deputy is unknown (no state yet?)
2025-12-23 13:56:43.304 [pool-2-thread-2] INFO  SnakesGame - Sent multicast announcement to 239.192.0.4:9192 (51 bytes)
2025-12-23 13:56:43.313 [] INFO  SnakesGame - Discovered game: 1 from /198.18.0.1:9190
2025-12-23 13:56:43.315 [] INFO  SnakesGame - Discovered game: 1 from /198.18.0.1:9190
2025-12-23 13:56:43.362 [pool-2-thread-1] WARN  SnakesGame - Master timed out, but deputy is unknown (no state yet?)
2025-12-23 13:56:43.452 [] WARN  SnakesGame - Retransmitting seq=65 to /198.18.0.1:9190 (retry 5)
2025-12-23 13:56:43.454 [] WARN  SnakesGame - Retransmitting seq=66 to /198.18.0.1:9190 (retry 3)
2025-12-23 13:56:43.455 [] WARN  SnakesGame - Retransmitting seq=67 to /198.18.0.1:9190 (retry 1)
2025-12-23 13:56:43.562 [pool-2-thread-1] WARN  SnakesGame - Master timed out, but deputy is unknown (no state yet?)
2025-12-23 13:56:43.707 [] ERROR SnakesGame - Message seq=65 to /198.18.0.1:9190 failed after 5 retries
2025-12-23 13:56:43.759 [pool-2-thread-2] WARN  SnakesGame - Master timed out, but deputy is unknown (no state yet?)
2025-12-23 13:56:43.961 [] WARN  SnakesGame - Retransmitting seq=66 to /198.18.0.1:9190 (retry 4)
2025-12-23 13:56:43.962 [] WARN  SnakesGame - Retransmitting seq=67 to /198.18.0.1:9190 (retry 2)
2025-12-23 13:56:43.962 [pool-2-thread-2] WARN  SnakesGame - Master timed out, but deputy is unknown (no state yet?)
2025-12-23 13:56:44.163 [pool-2-thread-2] WARN  SnakesGame - Master timed out, but deputy is unknown (no state yet?)
2025-12-23 13:56:44.314 [pool-2-thread-2] INFO  SnakesGame - Sent multicast announcement to 239.192.0.4:9192 (51 bytes)
2025-12-23 13:56:44.314 [] INFO  SnakesGame - Discovered game: 1 from /198.18.0.1:9190
2025-12-23 13:56:44.314 [] INFO  SnakesGame - Discovered game: 1 from /198.18.0.1:9190
2025-12-23 13:56:44.364 [pool-2-thread-2] WARN  SnakesGame - Master timed out, but deputy is unknown (no state yet?)
2025-12-23 13:56:44.472 [] WARN  SnakesGame - Retransmitting seq=66 to /198.18.0.1:9190 (retry 5)
2025-12-23 13:56:44.473 [] WARN  SnakesGame - Retransmitting seq=67 to /198.18.0.1:9190 (retry 3)
2025-12-23 13:56:44.474 [] WARN  SnakesGame - Retransmitting seq=68 to /198.18.0.1:9190 (retry 1)
2025-12-23 13:56:44.564 [pool-2-thread-2] WARN  SnakesGame - Master timed out, but deputy is unknown (no state yet?)
2025-12-23 13:56:44.729 [] ERROR SnakesGame - Message seq=66 to /198.18.0.1:9190 failed after 5 retries
2025-12-23 13:56:44.763 [pool-2-thread-2] WARN  SnakesGame - Master timed out, but deputy is unknown (no state yet?)
2025-12-23 13:56:44.961 [pool-2-thread-2] WARN  SnakesGame - Master timed out, but deputy is unknown (no state yet?)
2025-12-23 13:56:44.989 [] WARN  SnakesGame - Retransmitting seq=67 to /198.18.0.1:9190 (retry 4)
2025-12-23 13:56:44.990 [] WARN  SnakesGame - Retransmitting seq=68 to /198.18.0.1:9190 (retry 2)
2025-12-23 13:56:45.164 [pool-2-thread-2] WARN  SnakesGame - Master timed out, but deputy is unknown (no state yet?)
2025-12-23 13:56:45.305 [pool-2-thread-1] INFO  SnakesGame - Sent multicast announcement to 239.192.0.4:9192 (51 bytes)
2025-12-23 13:56:45.307 [] INFO  SnakesGame - Discovered game: 1 from /198.18.0.1:9190
2025-12-23 13:56:45.307 [] INFO  SnakesGame - Discovered game: 1 from /198.18.0.1:9190
2025-12-23 13:56:45.362 [pool-2-thread-2] WARN  SnakesGame - Master timed out, but deputy is unknown (no state yet?)
2025-12-23 13:56:45.499 [] WARN  SnakesGame - Retransmitting seq=67 to /198.18.0.1:9190 (retry 5)
2025-12-23 13:56:45.500 [] WARN  SnakesGame - Retransmitting seq=68 to /198.18.0.1:9190 (retry 3)
2025-12-23 13:56:45.501 [] WARN  SnakesGame - Retransmitting seq=69 to /198.18.0.1:9190 (retry 1)
2025-12-23 13:56:45.561 [pool-2-thread-2] WARN  SnakesGame - Master timed out, but deputy is unknown (no state yet?)
2025-12-23 13:56:45.758 [] ERROR SnakesGame - Message seq=67 to /198.18.0.1:9190 failed after 5 retries
2025-12-23 13:56:45.762 [pool-2-thread-1] WARN  SnakesGame - Master timed out, but deputy is unknown (no state yet?)
2025-12-23 13:56:45.964 [pool-2-thread-1] WARN  SnakesGame - Master timed out, but deputy is unknown (no state yet?)
2025-12-23 13:56:46.011 [] WARN  SnakesGame - Retransmitting seq=68 to /198.18.0.1:9190 (retry 4)
2025-12-23 13:56:46.012 [] WARN  SnakesGame - Retransmitting seq=69 to /198.18.0.1:9190 (retry 2)
2025-12-23 13:56:46.164 [pool-2-thread-1] WARN  SnakesGame - Master timed out, but deputy is unknown (no state yet?)
2025-12-23 13:56:46.265 [] WARN  SnakesGame - Retransmitting seq=68 to /198.18.0.1:9190 (retry 5)
2025-12-23 13:56:46.266 [] WARN  SnakesGame - Retransmitting seq=69 to /198.18.0.1:9190 (retry 3)
2025-12-23 13:56:46.266 [] WARN  SnakesGame - Retransmitting seq=70 to /198.18.0.1:9190 (retry 1)
2025-12-23 13:56:46.314 [pool-2-thread-3] INFO  SnakesGame - Sent multicast announcement to 239.192.0.4:9192 (51 bytes)
2025-12-23 13:56:46.314 [] INFO  SnakesGame - Discovered game: 1 from /198.18.0.1:9190
2025-12-23 13:56:46.314 [] INFO  SnakesGame - Discovered game: 1 from /198.18.0.1:9190
2025-12-23 13:56:46.364 [pool-2-thread-1] WARN  SnakesGame - Master timed out, but deputy is unknown (no state yet?)
2025-12-23 13:56:46.522 [] ERROR SnakesGame - Message seq=68 to /198.18.0.1:9190 failed after 5 retries
2025-12-23 13:56:46.564 [pool-2-thread-1] WARN  SnakesGame - Master timed out, but deputy is unknown (no state yet?)
2025-12-23 13:56:46.764 [pool-2-thread-2] WARN  SnakesGame - Master timed out, but deputy is unknown (no state yet?)
2025-12-23 13:56:46.778 [] WARN  SnakesGame - Retransmitting seq=69 to /198.18.0.1:9190 (retry 4)
2025-12-23 13:56:46.778 [] WARN  SnakesGame - Retransmitting seq=70 to /198.18.0.1:9190 (retry 2)
2025-12-23 13:56:46.963 [pool-2-thread-2] WARN  SnakesGame - Master timed out, but deputy is unknown (no state yet?)
2025-12-23 13:56:47.163 [pool-2-thread-2] WARN  SnakesGame - Master timed out, but deputy is unknown (no state yet?)
2025-12-23 13:56:47.283 [] WARN  SnakesGame - Retransmitting seq=69 to /198.18.0.1:9190 (retry 5)
2025-12-23 13:56:47.284 [] WARN  SnakesGame - Retransmitting seq=70 to /198.18.0.1:9190 (retry 3)
2025-12-23 13:56:47.284 [] WARN  SnakesGame - Retransmitting seq=71 to /198.18.0.1:9190 (retry 1)
2025-12-23 13:56:47.303 [pool-2-thread-3] INFO  SnakesGame - Sent multicast announcement to 239.192.0.4:9192 (51 bytes)
2025-12-23 13:56:47.305 [] INFO  SnakesGame - Discovered game: 1 from /198.18.0.1:9190
2025-12-23 13:56:47.306 [] INFO  SnakesGame - Discovered game: 1 from /198.18.0.1:9190
2025-12-23 13:56:47.360 [pool-2-thread-2] WARN  SnakesGame - Master timed out, but deputy is unknown (no state yet?)
2025-12-23 13:56:47.537 [] ERROR SnakesGame - Message seq=69 to /198.18.0.1:9190 failed after 5 retries
2025-12-23 13:56:47.562 [pool-2-thread-2] WARN  SnakesGame - Master timed out, but deputy is unknown (no state yet?)
2025-12-23 13:56:47.759 [pool-2-thread-2] WARN  SnakesGame - Master timed out, but deputy is unknown (no state yet?)
2025-12-23 13:56:47.794 [] WARN  SnakesGame - Retransmitting seq=70 to /198.18.0.1:9190 (retry 4)
2025-12-23 13:56:47.796 [] WARN  SnakesGame - Retransmitting seq=71 to /198.18.0.1:9190 (retry 2)
2025-12-23 13:56:47.961 [pool-2-thread-2] WARN  SnakesGame - Master timed out, but deputy is unknown (no state yet?)
2025-12-23 13:56:48.160 [pool-2-thread-2] WARN  SnakesGame - Master timed out, but deputy is unknown (no state yet?)
2025-12-23 13:56:48.301 [pool-2-thread-1] INFO  SnakesGame - Sent multicast announcement to 239.192.0.4:9192 (51 bytes)
2025-12-23 13:56:48.307 [] INFO  SnakesGame - Discovered game: 1 from /198.18.0.1:9190
2025-12-23 13:56:48.308 [] INFO  SnakesGame - Discovered game: 1 from /198.18.0.1:9190
2025-12-23 13:56:48.309 [] WARN  SnakesGame - Retransmitting seq=70 to /198.18.0.1:9190 (retry 5)
2025-12-23 13:56:48.310 [] WARN  SnakesGame - Retransmitting seq=71 to /198.18.0.1:9190 (retry 3)
2025-12-23 13:56:48.311 [] WARN  SnakesGame - Retransmitting seq=72 to /198.18.0.1:9190 (retry 1)
2025-12-23 13:56:48.364 [pool-2-thread-2] WARN  SnakesGame - Master timed out, but deputy is unknown (no state yet?)
2025-12-23 13:56:48.563 [pool-2-thread-2] WARN  SnakesGame - Master timed out, but deputy is unknown (no state yet?)
2025-12-23 13:56:48.565 [] ERROR SnakesGame - Message seq=70 to /198.18.0.1:9190 failed after 5 retries
2025-12-23 13:56:48.761 [pool-2-thread-1] WARN  SnakesGame - Master timed out, but deputy is unknown (no state yet?)
2025-12-23 13:56:48.817 [] WARN  SnakesGame - Retransmitting seq=71 to /198.18.0.1:9190 (retry 4)
2025-12-23 13:56:48.818 [] WARN  SnakesGame - Retransmitting seq=72 to /198.18.0.1:9190 (retry 2)
2025-12-23 13:56:48.960 [pool-2-thread-1] WARN  SnakesGame - Master timed out, but deputy is unknown (no state yet?)
2025-12-23 13:56:49.160 [pool-2-thread-1] WARN  SnakesGame - Master timed out, but deputy is unknown (no state yet?)
2025-12-23 13:56:49.303 [pool-2-thread-2] INFO  SnakesGame - Sent multicast announcement to 239.192.0.4:9192 (51 bytes)
2025-12-23 13:56:49.305 [] INFO  SnakesGame - Discovered game: 1 from /198.18.0.1:9190
2025-12-23 13:56:49.307 [] INFO  SnakesGame - Discovered game: 1 from /198.18.0.1:9190
2025-12-23 13:56:49.330 [] WARN  SnakesGame - Retransmitting seq=71 to /198.18.0.1:9190 (retry 5)
2025-12-23 13:56:49.331 [] WARN  SnakesGame - Retransmitting seq=72 to /198.18.0.1:9190 (retry 3)
2025-12-23 13:56:49.331 [] WARN  SnakesGame - Retransmitting seq=73 to /198.18.0.1:9190 (retry 1)
2025-12-23 13:56:49.363 [pool-2-thread-1] WARN  SnakesGame - Master timed out, but deputy is unknown (no state yet?)
2025-12-23 13:56:49.560 [pool-2-thread-1] WARN  SnakesGame - Master timed out, but deputy is unknown (no state yet?)
2025-12-23 13:56:49.584 [] ERROR SnakesGame - Message seq=71 to /198.18.0.1:9190 failed after 5 retries
2025-12-23 13:56:49.760 [pool-2-thread-1] WARN  SnakesGame - Master timed out, but deputy is unknown (no state yet?)
2025-12-23 13:56:49.840 [] WARN  SnakesGame - Retransmitting seq=72 to /198.18.0.1:9190 (retry 4)
2025-12-23 13:56:49.841 [] WARN  SnakesGame - Retransmitting seq=73 to /198.18.0.1:9190 (retry 2)
2025-12-23 13:56:49.963 [pool-2-thread-1] WARN  SnakesGame - Master timed out, but deputy is unknown (no state yet?)
2025-12-23 13:56:50.160 [pool-2-thread-1] WARN  SnakesGame - Master timed out, but deputy is unknown (no state yet?)
2025-12-23 13:56:50.305 [pool-2-thread-1] INFO  SnakesGame - Sent multicast announcement to 239.192.0.4:9192 (51 bytes)
2025-12-23 13:56:50.307 [] INFO  SnakesGame - Discovered game: 1 from /198.18.0.1:9190
2025-12-23 13:56:50.312 [] INFO  SnakesGame - Discovered game: 1 from /198.18.0.1:9190
2025-12-23 13:56:50.348 [] WARN  SnakesGame - Retransmitting seq=72 to /198.18.0.1:9190 (retry 5)
2025-12-23 13:56:50.349 [] WARN  SnakesGame - Retransmitting seq=73 to /198.18.0.1:9190 (retry 3)
2025-12-23 13:56:50.350 [] WARN  SnakesGame - Retransmitting seq=74 to /198.18.0.1:9190 (retry 1)
2025-12-23 13:56:50.363 [pool-2-thread-1] WARN  SnakesGame - Master timed out, but deputy is unknown (no state yet?)
2025-12-23 13:56:50.559 [pool-2-thread-2] WARN  SnakesGame - Master timed out, but deputy is unknown (no state yet?)
2025-12-23 13:56:50.601 [] ERROR SnakesGame - Message seq=72 to /198.18.0.1:9190 failed after 5 retries
2025-12-23 13:56:50.763 [pool-2-thread-1] WARN  SnakesGame - Master timed out, but deputy is unknown (no state yet?)
2025-12-23 13:56:50.856 [] WARN  SnakesGame - Retransmitting seq=73 to /198.18.0.1:9190 (retry 4)
2025-12-23 13:56:50.857 [] WARN  SnakesGame - Retransmitting seq=74 to /198.18.0.1:9190 (retry 2)
2025-12-23 13:56:50.961 [pool-2-thread-1] WARN  SnakesGame - Master timed out, but deputy is unknown (no state yet?)
2025-12-23 13:56:51.164 [pool-2-thread-1] WARN  SnakesGame - Master timed out, but deputy is unknown (no state yet?)
2025-12-23 13:56:51.305 [pool-2-thread-2] INFO  SnakesGame - Sent multicast announcement to 239.192.0.4:9192 (51 bytes)
2025-12-23 13:56:51.307 [] INFO  SnakesGame - Discovered game: 1 from /198.18.0.1:9190
2025-12-23 13:56:51.307 [] INFO  SnakesGame - Discovered game: 1 from /198.18.0.1:9190
2025-12-23 13:56:51.363 [pool-2-thread-1] WARN  SnakesGame - Master timed out, but deputy is unknown (no state yet?)
2025-12-23 13:56:51.365 [] WARN  SnakesGame - Retransmitting seq=73 to /198.18.0.1:9190 (retry 5)
2025-12-23 13:56:51.365 [] WARN  SnakesGame - Retransmitting seq=74 to /198.18.0.1:9190 (retry 3)
2025-12-23 13:56:51.365 [] WARN  SnakesGame - Retransmitting seq=75 to /198.18.0.1:9190 (retry 1)
2025-12-23 13:56:51.563 [pool-2-thread-1] WARN  SnakesGame - Master timed out, but deputy is unknown (no state yet?)
2025-12-23 13:56:51.616 [] ERROR SnakesGame - Message seq=73 to /198.18.0.1:9190 failed after 5 retries
2025-12-23 13:56:51.762 [pool-2-thread-1] WARN  SnakesGame - Master timed out, but deputy is unknown (no state yet?)
2025-12-23 13:56:51.872 [] WARN  SnakesGame - Retransmitting seq=74 to /198.18.0.1:9190 (retry 4)
2025-12-23 13:56:51.873 [] WARN  SnakesGame - Retransmitting seq=75 to /198.18.0.1:9190 (retry 2)
2025-12-23 13:56:51.960 [pool-2-thread-1] WARN  SnakesGame - Master timed out, but deputy is unknown (no state yet?)
2025-12-23 13:56:52.163 [pool-2-thread-1] WARN  SnakesGame - Master timed out, but deputy is unknown (no state yet?)
2025-12-23 13:56:52.306 [pool-2-thread-1] INFO  SnakesGame - Sent multicast announcement to 239.192.0.4:9192 (51 bytes)
2025-12-23 13:56:52.310 [] INFO  SnakesGame - Discovered game: 1 from /198.18.0.1:9190
2025-12-23 13:56:52.314 [] INFO  SnakesGame - Discovered game: 1 from /198.18.0.1:9190
2025-12-23 13:56:52.360 [pool-2-thread-1] WARN  SnakesGame - Master timed out, but deputy is unknown (no state yet?)
2025-12-23 13:56:52.381 [] WARN  SnakesGame - Retransmitting seq=74 to /198.18.0.1:9190 (retry 5)
2025-12-23 13:56:52.381 [] WARN  SnakesGame - Retransmitting seq=75 to /198.18.0.1:9190 (retry 3)
2025-12-23 13:56:52.381 [] WARN  SnakesGame - Retransmitting seq=76 to /198.18.0.1:9190 (retry 1)
2025-12-23 13:56:52.564 [pool-2-thread-2] WARN  SnakesGame - Master timed out, but deputy is unknown (no state yet?)
2025-12-23 13:56:52.639 [] ERROR SnakesGame - Message seq=74 to /198.18.0.1:9190 failed after 5 retries
2025-12-23 13:56:52.762 [pool-2-thread-1] WARN  SnakesGame - Master timed out, but deputy is unknown (no state yet?)
2025-12-23 13:56:52.896 [] WARN  SnakesGame - Retransmitting seq=75 to /198.18.0.1:9190 (retry 4)
2025-12-23 13:56:52.898 [] WARN  SnakesGame - Retransmitting seq=76 to /198.18.0.1:9190 (retry 2)
2025-12-23 13:56:52.963 [pool-2-thread-1] WARN  SnakesGame - Master timed out, but deputy is unknown (no state yet?)
2025-12-23 13:56:53.163 [pool-2-thread-1] WARN  SnakesGame - Master timed out, but deputy is unknown (no state yet?)
2025-12-23 13:56:53.313 [pool-2-thread-3] INFO  SnakesGame - Sent multicast announcement to 239.192.0.4:9192 (51 bytes)
2025-12-23 13:56:53.315 [] INFO  SnakesGame - Discovered game: 1 from /198.18.0.1:9190
2025-12-23 13:56:53.316 [] INFO  SnakesGame - Discovered game: 1 from /198.18.0.1:9190
2025-12-23 13:56:53.363 [pool-2-thread-1] WARN  SnakesGame - Master timed out, but deputy is unknown (no state yet?)
2025-12-23 13:56:53.406 [] WARN  SnakesGame - Retransmitting seq=75 to /198.18.0.1:9190 (retry 5)
2025-12-23 13:56:53.408 [] WARN  SnakesGame - Retransmitting seq=76 to /198.18.0.1:9190 (retry 3)
2025-12-23 13:56:53.408 [] WARN  SnakesGame - Retransmitting seq=77 to /198.18.0.1:9190 (retry 1)
2025-12-23 13:56:53.562 [pool-2-thread-1] WARN  SnakesGame - Master timed out, but deputy is unknown (no state yet?)
2025-12-23 13:56:53.664 [] ERROR SnakesGame - Message seq=75 to /198.18.0.1:9190 failed after 5 retries
2025-12-23 13:56:53.762 [pool-2-thread-1] WARN  SnakesGame - Master timed out, but deputy is unknown (no state yet?)
2025-12-23 13:56:53.922 [] WARN  SnakesGame - Retransmitting seq=76 to /198.18.0.1:9190 (retry 4)
2025-12-23 13:56:53.923 [] WARN  SnakesGame - Retransmitting seq=77 to /198.18.0.1:9190 (retry 2)
2025-12-23 13:56:53.962 [pool-2-thread-1] WARN  SnakesGame - Master timed out, but deputy is unknown (no state yet?)
2025-12-23 13:56:54.161 [pool-2-thread-1] WARN  SnakesGame - Master timed out, but deputy is unknown (no state yet?)
2025-12-23 13:56:54.307 [pool-2-thread-2] INFO  SnakesGame - Sent multicast announcement to 239.192.0.4:9192 (51 bytes)
2025-12-23 13:56:54.314 [] INFO  SnakesGame - Discovered game: 1 from /198.18.0.1:9190
2025-12-23 13:56:54.314 [] INFO  SnakesGame - Discovered game: 1 from /198.18.0.1:9190
2025-12-23 13:56:54.364 [pool-2-thread-1] WARN  SnakesGame - Master timed out, but deputy is unknown (no state yet?)
2025-12-23 13:56:54.431 [] WARN  SnakesGame - Retransmitting seq=76 to /198.18.0.1:9190 (retry 5)
2025-12-23 13:56:54.433 [] WARN  SnakesGame - Retransmitting seq=77 to /198.18.0.1:9190 (retry 3)
2025-12-23 13:56:54.433 [] WARN  SnakesGame - Retransmitting seq=78 to /198.18.0.1:9190 (retry 1)
2025-12-23 13:56:54.563 [pool-2-thread-1] WARN  SnakesGame - Master timed out, but deputy is unknown (no state yet?)
2025-12-23 13:56:54.685 [] ERROR SnakesGame - Message seq=76 to /198.18.0.1:9190 failed after 5 retries
2025-12-23 13:56:54.763 [pool-2-thread-1] WARN  SnakesGame - Master timed out, but deputy is unknown (no state yet?)
2025-12-23 13:56:54.941 [] WARN  SnakesGame - Retransmitting seq=77 to /198.18.0.1:9190 (retry 4)
2025-12-23 13:56:54.942 [] WARN  SnakesGame - Retransmitting seq=78 to /198.18.0.1:9190 (retry 2)
2025-12-23 13:56:54.963 [pool-2-thread-1] WARN  SnakesGame - Master timed out, but deputy is unknown (no state yet?)
2025-12-23 13:56:55.163 [pool-2-thread-1] WARN  SnakesGame - Master timed out, but deputy is unknown (no state yet?)
2025-12-23 13:56:55.314 [pool-2-thread-2] INFO  SnakesGame - Sent multicast announcement to 239.192.0.4:9192 (51 bytes)
2025-12-23 13:56:55.314 [] INFO  SnakesGame - Discovered game: 1 from /198.18.0.1:9190
2025-12-23 13:56:55.316 [] INFO  SnakesGame - Discovered game: 1 from /198.18.0.1:9190
2025-12-23 13:56:55.363 [pool-2-thread-1] WARN  SnakesGame - Master timed out, but deputy is unknown (no state yet?)
2025-12-23 13:56:55.452 [] WARN  SnakesGame - Retransmitting seq=77 to /198.18.0.1:9190 (retry 5)
2025-12-23 13:56:55.455 [] WARN  SnakesGame - Retransmitting seq=78 to /198.18.0.1:9190 (retry 3)
2025-12-23 13:56:55.457 [] WARN  SnakesGame - Retransmitting seq=79 to /198.18.0.1:9190 (retry 1)
2025-12-23 13:56:55.563 [pool-2-thread-1] WARN  SnakesGame - Master timed out, but deputy is unknown (no state yet?)
2025-12-23 13:56:55.711 [] ERROR SnakesGame - Message seq=77 to /198.18.0.1:9190 failed after 5 retries
2025-12-23 13:56:55.762 [pool-2-thread-2] WARN  SnakesGame - Master timed out, but deputy is unknown (no state yet?)
2025-12-23 13:56:55.961 [pool-2-thread-2] WARN  SnakesGame - Master timed out, but deputy is unknown (no state yet?)
2025-12-23 13:56:55.967 [] WARN  SnakesGame - Retransmitting seq=78 to /198.18.0.1:9190 (retry 4)
2025-12-23 13:56:55.968 [] WARN  SnakesGame - Retransmitting seq=79 to /198.18.0.1:9190 (retry 2)
2025-12-23 13:56:56.160 [pool-2-thread-2] WARN  SnakesGame - Master timed out, but deputy is unknown (no state yet?)
2025-12-23 13:56:56.300 [pool-2-thread-2] INFO  SnakesGame - Sent multicast announcement to 239.192.0.4:9192 (51 bytes)
2025-12-23 13:56:56.308 [] INFO  SnakesGame - Discovered game: 1 from /198.18.0.1:9190
2025-12-23 13:56:56.308 [] INFO  SnakesGame - Discovered game: 1 from /198.18.0.1:9190
2025-12-23 13:56:56.364 [pool-2-thread-2] WARN  SnakesGame - Master timed out, but deputy is unknown (no state yet?)
2025-12-23 13:56:56.481 [] WARN  SnakesGame - Retransmitting seq=80 to /198.18.0.1:9190 (retry 1)
2025-12-23 13:56:56.484 [] WARN  SnakesGame - Retransmitting seq=78 to /198.18.0.1:9190 (retry 5)
2025-12-23 13:56:56.486 [] WARN  SnakesGame - Retransmitting seq=79 to /198.18.0.1:9190 (retry 3)
2025-12-23 13:56:56.564 [pool-2-thread-2] WARN  SnakesGame - Master timed out, but deputy is unknown (no state yet?)
2025-12-23 13:56:56.738 [] ERROR SnakesGame - Message seq=78 to /198.18.0.1:9190 failed after 5 retries
2025-12-23 13:56:56.763 [pool-2-thread-1] WARN  SnakesGame - Master timed out, but deputy is unknown (no state yet?)
2025-12-23 13:56:56.963 [pool-2-thread-1] WARN  SnakesGame - Master timed out, but deputy is unknown (no state yet?)
2025-12-23 13:56:56.999 [] WARN  SnakesGame - Retransmitting seq=80 to /198.18.0.1:9190 (retry 2)
2025-12-23 13:56:56.999 [] WARN  SnakesGame - Retransmitting seq=79 to /198.18.0.1:9190 (retry 4)
2025-12-23 13:56:57.163 [pool-2-thread-1] WARN  SnakesGame - Master timed out, but deputy is unknown (no state yet?)
2025-12-23 13:56:57.300 [pool-2-thread-3] INFO  SnakesGame - Sent multicast announcement to 239.192.0.4:9192 (51 bytes)
2025-12-23 13:56:57.301 [] INFO  SnakesGame - Discovered game: 1 from /198.18.0.1:9190
2025-12-23 13:56:57.301 [] INFO  SnakesGame - Discovered game: 1 from /198.18.0.1:9190
2025-12-23 13:56:57.363 [pool-2-thread-1] WARN  SnakesGame - Master timed out, but deputy is unknown (no state yet?)
2025-12-23 13:56:57.506 [] WARN  SnakesGame - Retransmitting seq=80 to /198.18.0.1:9190 (retry 3)
2025-12-23 13:56:57.506 [] WARN  SnakesGame - Retransmitting seq=81 to /198.18.0.1:9190 (retry 1)
2025-12-23 13:56:57.506 [] WARN  SnakesGame - Retransmitting seq=79 to /198.18.0.1:9190 (retry 5)
2025-12-23 13:56:57.572 [pool-2-thread-1] WARN  SnakesGame - Master timed out, but deputy is unknown (no state yet?)
2025-12-23 13:56:57.759 [pool-2-thread-1] WARN  SnakesGame - Master timed out, but deputy is unknown (no state yet?)
2025-12-23 13:56:57.761 [] ERROR SnakesGame - Message seq=79 to /198.18.0.1:9190 failed after 5 retries
2025-12-23 13:56:57.962 [pool-2-thread-1] WARN  SnakesGame - Master timed out, but deputy is unknown (no state yet?)
2025-12-23 13:56:58.016 [] WARN  SnakesGame - Retransmitting seq=80 to /198.18.0.1:9190 (retry 4)
2025-12-23 13:56:58.021 [] WARN  SnakesGame - Retransmitting seq=81 to /198.18.0.1:9190 (retry 2)
2025-12-23 13:56:58.161 [pool-2-thread-1] WARN  SnakesGame - Master timed out, but deputy is unknown (no state yet?)
2025-12-23 13:56:58.277 [] WARN  SnakesGame - Retransmitting seq=80 to /198.18.0.1:9190 (retry 5)
2025-12-23 13:56:58.277 [] WARN  SnakesGame - Retransmitting seq=81 to /198.18.0.1:9190 (retry 3)
2025-12-23 13:56:58.277 [] WARN  SnakesGame - Retransmitting seq=82 to /198.18.0.1:9190 (retry 1)
2025-12-23 13:56:58.305 [pool-2-thread-1] INFO  SnakesGame - Sent multicast announcement to 239.192.0.4:9192 (51 bytes)
2025-12-23 13:56:58.308 [] INFO  SnakesGame - Discovered game: 1 from /198.18.0.1:9190
2025-12-23 13:56:58.312 [] INFO  SnakesGame - Discovered game: 1 from /198.18.0.1:9190
2025-12-23 13:56:58.363 [pool-2-thread-1] WARN  SnakesGame - Master timed out, but deputy is unknown (no state yet?)
2025-12-23 13:56:58.532 [] ERROR SnakesGame - Message seq=80 to /198.18.0.1:9190 failed after 5 retries
2025-12-23 13:56:58.563 [pool-2-thread-1] WARN  SnakesGame - Master timed out, but deputy is unknown (no state yet?)
2025-12-23 13:56:58.760 [pool-2-thread-1] WARN  SnakesGame - Master timed out, but deputy is unknown (no state yet?)
2025-12-23 13:56:58.787 [] WARN  SnakesGame - Retransmitting seq=81 to /198.18.0.1:9190 (retry 4)
2025-12-23 13:56:58.787 [] WARN  SnakesGame - Retransmitting seq=82 to /198.18.0.1:9190 (retry 2)
2025-12-23 13:56:58.964 [pool-2-thread-1] WARN  SnakesGame - Master timed out, but deputy is unknown (no state yet?)
2025-12-23 13:56:59.161 [pool-2-thread-1] WARN  SnakesGame - Master timed out, but deputy is unknown (no state yet?)
2025-12-23 13:56:59.293 [] WARN  SnakesGame - Retransmitting seq=81 to /198.18.0.1:9190 (retry 5)
2025-12-23 13:56:59.293 [] WARN  SnakesGame - Retransmitting seq=82 to /198.18.0.1:9190 (retry 3)
2025-12-23 13:56:59.293 [] WARN  SnakesGame - Retransmitting seq=83 to /198.18.0.1:9190 (retry 1)
2025-12-23 13:56:59.303 [pool-2-thread-2] INFO  SnakesGame - Sent multicast announcement to 239.192.0.4:9192 (51 bytes)
2025-12-23 13:56:59.363 [pool-2-thread-1] WARN  SnakesGame - Master timed out, but deputy is unknown (no state yet?)
2025-12-23 13:56:59.548 [] ERROR SnakesGame - Message seq=81 to /198.18.0.1:9190 failed after 5 retries
2025-12-23 13:56:59.559 [pool-2-thread-1] WARN  SnakesGame - Master timed out, but deputy is unknown (no state yet?)
2025-12-23 13:56:59.762 [pool-2-thread-2] WARN  SnakesGame - Master timed out, but deputy is unknown (no state yet?)
2025-12-23 13:56:59.808 [] WARN  SnakesGame - Retransmitting seq=82 to /198.18.0.1:9190 (retry 4)
2025-12-23 13:56:59.811 [] WARN  SnakesGame - Retransmitting seq=83 to /198.18.0.1:9190 (retry 2)
2025-12-23 13:56:59.962 [pool-2-thread-2] WARN  SnakesGame - Master timed out, but deputy is unknown (no state yet?)
2025-12-23 13:57:00.163 [pool-2-thread-2] WARN  SnakesGame - Master timed out, but deputy is unknown (no state yet?)
2025-12-23 13:57:00.305 [pool-2-thread-2] INFO  SnakesGame - Sent multicast announcement to 239.192.0.4:9192 (51 bytes)
2025-12-23 13:57:00.319 [] WARN  SnakesGame - Retransmitting seq=82 to /198.18.0.1:9190 (retry 5)
2025-12-23 13:57:00.320 [] WARN  SnakesGame - Retransmitting seq=83 to /198.18.0.1:9190 (retry 3)
2025-12-23 13:57:00.320 [] WARN  SnakesGame - Retransmitting seq=84 to /198.18.0.1:9190 (retry 1)
2025-12-23 13:57:00.363 [pool-2-thread-2] WARN  SnakesGame - Master timed out, but deputy is unknown (no state yet?)
2025-12-23 13:57:00.563 [pool-2-thread-2] WARN  SnakesGame - Master timed out, but deputy is unknown (no state yet?)
2025-12-23 13:57:00.570 [] ERROR SnakesGame - Message seq=82 to /198.18.0.1:9190 failed after 5 retries
2025-12-23 13:57:00.759 [pool-2-thread-2] WARN  SnakesGame - Master timed out, but deputy is unknown (no state yet?)
2025-12-23 13:57:00.825 [] WARN  SnakesGame - Retransmitting seq=83 to /198.18.0.1:9190 (retry 4)
2025-12-23 13:57:00.826 [] WARN  SnakesGame - Retransmitting seq=84 to /198.18.0.1:9190 (retry 2)
2025-12-23 13:57:00.962 [pool-2-thread-2] WARN  SnakesGame - Master timed out, but deputy is unknown (no state yet?)
2025-12-23 13:57:01.163 [pool-2-thread-2] WARN  SnakesGame - Master timed out, but deputy is unknown (no state yet?)
2025-12-23 13:57:01.310 [pool-2-thread-3] INFO  SnakesGame - Sent multicast announcement to 239.192.0.4:9192 (51 bytes)
2025-12-23 13:57:01.332 [] WARN  SnakesGame - Retransmitting seq=83 to /198.18.0.1:9190 (retry 5)
2025-12-23 13:57:01.332 [] WARN  SnakesGame - Retransmitting seq=84 to /198.18.0.1:9190 (retry 3)
2025-12-23 13:57:01.333 [] WARN  SnakesGame - Retransmitting seq=85 to /198.18.0.1:9190 (retry 1)
2025-12-23 13:57:01.360 [pool-2-thread-2] WARN  SnakesGame - Master timed out, but deputy is unknown (no state yet?)
2025-12-23 13:57:01.563 [pool-2-thread-2] WARN  SnakesGame - Master timed out, but deputy is unknown (no state yet?)
2025-12-23 13:57:01.587 [] ERROR SnakesGame - Message seq=83 to /198.18.0.1:9190 failed after 5 retries
2025-12-23 13:57:01.762 [pool-2-thread-2] WARN  SnakesGame - Master timed out, but deputy is unknown (no state yet?)
2025-12-23 13:57:01.845 [] WARN  SnakesGame - Retransmitting seq=84 to /198.18.0.1:9190 (retry 4)
2025-12-23 13:57:01.847 [] WARN  SnakesGame - Retransmitting seq=85 to /198.18.0.1:9190 (retry 2)
2025-12-23 13:57:01.964 [pool-2-thread-2] WARN  SnakesGame - Master timed out, but deputy is unknown (no state yet?)
2025-12-23 13:57:02.162 [pool-2-thread-2] WARN  SnakesGame - Master timed out, but deputy is unknown (no state yet?)
2025-12-23 13:57:02.309 [pool-2-thread-2] INFO  SnakesGame - Sent multicast announcement to 239.192.0.4:9192 (51 bytes)
2025-12-23 13:57:02.356 [] WARN  SnakesGame - Retransmitting seq=84 to /198.18.0.1:9190 (retry 5)
2025-12-23 13:57:02.357 [] WARN  SnakesGame - Retransmitting seq=85 to /198.18.0.1:9190 (retry 3)
2025-12-23 13:57:02.357 [] WARN  SnakesGame - Retransmitting seq=86 to /198.18.0.1:9190 (retry 1)
2025-12-23 13:57:02.363 [pool-2-thread-2] WARN  SnakesGame - Master timed out, but deputy is unknown (no state yet?)
2025-12-23 13:57:02.561 [pool-2-thread-2] WARN  SnakesGame - Master timed out, but deputy is unknown (no state yet?)
2025-12-23 13:57:02.611 [] ERROR SnakesGame - Message seq=84 to /198.18.0.1:9190 failed after 5 retries
2025-12-23 13:57:02.763 [pool-2-thread-1] WARN  SnakesGame - Master timed out, but deputy is unknown (no state yet?)
2025-12-23 13:57:02.864 [] WARN  SnakesGame - Retransmitting seq=85 to /198.18.0.1:9190 (retry 4)
2025-12-23 13:57:02.864 [] WARN  SnakesGame - Retransmitting seq=86 to /198.18.0.1:9190 (retry 2)
2025-12-23 13:57:02.960 [pool-2-thread-1] WARN  SnakesGame - Master timed out, but deputy is unknown (no state yet?)
2025-12-23 13:57:03.162 [pool-2-thread-1] WARN  SnakesGame - Master timed out, but deputy is unknown (no state yet?)
2025-12-23 13:57:03.298 [pool-2-thread-1] INFO  SnakesGame - Sent multicast announcement to 239.192.0.4:9192 (51 bytes)
2025-12-23 13:57:03.361 [pool-2-thread-1] WARN  SnakesGame - Master timed out, but deputy is unknown (no state yet?)
2025-12-23 13:57:03.371 [] WARN  SnakesGame - Retransmitting seq=85 to /198.18.0.1:9190 (retry 5)
2025-12-23 13:57:03.371 [] WARN  SnakesGame - Retransmitting seq=86 to /198.18.0.1:9190 (retry 3)
2025-12-23 13:57:03.371 [] WARN  SnakesGame - Retransmitting seq=87 to /198.18.0.1:9190 (retry 1)
2025-12-23 13:57:03.564 [pool-2-thread-1] WARN  SnakesGame - Master timed out, but deputy is unknown (no state yet?)
2025-12-23 13:57:03.623 [] ERROR SnakesGame - Message seq=85 to /198.18.0.1:9190 failed after 5 retries
2025-12-23 13:57:03.767 [pool-2-thread-2] WARN  SnakesGame - Master timed out, but deputy is unknown (no state yet?)
2025-12-23 13:57:03.879 [] WARN  SnakesGame - Retransmitting seq=86 to /198.18.0.1:9190 (retry 4)
2025-12-23 13:57:03.880 [] WARN  SnakesGame - Retransmitting seq=87 to /198.18.0.1:9190 (retry 2)
2025-12-23 13:57:03.964 [pool-2-thread-2] WARN  SnakesGame - Master timed out, but deputy is unknown (no state yet?)
2025-12-23 13:57:04.160 [pool-2-thread-2] WARN  SnakesGame - Master timed out, but deputy is unknown (no state yet?)
2025-12-23 13:57:04.304 [pool-2-thread-2] INFO  SnakesGame - Sent multicast announcement to 239.192.0.4:9192 (51 bytes)
2025-12-23 13:57:04.361 [pool-2-thread-2] WARN  SnakesGame - Master timed out, but deputy is unknown (no state yet?)
2025-12-23 13:57:04.387 [] WARN  SnakesGame - Retransmitting seq=86 to /198.18.0.1:9190 (retry 5)
2025-12-23 13:57:04.388 [] WARN  SnakesGame - Retransmitting seq=87 to /198.18.0.1:9190 (retry 3)
2025-12-23 13:57:04.388 [] WARN  SnakesGame - Retransmitting seq=88 to /198.18.0.1:9190 (retry 1)
2025-12-23 13:57:04.563 [pool-2-thread-2] WARN  SnakesGame - Master timed out, but deputy is unknown (no state yet?)
2025-12-23 13:57:04.640 [] ERROR SnakesGame - Message seq=86 to /198.18.0.1:9190 failed after 5 retries
2025-12-23 13:57:04.762 [pool-2-thread-2] WARN  SnakesGame - Master timed out, but deputy is unknown (no state yet?)
2025-12-23 13:57:04.896 [] WARN  SnakesGame - Retransmitting seq=87 to /198.18.0.1:9190 (retry 4)
2025-12-23 13:57:04.897 [] WARN  SnakesGame - Retransmitting seq=88 to /198.18.0.1:9190 (retry 2)
2025-12-23 13:57:04.963 [pool-2-thread-2] WARN  SnakesGame - Master timed out, but deputy is unknown (no state yet?)
2025-12-23 13:57:05.167 [pool-2-thread-2] WARN  SnakesGame - Master timed out, but deputy is unknown (no state yet?)
2025-12-23 13:57:05.303 [pool-2-thread-1] INFO  SnakesGame - Sent multicast announcement to 239.192.0.4:9192 (51 bytes)
2025-12-23 13:57:05.364 [pool-2-thread-2] WARN  SnakesGame - Master timed out, but deputy is unknown (no state yet?)
2025-12-23 13:57:05.408 [] WARN  SnakesGame - Retransmitting seq=87 to /198.18.0.1:9190 (retry 5)
2025-12-23 13:57:05.408 [] WARN  SnakesGame - Retransmitting seq=88 to /198.18.0.1:9190 (retry 3)
2025-12-23 13:57:05.409 [] WARN  SnakesGame - Retransmitting seq=89 to /198.18.0.1:9190 (retry 1)
2025-12-23 13:57:05.561 [pool-2-thread-2] WARN  SnakesGame - Master timed out, but deputy is unknown (no state yet?)
2025-12-23 13:57:05.661 [] ERROR SnakesGame - Message seq=87 to /198.18.0.1:9190 failed after 5 retries
2025-12-23 13:57:05.764 [pool-2-thread-1] WARN  SnakesGame - Master timed out, but deputy is unknown (no state yet?)
2025-12-23 13:57:05.911 [JavaFX Application Thread] INFO  SnakesGame - Leaving game
2025-12-23 13:57:05.911 [JavaFX Application Thread] INFO  SnakesGame - MASTER node stopped
2025-12-23 13:57:05.913 [JavaFX Application Thread] INFO  SnakesGame - UDP Transport stopped
2025-12-23 13:57:05.914 [JavaFX Application Thread] INFO  SnakesGame - Found suitable interface: en0 with IPv4: 10.9.34.254
2025-12-23 13:57:05.914 [JavaFX Application Thread] INFO  SnakesGame - Multicast discovery stopped
2025-12-23 13:57:05.915 [JavaFX Application Thread] INFO  SnakesGame - NetworkManager stopped
2025-12-23 13:57:05.915 [JavaFX Application Thread] INFO  SnakesGame - Left game successfully
2025-12-23 13:57:05.915 [] INFO  SnakesGame - Multicast listen loop stopped
2025-12-23 13:57:05.915 [] WARN  SnakesGame - Retransmitting seq=88 to /198.18.0.1:9190 (retry 4)
2025-12-23 13:57:05.915 [] WARN  SnakesGame - Retransmitting seq=89 to /198.18.0.1:9190 (retry 2)
2025-12-23 13:57:05.964 [pool-2-thread-1] WARN  SnakesGame - Master timed out, but deputy is unknown (no state yet?)
2025-12-23 13:57:06.165 [pool-2-thread-1] WARN  SnakesGame - Master timed out, but deputy is unknown (no state yet?)
2025-12-23 13:57:06.363 [pool-2-thread-1] WARN  SnakesGame - Master timed out, but deputy is unknown (no state yet?)
2025-12-23 13:57:06.423 [] WARN  SnakesGame - Retransmitting seq=88 to /198.18.0.1:9190 (retry 5)
2025-12-23 13:57:06.424 [] WARN  SnakesGame - Retransmitting seq=89 to /198.18.0.1:9190 (retry 3)
2025-12-23 13:57:06.424 [] WARN  SnakesGame - Retransmitting seq=90 to /198.18.0.1:9190 (retry 1)
2025-12-23 13:57:06.565 [pool-2-thread-1] WARN  SnakesGame - Master timed out, but deputy is unknown (no state yet?)
2025-12-23 13:57:06.680 [] ERROR SnakesGame - Message seq=88 to /198.18.0.1:9190 failed after 5 retries
2025-12-23 13:57:06.760 [pool-2-thread-2] WARN  SnakesGame - Master timed out, but deputy is unknown (no state yet?)
2025-12-23 13:57:06.938 [] WARN  SnakesGame - Retransmitting seq=89 to /198.18.0.1:9190 (retry 4)
2025-12-23 13:57:06.938 [] WARN  SnakesGame - Retransmitting seq=90 to /198.18.0.1:9190 (retry 2)
2025-12-23 13:57:06.961 [pool-2-thread-2] WARN  SnakesGame - Master timed out, but deputy is unknown (no state yet?)
2025-12-23 13:57:07.164 [pool-2-thread-2] WARN  SnakesGame - Master timed out, but deputy is unknown (no state yet?)
2025-12-23 13:57:07.364 [pool-2-thread-2] WARN  SnakesGame - Master timed out, but deputy is unknown (no state yet?)
2025-12-23 13:57:07.442 [] WARN  SnakesGame - Retransmitting seq=89 to /198.18.0.1:9190 (retry 5)
2025-12-23 13:57:07.442 [] WARN  SnakesGame - Retransmitting seq=90 to /198.18.0.1:9190 (retry 3)
2025-12-23 13:57:07.442 [] WARN  SnakesGame - Retransmitting seq=91 to /198.18.0.1:9190 (retry 1)
2025-12-23 13:57:07.563 [pool-2-thread-2] WARN  SnakesGame - Master timed out, but deputy is unknown (no state yet?)
2025-12-23 13:57:07.697 [] ERROR SnakesGame - Message seq=89 to /198.18.0.1:9190 failed after 5 retries
2025-12-23 13:57:07.764 [pool-2-thread-2] WARN  SnakesGame - Master timed out, but deputy is unknown (no state yet?)
2025-12-23 13:57:07.950 [] WARN  SnakesGame - Retransmitting seq=90 to /198.18.0.1:9190 (retry 4)
2025-12-23 13:57:07.951 [] WARN  SnakesGame - Retransmitting seq=91 to /198.18.0.1:9190 (retry 2)
2025-12-23 13:57:07.962 [JavaFX Application Thread] INFO  SnakesGame - Leaving game
2025-12-23 13:57:07.962 [pool-2-thread-2] WARN  SnakesGame - Master timed out, but deputy is unknown (no state yet?)
2025-12-23 13:57:07.964 [JavaFX Application Thread] INFO  SnakesGame - NORMAL node stopped
2025-12-23 13:57:07.965 [JavaFX Application Thread] INFO  SnakesGame - UDP Transport stopped
2025-12-23 13:57:07.966 [JavaFX Application Thread] INFO  SnakesGame - Found suitable interface: en0 with IPv4: 10.9.34.254
2025-12-23 13:57:07.966 [JavaFX Application Thread] INFO  SnakesGame - Multicast discovery stopped
2025-12-23 13:57:07.966 [] INFO  SnakesGame - Multicast listen loop stopped
2025-12-23 13:57:07.966 [JavaFX Application Thread] INFO  SnakesGame - NetworkManager stopped
2025-12-23 13:57:07.967 [JavaFX Application Thread] INFO  SnakesGame - Left game successfully
2025-12-23 13:57:18.329 [JavaFX Application Thread] INFO  SnakesGame - Starting Snakes Application
2025-12-23 13:57:20.433 [JavaFX Application Thread] INFO  SnakesGame - Opening Create Game dialog
2025-12-23 13:57:20.981 [JavaFX Application Thread] INFO  SnakesGame - Starting Snakes Application
2025-12-23 13:57:25.370 [JavaFX Application Thread] INFO  SnakesGame - Creating new game: 1
2025-12-23 13:57:25.382 [JavaFX Application Thread] INFO  SnakesGame - UDP Transport started on port 9190
2025-12-23 13:57:25.383 [JavaFX Application Thread] INFO  SnakesGame - Looking for suitable multicast interface...
2025-12-23 13:57:25.384 [JavaFX Application Thread] INFO  SnakesGame - Found suitable interface: en0 with IPv4: 10.9.34.254
2025-12-23 13:57:25.385 [JavaFX Application Thread] INFO  SnakesGame - Joined multicast group using interface: en0 (en0)
2025-12-23 13:57:25.385 [JavaFX Application Thread] INFO  SnakesGame - Set multicast send interface to: en0 (en0)
2025-12-23 13:57:25.387 [JavaFX Application Thread] INFO  SnakesGame - Multicast discovery started on 239.192.0.4:9192
2025-12-23 13:57:25.387 [] INFO  SnakesGame - Multicast listen loop started
2025-12-23 13:57:25.389 [JavaFX Application Thread] INFO  SnakesGame - NetworkManager started successfully
2025-12-23 13:57:25.390 [JavaFX Application Thread] INFO  SnakesGame - Creating new GameEngine for new game
2025-12-23 13:57:25.395 [JavaFX Application Thread] INFO  SnakesGame - Created snake for player 1: head=Coord[x=38, y=19], tail=Coord[x=37, y=19], direction=RIGHT
2025-12-23 13:57:25.397 [JavaFX Application Thread] INFO  SnakesGame - Player 1 joined the game with snake at Coord[x=39, y=19]
2025-12-23 13:57:25.397 [JavaFX Application Thread] INFO  SnakesGame - Master created with snake at Coord[x=39, y=19]
2025-12-23 13:57:25.397 [JavaFX Application Thread] INFO  SnakesGame - Using existing GameEngine from onStart()
2025-12-23 13:57:25.398 [JavaFX Application Thread] INFO  SnakesGame - Starting timeout checker: timeoutMs=3000, checkInterval=1500ms
2025-12-23 13:57:25.398 [JavaFX Application Thread] INFO  SnakesGame - MASTER node started for player 1
2025-12-23 13:57:25.398 [JavaFX Application Thread] INFO  SnakesGame - MASTER node started for player 1
2025-12-23 13:57:25.398 [JavaFX Application Thread] INFO  SnakesGame - Game created successfully as MASTER
2025-12-23 13:57:25.398 [JavaFX Application Thread] INFO  SnakesGame - Game created: 1
2025-12-23 13:57:25.427 [pool-2-thread-3] INFO  SnakesGame - Sent multicast announcement to 239.192.0.4:9192 (50 bytes)
2025-12-23 13:57:25.428 [JavaFX Application Thread] INFO  SnakesGame - GameController initialized
2025-12-23 13:57:25.429 [JavaFX Application Thread] INFO  SnakesGame - GameService connected to GameController
2025-12-23 13:57:25.431 [] INFO  SnakesGame - Discovered game: 1 from /10.9.34.254:9190
2025-12-23 13:57:26.406 [pool-2-thread-3] INFO  SnakesGame - Sent multicast announcement to 239.192.0.4:9192 (50 bytes)
2025-12-23 13:57:26.406 [] INFO  SnakesGame - Discovered game: 1 from /10.9.34.254:9190
2025-12-23 13:57:27.403 [pool-2-thread-3] INFO  SnakesGame - Sent multicast announcement to 239.192.0.4:9192 (50 bytes)
2025-12-23 13:57:27.403 [] INFO  SnakesGame - Discovered game: 1 from /10.9.34.254:9190
2025-12-23 13:57:27.659 [JavaFX Application Thread] INFO  SnakesGame - Opening Lobby
2025-12-23 13:57:27.692 [JavaFX Application Thread] INFO  SnakesGame - Looking for suitable multicast interface...
2025-12-23 13:57:27.693 [JavaFX Application Thread] INFO  SnakesGame - Found suitable interface: en0 with IPv4: 10.9.34.254
2025-12-23 13:57:27.694 [JavaFX Application Thread] INFO  SnakesGame - Joined multicast group using interface: en0 (en0)
2025-12-23 13:57:27.694 [JavaFX Application Thread] INFO  SnakesGame - Set multicast send interface to: en0 (en0)
2025-12-23 13:57:27.696 [JavaFX Application Thread] INFO  SnakesGame - Multicast discovery started on 239.192.0.4:9192
2025-12-23 13:57:27.696 [] INFO  SnakesGame - Multicast listen loop started
2025-12-23 13:57:27.696 [JavaFX Application Thread] INFO  SnakesGame - Discovery service started
2025-12-23 13:57:27.697 [JavaFX Application Thread] INFO  SnakesGame - Discovery started in lobby
2025-12-23 13:57:28.407 [pool-2-thread-1] INFO  SnakesGame - Sent multicast announcement to 239.192.0.4:9192 (50 bytes)
2025-12-23 13:57:28.408 [] INFO  SnakesGame - Discovered game: 1 from /10.9.34.254:9190
2025-12-23 13:57:28.442 [] INFO  SnakesGame - Discovered new game: 1 at /10.9.34.254:9190
2025-12-23 13:57:28.443 [] INFO  SnakesGame - Discovered game: 1 from /10.9.34.254:9190
2025-12-23 13:57:28.443 [JavaFX Application Thread] INFO  SnakesGame - Game added to lobby: 1 at /10.9.34.254:9190
2025-12-23 13:57:29.408 [] INFO  SnakesGame - Discovered game: 1 from /10.9.34.254:9190
2025-12-23 13:57:29.406 [pool-2-thread-1] INFO  SnakesGame - Sent multicast announcement to 239.192.0.4:9192 (50 bytes)
2025-12-23 13:57:29.409 [] INFO  SnakesGame - Discovered game: 1 from /10.9.34.254:9190
2025-12-23 13:57:30.399 [pool-2-thread-3] INFO  SnakesGame - Sent multicast announcement to 239.192.0.4:9192 (50 bytes)
2025-12-23 13:57:30.399 [] INFO  SnakesGame - Discovered game: 1 from /10.9.34.254:9190
2025-12-23 13:57:30.399 [] INFO  SnakesGame - Discovered game: 1 from /10.9.34.254:9190
2025-12-23 13:57:31.406 [pool-2-thread-3] INFO  SnakesGame - Sent multicast announcement to 239.192.0.4:9192 (50 bytes)
2025-12-23 13:57:31.406 [] INFO  SnakesGame - Discovered game: 1 from /10.9.34.254:9190
2025-12-23 13:57:31.406 [] INFO  SnakesGame - Discovered game: 1 from /10.9.34.254:9190
2025-12-23 13:57:31.650 [JavaFX Application Thread] INFO  SnakesGame - Connecting to master at /10.9.34.254:9190
2025-12-23 13:57:31.653 [JavaFX Application Thread] INFO  SnakesGame - Joining game: 1
2025-12-23 13:57:31.658 [JavaFX Application Thread] INFO  SnakesGame - UDP Transport started on port 54088
2025-12-23 13:57:31.658 [JavaFX Application Thread] INFO  SnakesGame - Looking for suitable multicast interface...
2025-12-23 13:57:31.659 [JavaFX Application Thread] INFO  SnakesGame - Found suitable interface: en0 with IPv4: 10.9.34.254
2025-12-23 13:57:31.659 [JavaFX Application Thread] INFO  SnakesGame - Joined multicast group using interface: en0 (en0)
2025-12-23 13:57:31.659 [JavaFX Application Thread] INFO  SnakesGame - Set multicast send interface to: en0 (en0)
2025-12-23 13:57:31.659 [JavaFX Application Thread] INFO  SnakesGame - Multicast discovery started on 239.192.0.4:9192
2025-12-23 13:57:31.659 [] INFO  SnakesGame - Multicast listen loop started
2025-12-23 13:57:31.661 [JavaFX Application Thread] INFO  SnakesGame - NetworkManager started successfully
2025-12-23 13:57:31.666 [JavaFX Application Thread] INFO  SnakesGame - NormalNode started, master at /10.9.34.254:9190
2025-12-23 13:57:31.666 [JavaFX Application Thread] INFO  SnakesGame - NORMAL node started for player 111
2025-12-23 13:57:31.672 [JavaFX Application Thread] INFO  SnakesGame - Join request sent to master at /10.9.34.254:9190
2025-12-23 13:57:31.672 [JavaFX Application Thread] INFO  SnakesGame - Client started, waiting for role assignment
2025-12-23 13:57:31.672 [JavaFX Application Thread] INFO  SnakesGame - Joined game: 1
2025-12-23 13:57:31.673 [JavaFX Application Thread] INFO  SnakesGame - Found suitable interface: en0 with IPv4: 10.9.34.254
2025-12-23 13:57:31.673 [JavaFX Application Thread] INFO  SnakesGame - Multicast discovery stopped
2025-12-23 13:57:31.673 [JavaFX Application Thread] INFO  SnakesGame - Discovery service stopped
2025-12-23 13:57:31.674 [] INFO  SnakesGame - Received JOIN request from /10.9.34.254:54088 (player: 111)
2025-12-23 13:57:31.674 [] INFO  SnakesGame - Multicast listen loop stopped
2025-12-23 13:57:31.686 [] INFO  SnakesGame - Created snake for player 2: head=Coord[x=16, y=7], tail=Coord[x=15, y=7], direction=RIGHT
2025-12-23 13:57:31.686 [] INFO  SnakesGame - Player 111 joined the game with snake at Coord[x=17, y=7]
2025-12-23 13:57:31.686 [] INFO  SnakesGame - Player 111 joined the game as NORMAL with ID 2
2025-12-23 13:57:31.688 [] INFO  SnakesGame - Assigned 111 as deputy
2025-12-23 13:57:31.688 [] INFO  SnakesGame - Sent role assignment to /10.9.34.254:54088: role=NORMAL, id=2
2025-12-23 13:57:31.688 [JavaFX Application Thread] INFO  SnakesGame - GameController initialized
2025-12-23 13:57:31.689 [JavaFX Application Thread] INFO  SnakesGame - GameService connected to GameController
2025-12-23 13:57:31.689 [] INFO  SnakesGame - Assigned playerId 2 (was 0)
2025-12-23 13:57:31.689 [] INFO  SnakesGame - Role changed from NORMAL to DEPUTY
2025-12-23 13:57:31.689 [] INFO  SnakesGame - Promoted to DEPUTY, notifying GameService to switch node
2025-12-23 13:57:31.689 [] INFO  SnakesGame - Switching node from DEPUTY to DEPUTY
2025-12-23 13:57:31.690 [] INFO  SnakesGame - DEPUTY node stopped
2025-12-23 13:57:31.691 [] INFO  SnakesGame - DeputyNode.onStart() called
2025-12-23 13:57:31.691 [] INFO  SnakesGame - Ping task started
2025-12-23 13:57:31.691 [] INFO  SnakesGame - startMasterTimeoutChecker: timeoutMs=3000, checkInterval=200ms
2025-12-23 13:57:31.692 [] INFO  SnakesGame - Master timeout checker started
2025-12-23 13:57:31.692 [] INFO  SnakesGame - DeputyNode started, monitoring master at /10.9.34.254:9190
2025-12-23 13:57:31.692 [] INFO  SnakesGame - DEPUTY node started for player 111
2025-12-23 13:57:31.692 [] INFO  SnakesGame - Node switched successfully to DEPUTY
2025-12-23 13:57:32.404 [pool-2-thread-2] INFO  SnakesGame - Sent multicast announcement to 239.192.0.4:9192 (82 bytes)
2025-12-23 13:57:32.405 [] INFO  SnakesGame - Discovered game: 1 from /10.9.34.254:9190
2025-12-23 13:57:32.405 [] INFO  SnakesGame - Discovered game: 1 from /10.9.34.254:9190
2025-12-23 13:57:33.406 [pool-2-thread-3] INFO  SnakesGame - Sent multicast announcement to 239.192.0.4:9192 (82 bytes)
2025-12-23 13:57:33.406 [] INFO  SnakesGame - Discovered game: 1 from /10.9.34.254:9190
2025-12-23 13:57:33.406 [] INFO  SnakesGame - Discovered game: 1 from /10.9.34.254:9190
2025-12-23 13:57:34.406 [pool-2-thread-3] INFO  SnakesGame - Sent multicast announcement to 239.192.0.4:9192 (82 bytes)
2025-12-23 13:57:34.406 [] INFO  SnakesGame - Discovered game: 1 from /10.9.34.254:9190
2025-12-23 13:57:34.406 [] INFO  SnakesGame - Discovered game: 1 from /10.9.34.254:9190
2025-12-23 13:57:35.405 [pool-2-thread-3] INFO  SnakesGame - Sent multicast announcement to 239.192.0.4:9192 (82 bytes)
2025-12-23 13:57:35.406 [] INFO  SnakesGame - Discovered game: 1 from /10.9.34.254:9190
2025-12-23 13:57:35.407 [] INFO  SnakesGame - Discovered game: 1 from /10.9.34.254:9190
2025-12-23 13:57:36.406 [pool-2-thread-2] INFO  SnakesGame - Sent multicast announcement to 239.192.0.4:9192 (82 bytes)
2025-12-23 13:57:36.407 [] INFO  SnakesGame - Discovered game: 1 from /10.9.34.254:9190
2025-12-23 13:57:36.407 [] INFO  SnakesGame - Discovered game: 1 from /10.9.34.254:9190
2025-12-23 13:57:37.404 [pool-2-thread-2] INFO  SnakesGame - Sent multicast announcement to 239.192.0.4:9192 (82 bytes)
2025-12-23 13:57:37.407 [] INFO  SnakesGame - Discovered game: 1 from /10.9.34.254:9190
2025-12-23 13:57:37.407 [] INFO  SnakesGame - Discovered game: 1 from /10.9.34.254:9190
2025-12-23 13:57:38.404 [pool-2-thread-2] INFO  SnakesGame - Sent multicast announcement to 239.192.0.4:9192 (82 bytes)
2025-12-23 13:57:38.406 [] INFO  SnakesGame - Discovered game: 1 from /10.9.34.254:9190
2025-12-23 13:57:38.406 [] INFO  SnakesGame - Discovered game: 1 from /10.9.34.254:9190
2025-12-23 13:57:39.399 [pool-2-thread-1] INFO  SnakesGame - Sent multicast announcement to 239.192.0.4:9192 (82 bytes)
2025-12-23 13:57:39.399 [] INFO  SnakesGame - Discovered game: 1 from /10.9.34.254:9190
2025-12-23 13:57:39.399 [] INFO  SnakesGame - Discovered game: 1 from /10.9.34.254:9190
2025-12-23 13:57:40.407 [pool-2-thread-1] INFO  SnakesGame - Sent multicast announcement to 239.192.0.4:9192 (82 bytes)
2025-12-23 13:57:40.407 [] INFO  SnakesGame - Discovered game: 1 from /10.9.34.254:9190
2025-12-23 13:57:40.407 [] INFO  SnakesGame - Discovered game: 1 from /10.9.34.254:9190
2025-12-23 13:57:41.402 [pool-2-thread-2] INFO  SnakesGame - Sent multicast announcement to 239.192.0.4:9192 (82 bytes)
2025-12-23 13:57:41.404 [] INFO  SnakesGame - Discovered game: 1 from /10.9.34.254:9190
2025-12-23 13:57:41.404 [] INFO  SnakesGame - Discovered game: 1 from /10.9.34.254:9190
2025-12-23 13:57:42.403 [pool-2-thread-3] INFO  SnakesGame - Sent multicast announcement to 239.192.0.4:9192 (82 bytes)
2025-12-23 13:57:42.403 [] INFO  SnakesGame - Discovered game: 1 from /10.9.34.254:9190
2025-12-23 13:57:42.403 [] INFO  SnakesGame - Discovered game: 1 from /10.9.34.254:9190
2025-12-23 13:57:43.406 [pool-2-thread-2] INFO  SnakesGame - Sent multicast announcement to 239.192.0.4:9192 (82 bytes)
2025-12-23 13:57:43.408 [] INFO  SnakesGame - Discovered game: 1 from /10.9.34.254:9190
2025-12-23 13:57:43.408 [] INFO  SnakesGame - Discovered game: 1 from /10.9.34.254:9190
2025-12-23 13:57:44.399 [pool-2-thread-2] INFO  SnakesGame - Sent multicast announcement to 239.192.0.4:9192 (82 bytes)
2025-12-23 13:57:44.400 [] INFO  SnakesGame - Discovered game: 1 from /10.9.34.254:9190
2025-12-23 13:57:44.400 [] INFO  SnakesGame - Discovered game: 1 from /10.9.34.254:9190
2025-12-23 13:57:45.402 [pool-2-thread-2] INFO  SnakesGame - Sent multicast announcement to 239.192.0.4:9192 (82 bytes)
2025-12-23 13:57:45.404 [] INFO  SnakesGame - Discovered game: 1 from /10.9.34.254:9190
2025-12-23 13:57:45.404 [] INFO  SnakesGame - Discovered game: 1 from /10.9.34.254:9190
2025-12-23 13:57:46.408 [pool-2-thread-1] INFO  SnakesGame - Sent multicast announcement to 239.192.0.4:9192 (82 bytes)
2025-12-23 13:57:46.409 [] INFO  SnakesGame - Discovered game: 1 from /10.9.34.254:9190
2025-12-23 13:57:46.409 [] INFO  SnakesGame - Discovered game: 1 from /10.9.34.254:9190
2025-12-23 13:57:47.406 [pool-2-thread-1] INFO  SnakesGame - Sent multicast announcement to 239.192.0.4:9192 (82 bytes)
2025-12-23 13:57:47.407 [] INFO  SnakesGame - Discovered game: 1 from /10.9.34.254:9190
2025-12-23 13:57:47.407 [] INFO  SnakesGame - Discovered game: 1 from /10.9.34.254:9190
2025-12-23 13:57:48.406 [pool-2-thread-3] INFO  SnakesGame - Sent multicast announcement to 239.192.0.4:9192 (82 bytes)
2025-12-23 13:57:48.410 [] INFO  SnakesGame - Discovered game: 1 from /10.9.34.254:9190
2025-12-23 13:57:48.410 [] INFO  SnakesGame - Discovered game: 1 from /10.9.34.254:9190
2025-12-23 13:57:49.404 [pool-2-thread-3] INFO  SnakesGame - Sent multicast announcement to 239.192.0.4:9192 (82 bytes)
2025-12-23 13:57:49.407 [] INFO  SnakesGame - Discovered game: 1 from /10.9.34.254:9190
2025-12-23 13:57:49.407 [] INFO  SnakesGame - Discovered game: 1 from /10.9.34.254:9190
2025-12-23 13:57:50.402 [pool-2-thread-3] INFO  SnakesGame - Sent multicast announcement to 239.192.0.4:9192 (82 bytes)
2025-12-23 13:57:50.403 [] INFO  SnakesGame - Discovered game: 1 from /10.9.34.254:9190
2025-12-23 13:57:50.402 [] INFO  SnakesGame - Discovered game: 1 from /10.9.34.254:9190
2025-12-23 13:57:51.404 [pool-2-thread-1] INFO  SnakesGame - Sent multicast announcement to 239.192.0.4:9192 (82 bytes)
2025-12-23 13:57:51.406 [] INFO  SnakesGame - Discovered game: 1 from /10.9.34.254:9190
2025-12-23 13:57:51.406 [] INFO  SnakesGame - Discovered game: 1 from /10.9.34.254:9190
2025-12-23 13:57:52.403 [pool-2-thread-3] INFO  SnakesGame - Sent multicast announcement to 239.192.0.4:9192 (82 bytes)
2025-12-23 13:57:52.403 [] INFO  SnakesGame - Discovered game: 1 from /10.9.34.254:9190
2025-12-23 13:57:52.403 [] INFO  SnakesGame - Discovered game: 1 from /10.9.34.254:9190
2025-12-23 13:57:53.406 [pool-2-thread-3] INFO  SnakesGame - Sent multicast announcement to 239.192.0.4:9192 (82 bytes)
2025-12-23 13:57:53.407 [] INFO  SnakesGame - Discovered game: 1 from /10.9.34.254:9190
2025-12-23 13:57:53.407 [] INFO  SnakesGame - Discovered game: 1 from /10.9.34.254:9190
2025-12-23 13:57:54.399 [pool-2-thread-1] INFO  SnakesGame - Sent multicast announcement to 239.192.0.4:9192 (82 bytes)
2025-12-23 13:57:54.400 [] INFO  SnakesGame - Discovered game: 1 from /10.9.34.254:9190
2025-12-23 13:57:54.400 [] INFO  SnakesGame - Discovered game: 1 from /10.9.34.254:9190
2025-12-23 13:57:55.405 [pool-2-thread-1] INFO  SnakesGame - Sent multicast announcement to 239.192.0.4:9192 (82 bytes)
2025-12-23 13:57:55.407 [] INFO  SnakesGame - Discovered game: 1 from /10.9.34.254:9190
2025-12-23 13:57:55.409 [] INFO  SnakesGame - Discovered game: 1 from /10.9.34.254:9190
2025-12-23 13:57:56.404 [pool-2-thread-1] INFO  SnakesGame - Sent multicast announcement to 239.192.0.4:9192 (82 bytes)
2025-12-23 13:57:56.408 [] INFO  SnakesGame - Discovered game: 1 from /10.9.34.254:9190
2025-12-23 13:57:56.409 [] INFO  SnakesGame - Discovered game: 1 from /10.9.34.254:9190
2025-12-23 13:57:57.407 [pool-2-thread-2] INFO  SnakesGame - Sent multicast announcement to 239.192.0.4:9192 (82 bytes)
2025-12-23 13:57:57.408 [] INFO  SnakesGame - Discovered game: 1 from /10.9.34.254:9190
2025-12-23 13:57:57.408 [] INFO  SnakesGame - Discovered game: 1 from /10.9.34.254:9190
2025-12-23 13:57:58.405 [pool-2-thread-2] INFO  SnakesGame - Sent multicast announcement to 239.192.0.4:9192 (82 bytes)
2025-12-23 13:57:58.406 [] INFO  SnakesGame - Discovered game: 1 from /10.9.34.254:9190
2025-12-23 13:57:58.408 [] INFO  SnakesGame - Discovered game: 1 from /10.9.34.254:9190
2025-12-23 13:57:59.406 [pool-2-thread-1] INFO  SnakesGame - Sent multicast announcement to 239.192.0.4:9192 (82 bytes)
2025-12-23 13:57:59.406 [] INFO  SnakesGame - Discovered game: 1 from /10.9.34.254:9190
2025-12-23 13:57:59.417 [] INFO  SnakesGame - Discovered game: 1 from /10.9.34.254:9190
2025-12-23 13:58:00.403 [pool-2-thread-3] INFO  SnakesGame - Sent multicast announcement to 239.192.0.4:9192 (82 bytes)
2025-12-23 13:58:00.404 [] INFO  SnakesGame - Discovered game: 1 from /10.9.34.254:9190
2025-12-23 13:58:00.404 [] INFO  SnakesGame - Discovered game: 1 from /10.9.34.254:9190
2025-12-23 13:58:01.407 [pool-2-thread-1] INFO  SnakesGame - Sent multicast announcement to 239.192.0.4:9192 (82 bytes)
2025-12-23 13:58:01.407 [] INFO  SnakesGame - Discovered game: 1 from /10.9.34.254:9190
2025-12-23 13:58:01.408 [] INFO  SnakesGame - Discovered game: 1 from /10.9.34.254:9190
2025-12-23 13:58:01.608 [JavaFX Application Thread] INFO  SnakesGame - Leaving game
2025-12-23 13:58:01.609 [JavaFX Application Thread] INFO  SnakesGame - MASTER node stopped
2025-12-23 13:58:01.610 [JavaFX Application Thread] INFO  SnakesGame - UDP Transport stopped
2025-12-23 13:58:01.612 [JavaFX Application Thread] INFO  SnakesGame - Found suitable interface: en0 with IPv4: 10.9.34.254
2025-12-23 13:58:01.612 [JavaFX Application Thread] INFO  SnakesGame - Multicast discovery stopped
2025-12-23 13:58:01.613 [JavaFX Application Thread] INFO  SnakesGame - NetworkManager stopped
2025-12-23 13:58:01.613 [JavaFX Application Thread] INFO  SnakesGame - Left game successfully
2025-12-23 13:58:01.613 [JavaFX Application Thread] INFO  SnakesGame - Exiting to main menu
2025-12-23 13:58:01.613 [] INFO  SnakesGame - Multicast listen loop stopped
2025-12-23 13:58:02.382 [] WARN  SnakesGame - Retransmitting seq=35 to /10.9.34.254:9190 (retry 1)
2025-12-23 13:58:02.891 [] WARN  SnakesGame - Retransmitting seq=35 to /10.9.34.254:9190 (retry 2)
2025-12-23 13:58:03.400 [] WARN  SnakesGame - Retransmitting seq=35 to /10.9.34.254:9190 (retry 3)
2025-12-23 13:58:03.401 [] WARN  SnakesGame - Retransmitting seq=36 to /10.9.34.254:9190 (retry 1)
2025-12-23 13:58:03.914 [] WARN  SnakesGame - Retransmitting seq=35 to /10.9.34.254:9190 (retry 4)
2025-12-23 13:58:03.915 [] WARN  SnakesGame - Retransmitting seq=36 to /10.9.34.254:9190 (retry 2)
2025-12-23 13:58:04.422 [] WARN  SnakesGame - Retransmitting seq=35 to /10.9.34.254:9190 (retry 5)
2025-12-23 13:58:04.425 [] WARN  SnakesGame - Retransmitting seq=36 to /10.9.34.254:9190 (retry 3)
2025-12-23 13:58:04.425 [] WARN  SnakesGame - Retransmitting seq=37 to /10.9.34.254:9190 (retry 1)
2025-12-23 13:58:04.494 [pool-3-thread-1] WARN  SnakesGame - Master timed out! Elapsed: 3085ms, promoting to MASTER
2025-12-23 13:58:04.496 [pool-3-thread-1] INFO  SnakesGame - Deputy promoting to MASTER
2025-12-23 13:58:04.496 [pool-3-thread-1] INFO  SnakesGame - Found old master: playerId=1, address=/10.9.34.254:9190
2025-12-23 13:58:04.496 [pool-3-thread-1] INFO  SnakesGame - Old master assumed dead: /10.9.34.254:9190
2025-12-23 13:58:04.496 [pool-3-thread-1] INFO  SnakesGame - Creating GameEngine with current state
2025-12-23 13:58:04.502 [pool-3-thread-1] INFO  SnakesGame - Player 1 left, snake became zombie
2025-12-23 13:58:04.502 [pool-3-thread-1] INFO  SnakesGame - Removed old master player 1 from game state
2025-12-23 13:58:04.504 [pool-3-thread-1] INFO  SnakesGame - UDP Transport stopped
2025-12-23 13:58:04.505 [pool-3-thread-1] INFO  SnakesGame - Found suitable interface: en0 with IPv4: 10.9.34.254
2025-12-23 13:58:04.506 [pool-3-thread-1] INFO  SnakesGame - Multicast discovery stopped
2025-12-23 13:58:04.506 [] INFO  SnakesGame - Multicast listen loop stopped
2025-12-23 13:58:04.506 [pool-3-thread-1] INFO  SnakesGame - NetworkManager stopped
2025-12-23 13:58:04.506 [pool-3-thread-1] INFO  SnakesGame - UDP Transport started on port 9190
2025-12-23 13:58:04.507 [pool-3-thread-1] INFO  SnakesGame - Looking for suitable multicast interface...
2025-12-23 13:58:04.508 [pool-3-thread-1] INFO  SnakesGame - Found suitable interface: en0 with IPv4: 10.9.34.254
2025-12-23 13:58:04.508 [pool-3-thread-1] INFO  SnakesGame - Joined multicast group using interface: en0 (en0)
2025-12-23 13:58:04.508 [pool-3-thread-1] INFO  SnakesGame - Set multicast send interface to: en0 (en0)
2025-12-23 13:58:04.508 [pool-3-thread-1] INFO  SnakesGame - Multicast discovery started on 239.192.0.4:9192
2025-12-23 13:58:04.508 [] INFO  SnakesGame - Multicast listen loop started
2025-12-23 13:58:04.508 [pool-3-thread-1] INFO  SnakesGame - NetworkManager started successfully
2025-12-23 13:58:04.508 [pool-3-thread-1] INFO  SnakesGame - Broadcasted new master role to all players
2025-12-23 13:58:04.508 [pool-3-thread-1] INFO  SnakesGame - Switching node from DEPUTY to MASTER
2025-12-23 13:58:04.508 [pool-3-thread-1] INFO  SnakesGame - DEPUTY node stopped
2025-12-23 13:58:04.509 [pool-3-thread-1] INFO  SnakesGame - Using existing GameEngine from Deputy promotion
2025-12-23 13:58:04.509 [pool-3-thread-1] INFO  SnakesGame - Game state preserved: order=37, players=1
2025-12-23 13:58:04.510 [pool-3-thread-1] INFO  SnakesGame - Using existing GameEngine from onStart()
2025-12-23 13:58:04.511 [pool-3-thread-1] INFO  SnakesGame - Starting timeout checker: timeoutMs=3000, checkInterval=1500ms
2025-12-23 13:58:04.511 [pool-3-thread-1] INFO  SnakesGame - MASTER node started for player 111
2025-12-23 13:58:04.511 [pool-3-thread-1] INFO  SnakesGame - MASTER node started for player 111
2025-12-23 13:58:04.511 [pool-3-thread-1] INFO  SnakesGame - Node switched successfully to MASTER
2025-12-23 13:58:04.511 [pool-3-thread-1] INFO  SnakesGame - Successfully promoted to MASTER (requested GameService switch)
2025-12-23 13:58:04.512 [pool-4-thread-3] INFO  SnakesGame - Sent multicast announcement to 239.192.0.4:9192 (69 bytes)
2025-12-23 13:58:04.513 [] INFO  SnakesGame - Discovered game: 1 from /10.9.34.254:9190
2025-12-23 13:58:05.518 [pool-4-thread-3] INFO  SnakesGame - Sent multicast announcement to 239.192.0.4:9192 (69 bytes)
2025-12-23 13:58:05.519 [] INFO  SnakesGame - Discovered game: 1 from /10.9.34.254:9190
2025-12-23 13:58:06.520 [pool-4-thread-3] INFO  SnakesGame - Sent multicast announcement to 239.192.0.4:9192 (69 bytes)
2025-12-23 13:58:06.520 [] INFO  SnakesGame - Discovered game: 1 from /10.9.34.254:9190
2025-12-23 13:58:07.513 [pool-4-thread-3] INFO  SnakesGame - Sent multicast announcement to 239.192.0.4:9192 (69 bytes)
2025-12-23 13:58:07.513 [] INFO  SnakesGame - Discovered game: 1 from /10.9.34.254:9190
2025-12-23 13:58:08.521 [pool-4-thread-1] INFO  SnakesGame - Sent multicast announcement to 239.192.0.4:9192 (69 bytes)
2025-12-23 13:58:08.521 [] INFO  SnakesGame - Discovered game: 1 from /10.9.34.254:9190
2025-12-23 13:58:09.519 [pool-4-thread-1] INFO  SnakesGame - Sent multicast announcement to 239.192.0.4:9192 (69 bytes)
2025-12-23 13:58:09.519 [] INFO  SnakesGame - Discovered game: 1 from /10.9.34.254:9190
2025-12-23 13:58:10.523 [pool-4-thread-1] INFO  SnakesGame - Sent multicast announcement to 239.192.0.4:9192 (69 bytes)
2025-12-23 13:58:10.524 [] INFO  SnakesGame - Discovered game: 1 from /10.9.34.254:9190
2025-12-23 13:58:11.511 [pool-4-thread-1] INFO  SnakesGame - Sent multicast announcement to 239.192.0.4:9192 (69 bytes)
2025-12-23 13:58:11.511 [] INFO  SnakesGame - Discovered game: 1 from /10.9.34.254:9190
2025-12-23 13:58:12.522 [pool-4-thread-2] INFO  SnakesGame - Sent multicast announcement to 239.192.0.4:9192 (69 bytes)
2025-12-23 13:58:12.522 [] INFO  SnakesGame - Discovered game: 1 from /10.9.34.254:9190
2025-12-23 13:58:13.513 [pool-4-thread-2] INFO  SnakesGame - Sent multicast announcement to 239.192.0.4:9192 (69 bytes)
2025-12-23 13:58:13.513 [] INFO  SnakesGame - Discovered game: 1 from /10.9.34.254:9190
2025-12-23 13:58:14.521 [pool-4-thread-1] INFO  SnakesGame - Sent multicast announcement to 239.192.0.4:9192 (69 bytes)
2025-12-23 13:58:14.522 [] INFO  SnakesGame - Discovered game: 1 from /10.9.34.254:9190
2025-12-23 13:58:15.522 [pool-4-thread-3] INFO  SnakesGame - Sent multicast announcement to 239.192.0.4:9192 (69 bytes)
2025-12-23 13:58:15.522 [] INFO  SnakesGame - Discovered game: 1 from /10.9.34.254:9190
2025-12-23 13:58:16.518 [pool-4-thread-1] INFO  SnakesGame - Sent multicast announcement to 239.192.0.4:9192 (69 bytes)
2025-12-23 13:58:16.518 [] INFO  SnakesGame - Discovered game: 1 from /10.9.34.254:9190
2025-12-23 13:58:17.519 [pool-4-thread-2] INFO  SnakesGame - Sent multicast announcement to 239.192.0.4:9192 (69 bytes)
2025-12-23 13:58:17.521 [] INFO  SnakesGame - Discovered game: 1 from /10.9.34.254:9190
2025-12-23 13:58:18.520 [pool-4-thread-3] INFO  SnakesGame - Sent multicast announcement to 239.192.0.4:9192 (69 bytes)
2025-12-23 13:58:18.520 [] INFO  SnakesGame - Discovered game: 1 from /10.9.34.254:9190
2025-12-23 13:58:19.521 [pool-4-thread-1] INFO  SnakesGame - Sent multicast announcement to 239.192.0.4:9192 (69 bytes)
2025-12-23 13:58:19.522 [] INFO  SnakesGame - Discovered game: 1 from /10.9.34.254:9190
2025-12-23 13:58:20.512 [pool-4-thread-2] INFO  SnakesGame - Sent multicast announcement to 239.192.0.4:9192 (69 bytes)
2025-12-23 13:58:20.513 [] INFO  SnakesGame - Discovered game: 1 from /10.9.34.254:9190
2025-12-23 13:58:21.514 [pool-4-thread-3] INFO  SnakesGame - Sent multicast announcement to 239.192.0.4:9192 (69 bytes)
2025-12-23 13:58:21.514 [] INFO  SnakesGame - Discovered game: 1 from /10.9.34.254:9190
2025-12-23 13:58:22.515 [] INFO  SnakesGame - Discovered game: 1 from /10.9.34.254:9190
2025-12-23 13:58:22.514 [pool-4-thread-3] INFO  SnakesGame - Sent multicast announcement to 239.192.0.4:9192 (69 bytes)
2025-12-23 13:58:23.518 [pool-4-thread-2] INFO  SnakesGame - Sent multicast announcement to 239.192.0.4:9192 (69 bytes)
2025-12-23 13:58:23.518 [] INFO  SnakesGame - Discovered game: 1 from /10.9.34.254:9190
2025-12-23 13:58:24.517 [pool-4-thread-1] INFO  SnakesGame - Sent multicast announcement to 239.192.0.4:9192 (69 bytes)
2025-12-23 13:58:24.518 [] INFO  SnakesGame - Discovered game: 1 from /10.9.34.254:9190
2025-12-23 13:58:25.515 [pool-4-thread-1] INFO  SnakesGame - Sent multicast announcement to 239.192.0.4:9192 (69 bytes)
2025-12-23 13:58:25.517 [] INFO  SnakesGame - Discovered game: 1 from /10.9.34.254:9190
2025-12-23 13:58:25.575 [JavaFX Application Thread] INFO  SnakesGame - Leaving game
2025-12-23 13:58:25.576 [JavaFX Application Thread] INFO  SnakesGame - MASTER node stopped
2025-12-23 13:58:25.576 [JavaFX Application Thread] INFO  SnakesGame - UDP Transport stopped
2025-12-23 13:58:25.576 [JavaFX Application Thread] INFO  SnakesGame - Found suitable interface: en0 with IPv4: 10.9.34.254
2025-12-23 13:58:25.576 [JavaFX Application Thread] INFO  SnakesGame - Multicast discovery stopped
2025-12-23 13:58:25.576 [JavaFX Application Thread] INFO  SnakesGame - NetworkManager stopped
2025-12-23 13:58:25.576 [JavaFX Application Thread] INFO  SnakesGame - Left game successfully
2025-12-23 13:58:25.577 [JavaFX Application Thread] INFO  SnakesGame - Exiting to main menu
2025-12-23 13:58:25.577 [] INFO  SnakesGame - Multicast listen loop stopped
2025-12-23 13:58:27.635 [JavaFX Application Thread] INFO  SnakesGame - Opening Create Game dialog
2025-12-23 13:58:44.638 [JavaFX Application Thread] INFO  SnakesGame - Creating new game: 1
2025-12-23 13:58:44.640 [JavaFX Application Thread] INFO  SnakesGame - UDP Transport started on port 9190
2025-12-23 13:58:44.641 [JavaFX Application Thread] INFO  SnakesGame - Looking for suitable multicast interface...
2025-12-23 13:58:44.642 [JavaFX Application Thread] INFO  SnakesGame - Found suitable interface: en0 with IPv4: 10.9.34.254
2025-12-23 13:58:44.643 [JavaFX Application Thread] INFO  SnakesGame - Joined multicast group using interface: en0 (en0)
2025-12-23 13:58:44.643 [JavaFX Application Thread] INFO  SnakesGame - Set multicast send interface to: en0 (en0)
2025-12-23 13:58:44.643 [JavaFX Application Thread] INFO  SnakesGame - Multicast discovery started on 239.192.0.4:9192
2025-12-23 13:58:44.643 [JavaFX Application Thread] INFO  SnakesGame - NetworkManager started successfully
2025-12-23 13:58:44.643 [] INFO  SnakesGame - Multicast listen loop started
2025-12-23 13:58:44.644 [JavaFX Application Thread] INFO  SnakesGame - Creating new GameEngine for new game
2025-12-23 13:58:44.646 [JavaFX Application Thread] INFO  SnakesGame - Created snake for player 1: head=Coord[x=7, y=4], tail=Coord[x=7, y=5], direction=UP
2025-12-23 13:58:44.649 [JavaFX Application Thread] INFO  SnakesGame - Player 1 joined the game with snake at Coord[x=7, y=3]
2025-12-23 13:58:44.649 [JavaFX Application Thread] INFO  SnakesGame - Master created with snake at Coord[x=7, y=3]
2025-12-23 13:58:44.649 [JavaFX Application Thread] INFO  SnakesGame - Using existing GameEngine from onStart()
2025-12-23 13:58:44.650 [JavaFX Application Thread] INFO  SnakesGame - Starting timeout checker: timeoutMs=3000, checkInterval=1500ms
2025-12-23 13:58:44.650 [JavaFX Application Thread] INFO  SnakesGame - MASTER node started for player 1
2025-12-23 13:58:44.650 [JavaFX Application Thread] INFO  SnakesGame - MASTER node started for player 1
2025-12-23 13:58:44.650 [JavaFX Application Thread] INFO  SnakesGame - Game created successfully as MASTER
2025-12-23 13:58:44.650 [JavaFX Application Thread] INFO  SnakesGame - Game created: 1
2025-12-23 13:58:44.651 [pool-5-thread-1] INFO  SnakesGame - Sent multicast announcement to 239.192.0.4:9192 (50 bytes)
2025-12-23 13:58:44.651 [] INFO  SnakesGame - Discovered game: 1 from /10.9.34.254:9190
2025-12-23 13:58:44.657 [JavaFX Application Thread] INFO  SnakesGame - GameController initialized
2025-12-23 13:58:44.658 [JavaFX Application Thread] INFO  SnakesGame - GameService connected to GameController
2025-12-23 13:58:45.657 [pool-5-thread-3] INFO  SnakesGame - Sent multicast announcement to 239.192.0.4:9192 (50 bytes)
2025-12-23 13:58:45.658 [] INFO  SnakesGame - Discovered game: 1 from /10.9.34.254:9190
2025-12-23 13:58:46.656 [pool-5-thread-3] INFO  SnakesGame - Sent multicast announcement to 239.192.0.4:9192 (50 bytes)
2025-12-23 13:58:46.657 [] INFO  SnakesGame - Discovered game: 1 from /10.9.34.254:9190
2025-12-23 13:58:47.654 [pool-5-thread-2] INFO  SnakesGame - Sent multicast announcement to 239.192.0.4:9192 (50 bytes)
2025-12-23 13:58:47.655 [] INFO  SnakesGame - Discovered game: 1 from /10.9.34.254:9190
2025-12-23 13:58:48.652 [pool-5-thread-3] INFO  SnakesGame - Sent multicast announcement to 239.192.0.4:9192 (50 bytes)
2025-12-23 13:58:48.653 [] INFO  SnakesGame - Discovered game: 1 from /10.9.34.254:9190
2025-12-23 13:58:49.659 [pool-5-thread-1] INFO  SnakesGame - Sent multicast announcement to 239.192.0.4:9192 (50 bytes)
2025-12-23 13:58:49.659 [] INFO  SnakesGame - Discovered game: 1 from /10.9.34.254:9190
2025-12-23 13:58:50.656 [pool-5-thread-3] INFO  SnakesGame - Sent multicast announcement to 239.192.0.4:9192 (50 bytes)
2025-12-23 13:58:50.658 [] INFO  SnakesGame - Discovered game: 1 from /10.9.34.254:9190
2025-12-23 13:58:51.656 [pool-5-thread-1] INFO  SnakesGame - Sent multicast announcement to 239.192.0.4:9192 (50 bytes)
2025-12-23 13:58:51.657 [] INFO  SnakesGame - Discovered game: 1 from /10.9.34.254:9190
2025-12-23 13:58:52.657 [pool-5-thread-3] INFO  SnakesGame - Sent multicast announcement to 239.192.0.4:9192 (50 bytes)
2025-12-23 13:58:52.658 [] INFO  SnakesGame - Discovered game: 1 from /10.9.34.254:9190
2025-12-23 13:58:53.658 [pool-5-thread-2] INFO  SnakesGame - Sent multicast announcement to 239.192.0.4:9192 (50 bytes)
2025-12-23 13:58:53.660 [] INFO  SnakesGame - Discovered game: 1 from /10.9.34.254:9190
2025-12-23 13:58:54.655 [pool-5-thread-3] INFO  SnakesGame - Sent multicast announcement to 239.192.0.4:9192 (50 bytes)
2025-12-23 13:58:54.656 [] INFO  SnakesGame - Discovered game: 1 from /10.9.34.254:9190
2025-12-23 13:58:55.654 [pool-5-thread-2] INFO  SnakesGame - Sent multicast announcement to 239.192.0.4:9192 (50 bytes)
2025-12-23 13:58:55.655 [] INFO  SnakesGame - Discovered game: 1 from /10.9.34.254:9190
2025-12-23 13:58:56.655 [pool-5-thread-3] INFO  SnakesGame - Sent multicast announcement to 239.192.0.4:9192 (50 bytes)
2025-12-23 13:58:56.655 [] INFO  SnakesGame - Discovered game: 1 from /10.9.34.254:9190
2025-12-23 13:58:57.652 [pool-5-thread-3] INFO  SnakesGame - Sent multicast announcement to 239.192.0.4:9192 (50 bytes)
2025-12-23 13:58:57.653 [] INFO  SnakesGame - Discovered game: 1 from /10.9.34.254:9190
2025-12-23 13:58:58.656 [pool-5-thread-2] INFO  SnakesGame - Sent multicast announcement to 239.192.0.4:9192 (50 bytes)
2025-12-23 13:58:58.656 [] INFO  SnakesGame - Discovered game: 1 from /10.9.34.254:9190
2025-12-23 13:58:59.652 [pool-5-thread-2] INFO  SnakesGame - Sent multicast announcement to 239.192.0.4:9192 (50 bytes)
2025-12-23 13:58:59.654 [] INFO  SnakesGame - Discovered game: 1 from /10.9.34.254:9190
2025-12-23 13:59:00.656 [pool-5-thread-3] INFO  SnakesGame - Sent multicast announcement to 239.192.0.4:9192 (50 bytes)
2025-12-23 13:59:00.656 [] INFO  SnakesGame - Discovered game: 1 from /10.9.34.254:9190
2025-12-23 13:59:01.658 [pool-5-thread-2] INFO  SnakesGame - Sent multicast announcement to 239.192.0.4:9192 (50 bytes)
2025-12-23 13:59:01.658 [] INFO  SnakesGame - Discovered game: 1 from /10.9.34.254:9190
2025-12-23 13:59:02.659 [pool-5-thread-2] INFO  SnakesGame - Sent multicast announcement to 239.192.0.4:9192 (50 bytes)
2025-12-23 13:59:02.659 [] INFO  SnakesGame - Discovered game: 1 from /10.9.34.254:9190
2025-12-23 13:59:03.656 [pool-5-thread-2] INFO  SnakesGame - Sent multicast announcement to 239.192.0.4:9192 (50 bytes)
2025-12-23 13:59:03.658 [] INFO  SnakesGame - Discovered game: 1 from /10.9.34.254:9190
2025-12-23 13:59:04.656 [pool-5-thread-3] INFO  SnakesGame - Sent multicast announcement to 239.192.0.4:9192 (50 bytes)
2025-12-23 13:59:04.656 [] INFO  SnakesGame - Discovered game: 1 from /10.9.34.254:9190
2025-12-23 13:59:05.655 [pool-5-thread-1] INFO  SnakesGame - Sent multicast announcement to 239.192.0.4:9192 (50 bytes)
2025-12-23 13:59:05.655 [] INFO  SnakesGame - Discovered game: 1 from /10.9.34.254:9190
2025-12-23 13:59:06.655 [pool-5-thread-3] INFO  SnakesGame - Sent multicast announcement to 239.192.0.4:9192 (50 bytes)
2025-12-23 13:59:06.655 [] INFO  SnakesGame - Discovered game: 1 from /10.9.34.254:9190
2025-12-23 13:59:07.654 [pool-5-thread-2] INFO  SnakesGame - Sent multicast announcement to 239.192.0.4:9192 (51 bytes)
2025-12-23 13:59:07.654 [] INFO  SnakesGame - Discovered game: 1 from /10.9.34.254:9190
2025-12-23 13:59:08.657 [pool-5-thread-2] INFO  SnakesGame - Sent multicast announcement to 239.192.0.4:9192 (51 bytes)
2025-12-23 13:59:08.658 [] INFO  SnakesGame - Discovered game: 1 from /10.9.34.254:9190
2025-12-23 13:59:09.656 [pool-5-thread-3] INFO  SnakesGame - Sent multicast announcement to 239.192.0.4:9192 (51 bytes)
2025-12-23 13:59:09.658 [] INFO  SnakesGame - Discovered game: 1 from /10.9.34.254:9190
2025-12-23 13:59:10.653 [pool-5-thread-2] INFO  SnakesGame - Sent multicast announcement to 239.192.0.4:9192 (51 bytes)
2025-12-23 13:59:10.654 [] INFO  SnakesGame - Discovered game: 1 from /10.9.34.254:9190
2025-12-23 13:59:11.654 [pool-5-thread-2] INFO  SnakesGame - Sent multicast announcement to 239.192.0.4:9192 (51 bytes)
2025-12-23 13:59:11.656 [] INFO  SnakesGame - Discovered game: 1 from /10.9.34.254:9190
2025-12-23 13:59:12.656 [pool-5-thread-2] INFO  SnakesGame - Sent multicast announcement to 239.192.0.4:9192 (51 bytes)
2025-12-23 13:59:12.657 [] INFO  SnakesGame - Discovered game: 1 from /10.9.34.254:9190
2025-12-23 13:59:13.654 [pool-5-thread-1] INFO  SnakesGame - Sent multicast announcement to 239.192.0.4:9192 (51 bytes)
2025-12-23 13:59:13.655 [] INFO  SnakesGame - Discovered game: 1 from /10.9.34.254:9190
2025-12-23 13:59:14.656 [pool-5-thread-1] INFO  SnakesGame - Sent multicast announcement to 239.192.0.4:9192 (51 bytes)
2025-12-23 13:59:14.657 [] INFO  SnakesGame - Discovered game: 1 from /10.9.34.254:9190
2025-12-23 13:59:15.653 [pool-5-thread-2] INFO  SnakesGame - Sent multicast announcement to 239.192.0.4:9192 (51 bytes)
2025-12-23 13:59:15.657 [] INFO  SnakesGame - Discovered game: 1 from /10.9.34.254:9190
2025-12-23 13:59:16.659 [pool-5-thread-3] INFO  SnakesGame - Sent multicast announcement to 239.192.0.4:9192 (51 bytes)
2025-12-23 13:59:16.659 [] INFO  SnakesGame - Discovered game: 1 from /10.9.34.254:9190
2025-12-23 13:59:17.653 [pool-5-thread-3] INFO  SnakesGame - Sent multicast announcement to 239.192.0.4:9192 (51 bytes)
2025-12-23 13:59:17.655 [] INFO  SnakesGame - Discovered game: 1 from /10.9.34.254:9190
2025-12-23 13:59:18.661 [pool-5-thread-2] INFO  SnakesGame - Sent multicast announcement to 239.192.0.4:9192 (51 bytes)
2025-12-23 13:59:18.661 [] INFO  SnakesGame - Discovered game: 1 from /10.9.34.254:9190
2025-12-23 13:59:19.658 [pool-5-thread-3] INFO  SnakesGame - Sent multicast announcement to 239.192.0.4:9192 (51 bytes)
2025-12-23 13:59:19.660 [] INFO  SnakesGame - Discovered game: 1 from /10.9.34.254:9190
2025-12-23 13:59:20.652 [pool-5-thread-2] INFO  SnakesGame - Sent multicast announcement to 239.192.0.4:9192 (51 bytes)
2025-12-23 13:59:20.653 [] INFO  SnakesGame - Discovered game: 1 from /10.9.34.254:9190
2025-12-23 13:59:21.187 [JavaFX Application Thread] INFO  SnakesGame - Opening Lobby
2025-12-23 13:59:21.198 [JavaFX Application Thread] INFO  SnakesGame - Looking for suitable multicast interface...
2025-12-23 13:59:21.199 [JavaFX Application Thread] INFO  SnakesGame - Found suitable interface: en0 with IPv4: 10.9.34.254
2025-12-23 13:59:21.199 [JavaFX Application Thread] INFO  SnakesGame - Joined multicast group using interface: en0 (en0)
2025-12-23 13:59:21.199 [JavaFX Application Thread] INFO  SnakesGame - Set multicast send interface to: en0 (en0)
2025-12-23 13:59:21.199 [JavaFX Application Thread] INFO  SnakesGame - Multicast discovery started on 239.192.0.4:9192
2025-12-23 13:59:21.199 [] INFO  SnakesGame - Multicast listen loop started
2025-12-23 13:59:21.199 [JavaFX Application Thread] INFO  SnakesGame - Discovery service started
2025-12-23 13:59:21.199 [JavaFX Application Thread] INFO  SnakesGame - Discovery started in lobby
2025-12-23 13:59:21.657 [pool-5-thread-2] INFO  SnakesGame - Sent multicast announcement to 239.192.0.4:9192 (51 bytes)
2025-12-23 13:59:21.658 [] INFO  SnakesGame - Discovered game: 1 from /10.9.34.254:9190
2025-12-23 13:59:21.659 [] INFO  SnakesGame - Discovered new game: 1 at /10.9.34.254:9190
2025-12-23 13:59:21.659 [] INFO  SnakesGame - Discovered game: 1 from /10.9.34.254:9190
2025-12-23 13:59:21.659 [JavaFX Application Thread] INFO  SnakesGame - Game added to lobby: 1 at /10.9.34.254:9190
2025-12-23 13:59:22.657 [pool-5-thread-2] INFO  SnakesGame - Sent multicast announcement to 239.192.0.4:9192 (51 bytes)
2025-12-23 13:59:22.658 [] INFO  SnakesGame - Discovered game: 1 from /10.9.34.254:9190
2025-12-23 13:59:22.658 [] INFO  SnakesGame - Discovered game: 1 from /10.9.34.254:9190
2025-12-23 13:59:23.653 [pool-5-thread-2] INFO  SnakesGame - Sent multicast announcement to 239.192.0.4:9192 (51 bytes)
2025-12-23 13:59:23.654 [] INFO  SnakesGame - Discovered game: 1 from /10.9.34.254:9190
2025-12-23 13:59:23.656 [] INFO  SnakesGame - Discovered game: 1 from /10.9.34.254:9190
2025-12-23 13:59:24.351 [JavaFX Application Thread] INFO  SnakesGame - Connecting to master at /10.9.34.254:9190
2025-12-23 13:59:24.352 [JavaFX Application Thread] INFO  SnakesGame - Joining game: 1
2025-12-23 13:59:24.353 [JavaFX Application Thread] INFO  SnakesGame - UDP Transport started on port 53472
2025-12-23 13:59:24.353 [JavaFX Application Thread] INFO  SnakesGame - Looking for suitable multicast interface...
2025-12-23 13:59:24.354 [JavaFX Application Thread] INFO  SnakesGame - Found suitable interface: en0 with IPv4: 10.9.34.254
2025-12-23 13:59:24.354 [JavaFX Application Thread] INFO  SnakesGame - Joined multicast group using interface: en0 (en0)
2025-12-23 13:59:24.354 [JavaFX Application Thread] INFO  SnakesGame - Set multicast send interface to: en0 (en0)
2025-12-23 13:59:24.354 [JavaFX Application Thread] INFO  SnakesGame - Multicast discovery started on 239.192.0.4:9192
2025-12-23 13:59:24.355 [] INFO  SnakesGame - Multicast listen loop started
2025-12-23 13:59:24.355 [JavaFX Application Thread] INFO  SnakesGame - NetworkManager started successfully
2025-12-23 13:59:24.358 [JavaFX Application Thread] INFO  SnakesGame - NormalNode started, master at /10.9.34.254:9190
2025-12-23 13:59:24.358 [JavaFX Application Thread] INFO  SnakesGame - NORMAL node started for player 2
2025-12-23 13:59:24.359 [JavaFX Application Thread] INFO  SnakesGame - Join request sent to master at /10.9.34.254:9190
2025-12-23 13:59:24.359 [JavaFX Application Thread] INFO  SnakesGame - Client started, waiting for role assignment
2025-12-23 13:59:24.359 [JavaFX Application Thread] INFO  SnakesGame - Joined game: 1
2025-12-23 13:59:24.359 [] INFO  SnakesGame - Received JOIN request from /10.9.34.254:53472 (player: 2)
2025-12-23 13:59:24.360 [JavaFX Application Thread] INFO  SnakesGame - Found suitable interface: en0 with IPv4: 10.9.34.254
2025-12-23 13:59:24.360 [JavaFX Application Thread] INFO  SnakesGame - Multicast discovery stopped
2025-12-23 13:59:24.360 [JavaFX Application Thread] INFO  SnakesGame - Discovery service stopped
2025-12-23 13:59:24.360 [] INFO  SnakesGame - Created snake for player 2: head=Coord[x=0, y=5], tail=Coord[x=0, y=6], direction=UP
2025-12-23 13:59:24.360 [] INFO  SnakesGame - Player 2 joined the game with snake at Coord[x=0, y=4]
2025-12-23 13:59:24.360 [] INFO  SnakesGame - Player 2 joined the game as NORMAL with ID 2
2025-12-23 13:59:24.360 [] INFO  SnakesGame - Multicast listen loop stopped
2025-12-23 13:59:24.360 [] INFO  SnakesGame - Assigned 2 as deputy
2025-12-23 13:59:24.360 [] INFO  SnakesGame - Sent role assignment to /10.9.34.254:53472: role=NORMAL, id=2
2025-12-23 13:59:24.360 [] INFO  SnakesGame - Assigned playerId 2 (was 0)
2025-12-23 13:59:24.360 [] INFO  SnakesGame - Role changed from NORMAL to DEPUTY
2025-12-23 13:59:24.360 [] INFO  SnakesGame - Promoted to DEPUTY, notifying GameService to switch node
2025-12-23 13:59:24.361 [] INFO  SnakesGame - Switching node from DEPUTY to DEPUTY
2025-12-23 13:59:24.361 [] INFO  SnakesGame - DEPUTY node stopped
2025-12-23 13:59:24.361 [] INFO  SnakesGame - DeputyNode.onStart() called
2025-12-23 13:59:24.362 [] INFO  SnakesGame - Ping task started
2025-12-23 13:59:24.362 [] INFO  SnakesGame - startMasterTimeoutChecker: timeoutMs=3000, checkInterval=200ms
2025-12-23 13:59:24.362 [] INFO  SnakesGame - Master timeout checker started
2025-12-23 13:59:24.362 [] INFO  SnakesGame - DeputyNode started, monitoring master at /10.9.34.254:9190
2025-12-23 13:59:24.362 [] INFO  SnakesGame - DEPUTY node started for player 2
2025-12-23 13:59:24.362 [] INFO  SnakesGame - Node switched successfully to DEPUTY
2025-12-23 13:59:24.366 [JavaFX Application Thread] INFO  SnakesGame - GameController initialized
2025-12-23 13:59:24.366 [JavaFX Application Thread] INFO  SnakesGame - GameService connected to GameController
2025-12-23 13:59:24.652 [pool-5-thread-2] INFO  SnakesGame - Sent multicast announcement to 239.192.0.4:9192 (81 bytes)
2025-12-23 13:59:24.653 [] INFO  SnakesGame - Discovered game: 1 from /10.9.34.254:9190
2025-12-23 13:59:24.653 [] INFO  SnakesGame - Discovered game: 1 from /10.9.34.254:9190
2025-12-23 13:59:25.659 [pool-5-thread-1] INFO  SnakesGame - Sent multicast announcement to 239.192.0.4:9192 (81 bytes)
2025-12-23 13:59:25.659 [] INFO  SnakesGame - Discovered game: 1 from /10.9.34.254:9190
2025-12-23 13:59:25.659 [] INFO  SnakesGame - Discovered game: 1 from /10.9.34.254:9190
2025-12-23 13:59:26.655 [pool-5-thread-3] INFO  SnakesGame - Sent multicast announcement to 239.192.0.4:9192 (81 bytes)
2025-12-23 13:59:26.657 [] INFO  SnakesGame - Discovered game: 1 from /10.9.34.254:9190
2025-12-23 13:59:26.657 [] INFO  SnakesGame - Discovered game: 1 from /10.9.34.254:9190
2025-12-23 13:59:27.656 [pool-5-thread-1] INFO  SnakesGame - Sent multicast announcement to 239.192.0.4:9192 (81 bytes)
2025-12-23 13:59:27.660 [] INFO  SnakesGame - Discovered game: 1 from /10.9.34.254:9190
2025-12-23 13:59:27.660 [] INFO  SnakesGame - Discovered game: 1 from /10.9.34.254:9190
2025-12-23 13:59:28.653 [pool-5-thread-3] INFO  SnakesGame - Sent multicast announcement to 239.192.0.4:9192 (81 bytes)
2025-12-23 13:59:28.657 [] INFO  SnakesGame - Discovered game: 1 from /10.9.34.254:9190
2025-12-23 13:59:28.657 [] INFO  SnakesGame - Discovered game: 1 from /10.9.34.254:9190
2025-12-23 13:59:29.658 [pool-5-thread-1] INFO  SnakesGame - Sent multicast announcement to 239.192.0.4:9192 (81 bytes)
2025-12-23 13:59:29.658 [] INFO  SnakesGame - Discovered game: 1 from /10.9.34.254:9190
2025-12-23 13:59:29.658 [] INFO  SnakesGame - Discovered game: 1 from /10.9.34.254:9190
2025-12-23 13:59:30.665 [pool-5-thread-3] INFO  SnakesGame - Sent multicast announcement to 239.192.0.4:9192 (81 bytes)
2025-12-23 13:59:30.666 [] INFO  SnakesGame - Discovered game: 1 from /10.9.34.254:9190
2025-12-23 13:59:30.666 [] INFO  SnakesGame - Discovered game: 1 from /10.9.34.254:9190
2025-12-23 13:59:31.651 [pool-5-thread-3] INFO  SnakesGame - Sent multicast announcement to 239.192.0.4:9192 (81 bytes)
2025-12-23 13:59:31.652 [] INFO  SnakesGame - Discovered game: 1 from /10.9.34.254:9190
2025-12-23 13:59:31.652 [] INFO  SnakesGame - Discovered game: 1 from /10.9.34.254:9190
2025-12-23 13:59:32.656 [pool-5-thread-3] INFO  SnakesGame - Sent multicast announcement to 239.192.0.4:9192 (81 bytes)
2025-12-23 13:59:32.658 [] INFO  SnakesGame - Discovered game: 1 from /10.9.34.254:9190
2025-12-23 13:59:32.659 [] INFO  SnakesGame - Discovered game: 1 from /10.9.34.254:9190
2025-12-23 13:59:33.650 [pool-5-thread-3] INFO  SnakesGame - Sent multicast announcement to 239.192.0.4:9192 (81 bytes)
2025-12-23 13:59:33.651 [] INFO  SnakesGame - Discovered game: 1 from /10.9.34.254:9190
2025-12-23 13:59:33.651 [] INFO  SnakesGame - Discovered game: 1 from /10.9.34.254:9190
2025-12-23 13:59:34.654 [pool-5-thread-2] INFO  SnakesGame - Sent multicast announcement to 239.192.0.4:9192 (81 bytes)
2025-12-23 13:59:34.654 [] INFO  SnakesGame - Discovered game: 1 from /10.9.34.254:9190
2025-12-23 13:59:34.654 [] INFO  SnakesGame - Discovered game: 1 from /10.9.34.254:9190
2025-12-23 13:59:35.653 [pool-5-thread-1] INFO  SnakesGame - Sent multicast announcement to 239.192.0.4:9192 (81 bytes)
2025-12-23 13:59:35.654 [] INFO  SnakesGame - Discovered game: 1 from /10.9.34.254:9190
2025-12-23 13:59:35.654 [] INFO  SnakesGame - Discovered game: 1 from /10.9.34.254:9190
2025-12-23 13:59:36.656 [pool-5-thread-2] INFO  SnakesGame - Sent multicast announcement to 239.192.0.4:9192 (81 bytes)
2025-12-23 13:59:36.661 [] INFO  SnakesGame - Discovered game: 1 from /10.9.34.254:9190
2025-12-23 13:59:36.661 [] INFO  SnakesGame - Discovered game: 1 from /10.9.34.254:9190
2025-12-23 13:59:37.651 [pool-5-thread-2] INFO  SnakesGame - Sent multicast announcement to 239.192.0.4:9192 (81 bytes)
2025-12-23 13:59:37.652 [] INFO  SnakesGame - Discovered game: 1 from /10.9.34.254:9190
2025-12-23 13:59:37.652 [] INFO  SnakesGame - Discovered game: 1 from /10.9.34.254:9190
2025-12-23 13:59:38.652 [pool-5-thread-2] INFO  SnakesGame - Sent multicast announcement to 239.192.0.4:9192 (81 bytes)
2025-12-23 13:59:38.653 [] INFO  SnakesGame - Discovered game: 1 from /10.9.34.254:9190
2025-12-23 13:59:38.653 [] INFO  SnakesGame - Discovered game: 1 from /10.9.34.254:9190
2025-12-23 13:59:39.659 [pool-5-thread-2] INFO  SnakesGame - Sent multicast announcement to 239.192.0.4:9192 (68 bytes)
2025-12-23 13:59:39.659 [] INFO  SnakesGame - Discovered game: 1 from /10.9.34.254:9190
2025-12-23 13:59:39.659 [] INFO  SnakesGame - Discovered game: 1 from /10.9.34.254:9190
2025-12-23 13:59:40.654 [pool-5-thread-3] INFO  SnakesGame - Sent multicast announcement to 239.192.0.4:9192 (68 bytes)
2025-12-23 13:59:40.654 [] INFO  SnakesGame - Discovered game: 1 from /10.9.34.254:9190
2025-12-23 13:59:40.654 [] INFO  SnakesGame - Discovered game: 1 from /10.9.34.254:9190
2025-12-23 13:59:41.279 [JavaFX Application Thread] INFO  SnakesGame - Starting Snakes Application
2025-12-23 13:59:41.651 [pool-5-thread-3] INFO  SnakesGame - Sent multicast announcement to 239.192.0.4:9192 (68 bytes)
2025-12-23 13:59:41.651 [] INFO  SnakesGame - Discovered game: 1 from /10.9.34.254:9190
2025-12-23 13:59:41.651 [] INFO  SnakesGame - Discovered game: 1 from /10.9.34.254:9190
2025-12-23 13:59:42.651 [pool-5-thread-3] INFO  SnakesGame - Sent multicast announcement to 239.192.0.4:9192 (68 bytes)
2025-12-23 13:59:42.652 [] INFO  SnakesGame - Discovered game: 1 from /10.9.34.254:9190
2025-12-23 13:59:42.652 [] INFO  SnakesGame - Discovered game: 1 from /10.9.34.254:9190
2025-12-23 13:59:42.694 [JavaFX Application Thread] INFO  SnakesGame - Opening Lobby
2025-12-23 13:59:42.728 [JavaFX Application Thread] INFO  SnakesGame - Looking for suitable multicast interface...
2025-12-23 13:59:42.730 [JavaFX Application Thread] INFO  SnakesGame - Found suitable interface: en0 with IPv4: 10.9.34.254
2025-12-23 13:59:42.730 [JavaFX Application Thread] INFO  SnakesGame - Joined multicast group using interface: en0 (en0)
2025-12-23 13:59:42.730 [JavaFX Application Thread] INFO  SnakesGame - Set multicast send interface to: en0 (en0)
2025-12-23 13:59:42.732 [JavaFX Application Thread] INFO  SnakesGame - Multicast discovery started on 239.192.0.4:9192
2025-12-23 13:59:42.732 [] INFO  SnakesGame - Multicast listen loop started
2025-12-23 13:59:42.732 [JavaFX Application Thread] INFO  SnakesGame - Discovery service started
2025-12-23 13:59:42.732 [JavaFX Application Thread] INFO  SnakesGame - Discovery started in lobby
2025-12-23 13:59:43.657 [pool-5-thread-3] INFO  SnakesGame - Sent multicast announcement to 239.192.0.4:9192 (68 bytes)
2025-12-23 13:59:43.660 [] INFO  SnakesGame - Discovered game: 1 from /10.9.34.254:9190
2025-12-23 13:59:43.660 [] INFO  SnakesGame - Discovered game: 1 from /10.9.34.254:9190
2025-12-23 13:59:43.694 [] INFO  SnakesGame - Discovered new game: 1 at /10.9.34.254:9190
2025-12-23 13:59:43.694 [] INFO  SnakesGame - Discovered game: 1 from /10.9.34.254:9190
2025-12-23 13:59:43.695 [JavaFX Application Thread] INFO  SnakesGame - Game added to lobby: 1 at /10.9.34.254:9190
2025-12-23 13:59:44.651 [pool-5-thread-2] INFO  SnakesGame - Sent multicast announcement to 239.192.0.4:9192 (68 bytes)
2025-12-23 13:59:44.654 [] INFO  SnakesGame - Discovered game: 1 from /10.9.34.254:9190
2025-12-23 13:59:44.654 [] INFO  SnakesGame - Discovered game: 1 from /10.9.34.254:9190
2025-12-23 13:59:44.654 [] INFO  SnakesGame - Discovered game: 1 from /10.9.34.254:9190
2025-12-23 13:59:45.651 [pool-5-thread-2] INFO  SnakesGame - Sent multicast announcement to 239.192.0.4:9192 (68 bytes)
2025-12-23 13:59:45.654 [] INFO  SnakesGame - Discovered game: 1 from /10.9.34.254:9190
2025-12-23 13:59:45.654 [] INFO  SnakesGame - Discovered game: 1 from /10.9.34.254:9190
2025-12-23 13:59:45.654 [] INFO  SnakesGame - Discovered game: 1 from /10.9.34.254:9190
2025-12-23 13:59:46.657 [pool-5-thread-3] INFO  SnakesGame - Sent multicast announcement to 239.192.0.4:9192 (68 bytes)
2025-12-23 13:59:46.659 [] INFO  SnakesGame - Discovered game: 1 from /10.9.34.254:9190
2025-12-23 13:59:46.659 [] INFO  SnakesGame - Discovered game: 1 from /10.9.34.254:9190
2025-12-23 13:59:46.660 [] INFO  SnakesGame - Discovered game: 1 from /10.9.34.254:9190
2025-12-23 13:59:46.794 [JavaFX Application Thread] INFO  SnakesGame - Connecting to master at /10.9.34.254:9190
2025-12-23 13:59:46.795 [JavaFX Application Thread] INFO  SnakesGame - Joining game: 1
2025-12-23 13:59:46.798 [JavaFX Application Thread] INFO  SnakesGame - UDP Transport started on port 52375
2025-12-23 13:59:46.798 [JavaFX Application Thread] INFO  SnakesGame - Looking for suitable multicast interface...
2025-12-23 13:59:46.798 [JavaFX Application Thread] INFO  SnakesGame - Found suitable interface: en0 with IPv4: 10.9.34.254
2025-12-23 13:59:46.798 [JavaFX Application Thread] INFO  SnakesGame - Joined multicast group using interface: en0 (en0)
2025-12-23 13:59:46.799 [JavaFX Application Thread] INFO  SnakesGame - Set multicast send interface to: en0 (en0)
2025-12-23 13:59:46.799 [JavaFX Application Thread] INFO  SnakesGame - Multicast discovery started on 239.192.0.4:9192
2025-12-23 13:59:46.799 [] INFO  SnakesGame - Multicast listen loop started
2025-12-23 13:59:46.799 [JavaFX Application Thread] INFO  SnakesGame - NetworkManager started successfully
2025-12-23 13:59:46.802 [JavaFX Application Thread] INFO  SnakesGame - NormalNode started, master at /10.9.34.254:9190
2025-12-23 13:59:46.802 [JavaFX Application Thread] INFO  SnakesGame - NORMAL node started for player 3
2025-12-23 13:59:46.808 [JavaFX Application Thread] INFO  SnakesGame - Join request sent to master at /10.9.34.254:9190
2025-12-23 13:59:46.808 [JavaFX Application Thread] INFO  SnakesGame - Client started, waiting for role assignment
2025-12-23 13:59:46.808 [JavaFX Application Thread] INFO  SnakesGame - Joined game: 1
2025-12-23 13:59:46.808 [] INFO  SnakesGame - Received JOIN request from /10.9.34.254:52375 (player: 3)
2025-12-23 13:59:46.808 [] INFO  SnakesGame - Created snake for player 3: head=Coord[x=4, y=4], tail=Coord[x=5, y=4], direction=LEFT
2025-12-23 13:59:46.808 [] INFO  SnakesGame - Player 3 joined the game with snake at Coord[x=3, y=4]
2025-12-23 13:59:46.808 [] INFO  SnakesGame - Player 3 joined the game as NORMAL with ID 3
2025-12-23 13:59:46.809 [] INFO  SnakesGame - Sent role assignment to /10.9.34.254:52375: role=NORMAL, id=3
2025-12-23 13:59:46.809 [JavaFX Application Thread] INFO  SnakesGame - Found suitable interface: en0 with IPv4: 10.9.34.254
2025-12-23 13:59:46.809 [JavaFX Application Thread] INFO  SnakesGame - Multicast discovery stopped
2025-12-23 13:59:46.810 [JavaFX Application Thread] INFO  SnakesGame - Discovery service stopped
2025-12-23 13:59:46.810 [] INFO  SnakesGame - Multicast listen loop stopped
2025-12-23 13:59:46.810 [] INFO  SnakesGame - Assigned playerId 3 (was 0)
2025-12-23 13:59:46.811 [] INFO  SnakesGame - Role changed from NORMAL to NORMAL
2025-12-23 13:59:46.823 [JavaFX Application Thread] INFO  SnakesGame - GameController initialized
2025-12-23 13:59:46.823 [JavaFX Application Thread] INFO  SnakesGame - GameService connected to GameController
2025-12-23 13:59:47.654 [pool-5-thread-1] INFO  SnakesGame - Sent multicast announcement to 239.192.0.4:9192 (98 bytes)
2025-12-23 13:59:47.656 [] INFO  SnakesGame - Discovered game: 1 from /10.9.34.254:9190
2025-12-23 13:59:47.657 [] INFO  SnakesGame - Discovered game: 1 from /10.9.34.254:9190
2025-12-23 13:59:47.657 [] INFO  SnakesGame - Discovered game: 1 from /10.9.34.254:9190
2025-12-23 13:59:48.660 [pool-5-thread-1] INFO  SnakesGame - Sent multicast announcement to 239.192.0.4:9192 (98 bytes)
2025-12-23 13:59:48.660 [] INFO  SnakesGame - Discovered game: 1 from /10.9.34.254:9190
2025-12-23 13:59:48.661 [] INFO  SnakesGame - Discovered game: 1 from /10.9.34.254:9190
2025-12-23 13:59:48.660 [] INFO  SnakesGame - Discovered game: 1 from /10.9.34.254:9190
2025-12-23 13:59:49.653 [pool-5-thread-3] INFO  SnakesGame - Sent multicast announcement to 239.192.0.4:9192 (98 bytes)
2025-12-23 13:59:49.654 [] INFO  SnakesGame - Discovered game: 1 from /10.9.34.254:9190
2025-12-23 13:59:49.654 [] INFO  SnakesGame - Discovered game: 1 from /10.9.34.254:9190
2025-12-23 13:59:49.654 [] INFO  SnakesGame - Discovered game: 1 from /10.9.34.254:9190
2025-12-23 13:59:50.660 [pool-5-thread-1] INFO  SnakesGame - Sent multicast announcement to 239.192.0.4:9192 (98 bytes)
2025-12-23 13:59:50.661 [] INFO  SnakesGame - Discovered game: 1 from /10.9.34.254:9190
2025-12-23 13:59:50.661 [] INFO  SnakesGame - Discovered game: 1 from /10.9.34.254:9190
2025-12-23 13:59:50.661 [] INFO  SnakesGame - Discovered game: 1 from /10.9.34.254:9190
2025-12-23 13:59:51.654 [pool-5-thread-3] INFO  SnakesGame - Sent multicast announcement to 239.192.0.4:9192 (98 bytes)
2025-12-23 13:59:51.655 [] INFO  SnakesGame - Discovered game: 1 from /10.9.34.254:9190
2025-12-23 13:59:51.655 [] INFO  SnakesGame - Discovered game: 1 from /10.9.34.254:9190
2025-12-23 13:59:51.655 [] INFO  SnakesGame - Discovered game: 1 from /10.9.34.254:9190
2025-12-23 13:59:52.653 [pool-5-thread-2] INFO  SnakesGame - Sent multicast announcement to 239.192.0.4:9192 (98 bytes)
2025-12-23 13:59:52.655 [] INFO  SnakesGame - Discovered game: 1 from /10.9.34.254:9190
2025-12-23 13:59:52.656 [] INFO  SnakesGame - Discovered game: 1 from /10.9.34.254:9190
2025-12-23 13:59:52.656 [] INFO  SnakesGame - Discovered game: 1 from /10.9.34.254:9190
2025-12-23 13:59:53.653 [pool-5-thread-1] INFO  SnakesGame - Sent multicast announcement to 239.192.0.4:9192 (98 bytes)
2025-12-23 13:59:53.655 [] INFO  SnakesGame - Discovered game: 1 from /10.9.34.254:9190
2025-12-23 13:59:53.655 [] INFO  SnakesGame - Discovered game: 1 from /10.9.34.254:9190
2025-12-23 13:59:53.655 [] INFO  SnakesGame - Discovered game: 1 from /10.9.34.254:9190
2025-12-23 13:59:54.651 [pool-5-thread-1] INFO  SnakesGame - Sent multicast announcement to 239.192.0.4:9192 (98 bytes)
2025-12-23 13:59:54.655 [] INFO  SnakesGame - Discovered game: 1 from /10.9.34.254:9190
2025-12-23 13:59:54.656 [] INFO  SnakesGame - Discovered game: 1 from /10.9.34.254:9190
2025-12-23 13:59:54.656 [] INFO  SnakesGame - Discovered game: 1 from /10.9.34.254:9190
2025-12-23 13:59:55.653 [pool-5-thread-2] INFO  SnakesGame - Sent multicast announcement to 239.192.0.4:9192 (98 bytes)
2025-12-23 13:59:55.654 [] INFO  SnakesGame - Discovered game: 1 from /10.9.34.254:9190
2025-12-23 13:59:55.654 [] INFO  SnakesGame - Discovered game: 1 from /10.9.34.254:9190
2025-12-23 13:59:55.654 [] INFO  SnakesGame - Discovered game: 1 from /10.9.34.254:9190
2025-12-23 13:59:56.655 [pool-5-thread-1] INFO  SnakesGame - Sent multicast announcement to 239.192.0.4:9192 (98 bytes)
2025-12-23 13:59:56.658 [] INFO  SnakesGame - Discovered game: 1 from /10.9.34.254:9190
2025-12-23 13:59:56.658 [] INFO  SnakesGame - Discovered game: 1 from /10.9.34.254:9190
2025-12-23 13:59:56.658 [] INFO  SnakesGame - Discovered game: 1 from /10.9.34.254:9190
2025-12-23 13:59:57.654 [pool-5-thread-1] INFO  SnakesGame - Sent multicast announcement to 239.192.0.4:9192 (98 bytes)
2025-12-23 13:59:57.656 [] INFO  SnakesGame - Discovered game: 1 from /10.9.34.254:9190
2025-12-23 13:59:57.656 [] INFO  SnakesGame - Discovered game: 1 from /10.9.34.254:9190
2025-12-23 13:59:57.656 [] INFO  SnakesGame - Discovered game: 1 from /10.9.34.254:9190
2025-12-23 13:59:58.652 [pool-5-thread-1] INFO  SnakesGame - Sent multicast announcement to 239.192.0.4:9192 (98 bytes)
2025-12-23 13:59:58.653 [] INFO  SnakesGame - Discovered game: 1 from /10.9.34.254:9190
2025-12-23 13:59:58.654 [] INFO  SnakesGame - Discovered game: 1 from /10.9.34.254:9190
2025-12-23 13:59:58.658 [] INFO  SnakesGame - Discovered game: 1 from /10.9.34.254:9190
2025-12-23 13:59:59.649 [pool-5-thread-3] INFO  SnakesGame - Sent multicast announcement to 239.192.0.4:9192 (98 bytes)
2025-12-23 13:59:59.649 [] INFO  SnakesGame - Discovered game: 1 from /10.9.34.254:9190
2025-12-23 13:59:59.649 [] INFO  SnakesGame - Discovered game: 1 from /10.9.34.254:9190
2025-12-23 13:59:59.649 [] INFO  SnakesGame - Discovered game: 1 from /10.9.34.254:9190
2025-12-23 14:00:00.656 [pool-5-thread-3] INFO  SnakesGame - Sent multicast announcement to 239.192.0.4:9192 (98 bytes)
2025-12-23 14:00:00.658 [] INFO  SnakesGame - Discovered game: 1 from /10.9.34.254:9190
2025-12-23 14:00:00.658 [] INFO  SnakesGame - Discovered game: 1 from /10.9.34.254:9190
2025-12-23 14:00:00.658 [] INFO  SnakesGame - Discovered game: 1 from /10.9.34.254:9190
2025-12-23 14:00:01.653 [pool-5-thread-3] INFO  SnakesGame - Sent multicast announcement to 239.192.0.4:9192 (98 bytes)
2025-12-23 14:00:01.655 [] INFO  SnakesGame - Discovered game: 1 from /10.9.34.254:9190
2025-12-23 14:00:01.655 [] INFO  SnakesGame - Discovered game: 1 from /10.9.34.254:9190
2025-12-23 14:00:01.656 [] INFO  SnakesGame - Discovered game: 1 from /10.9.34.254:9190
2025-12-23 14:00:02.651 [pool-5-thread-1] INFO  SnakesGame - Sent multicast announcement to 239.192.0.4:9192 (98 bytes)
2025-12-23 14:00:02.651 [] INFO  SnakesGame - Discovered game: 1 from /10.9.34.254:9190
2025-12-23 14:00:02.651 [] INFO  SnakesGame - Discovered game: 1 from /10.9.34.254:9190
2025-12-23 14:00:02.651 [] INFO  SnakesGame - Discovered game: 1 from /10.9.34.254:9190
2025-12-23 14:00:03.655 [pool-5-thread-1] INFO  SnakesGame - Sent multicast announcement to 239.192.0.4:9192 (98 bytes)
2025-12-23 14:00:03.657 [] INFO  SnakesGame - Discovered game: 1 from /10.9.34.254:9190
2025-12-23 14:00:03.659 [] INFO  SnakesGame - Discovered game: 1 from /10.9.34.254:9190
2025-12-23 14:00:03.659 [] INFO  SnakesGame - Discovered game: 1 from /10.9.34.254:9190
2025-12-23 14:00:04.653 [pool-5-thread-3] INFO  SnakesGame - Sent multicast announcement to 239.192.0.4:9192 (98 bytes)
2025-12-23 14:00:04.656 [] INFO  SnakesGame - Discovered game: 1 from /10.9.34.254:9190
2025-12-23 14:00:04.656 [] INFO  SnakesGame - Discovered game: 1 from /10.9.34.254:9190
2025-12-23 14:00:04.656 [] INFO  SnakesGame - Discovered game: 1 from /10.9.34.254:9190
2025-12-23 14:00:05.651 [pool-5-thread-2] INFO  SnakesGame - Sent multicast announcement to 239.192.0.4:9192 (98 bytes)
2025-12-23 14:00:05.653 [] INFO  SnakesGame - Discovered game: 1 from /10.9.34.254:9190
2025-12-23 14:00:05.653 [] INFO  SnakesGame - Discovered game: 1 from /10.9.34.254:9190
2025-12-23 14:00:05.653 [] INFO  SnakesGame - Discovered game: 1 from /10.9.34.254:9190
2025-12-23 14:00:06.652 [pool-5-thread-1] INFO  SnakesGame - Sent multicast announcement to 239.192.0.4:9192 (98 bytes)
2025-12-23 14:00:06.654 [] INFO  SnakesGame - Discovered game: 1 from /10.9.34.254:9190
2025-12-23 14:00:06.655 [] INFO  SnakesGame - Discovered game: 1 from /10.9.34.254:9190
2025-12-23 14:00:06.655 [] INFO  SnakesGame - Discovered game: 1 from /10.9.34.254:9190
2025-12-23 14:00:07.653 [pool-5-thread-3] INFO  SnakesGame - Sent multicast announcement to 239.192.0.4:9192 (98 bytes)
2025-12-23 14:00:07.653 [] INFO  SnakesGame - Discovered game: 1 from /10.9.34.254:9190
2025-12-23 14:00:07.653 [] INFO  SnakesGame - Discovered game: 1 from /10.9.34.254:9190
2025-12-23 14:00:07.653 [] INFO  SnakesGame - Discovered game: 1 from /10.9.34.254:9190
2025-12-23 14:00:08.650 [pool-5-thread-3] INFO  SnakesGame - Sent multicast announcement to 239.192.0.4:9192 (98 bytes)
2025-12-23 14:00:08.654 [] INFO  SnakesGame - Discovered game: 1 from /10.9.34.254:9190
2025-12-23 14:00:08.654 [] INFO  SnakesGame - Discovered game: 1 from /10.9.34.254:9190
2025-12-23 14:00:08.654 [] INFO  SnakesGame - Discovered game: 1 from /10.9.34.254:9190
2025-12-23 14:00:09.651 [pool-5-thread-2] INFO  SnakesGame - Sent multicast announcement to 239.192.0.4:9192 (98 bytes)
2025-12-23 14:00:09.655 [] INFO  SnakesGame - Discovered game: 1 from /10.9.34.254:9190
2025-12-23 14:00:09.655 [] INFO  SnakesGame - Discovered game: 1 from /10.9.34.254:9190
2025-12-23 14:00:09.655 [] INFO  SnakesGame - Discovered game: 1 from /10.9.34.254:9190
2025-12-23 14:00:10.652 [pool-5-thread-2] INFO  SnakesGame - Sent multicast announcement to 239.192.0.4:9192 (98 bytes)
2025-12-23 14:00:10.655 [] INFO  SnakesGame - Discovered game: 1 from /10.9.34.254:9190
2025-12-23 14:00:10.655 [] INFO  SnakesGame - Discovered game: 1 from /10.9.34.254:9190
2025-12-23 14:00:10.655 [] INFO  SnakesGame - Discovered game: 1 from /10.9.34.254:9190
2025-12-23 14:00:11.651 [pool-5-thread-2] INFO  SnakesGame - Sent multicast announcement to 239.192.0.4:9192 (98 bytes)
2025-12-23 14:00:11.655 [] INFO  SnakesGame - Discovered game: 1 from /10.9.34.254:9190
2025-12-23 14:00:11.655 [] INFO  SnakesGame - Discovered game: 1 from /10.9.34.254:9190
2025-12-23 14:00:11.656 [] INFO  SnakesGame - Discovered game: 1 from /10.9.34.254:9190
2025-12-23 14:00:12.651 [pool-5-thread-2] INFO  SnakesGame - Sent multicast announcement to 239.192.0.4:9192 (98 bytes)
2025-12-23 14:00:12.652 [] INFO  SnakesGame - Discovered game: 1 from /10.9.34.254:9190
2025-12-23 14:00:12.652 [] INFO  SnakesGame - Discovered game: 1 from /10.9.34.254:9190
2025-12-23 14:00:12.652 [] INFO  SnakesGame - Discovered game: 1 from /10.9.34.254:9190
2025-12-23 14:00:13.657 [pool-5-thread-2] INFO  SnakesGame - Sent multicast announcement to 239.192.0.4:9192 (98 bytes)
2025-12-23 14:00:13.657 [] INFO  SnakesGame - Discovered game: 1 from /10.9.34.254:9190
2025-12-23 14:00:13.657 [] INFO  SnakesGame - Discovered game: 1 from /10.9.34.254:9190
2025-12-23 14:00:13.657 [] INFO  SnakesGame - Discovered game: 1 from /10.9.34.254:9190
2025-12-23 14:00:14.653 [pool-5-thread-1] INFO  SnakesGame - Sent multicast announcement to 239.192.0.4:9192 (98 bytes)
2025-12-23 14:00:14.655 [] INFO  SnakesGame - Discovered game: 1 from /10.9.34.254:9190
2025-12-23 14:00:14.655 [] INFO  SnakesGame - Discovered game: 1 from /10.9.34.254:9190
2025-12-23 14:00:14.655 [] INFO  SnakesGame - Discovered game: 1 from /10.9.34.254:9190
2025-12-23 14:00:15.443 [JavaFX Application Thread] INFO  SnakesGame - Leaving game
2025-12-23 14:00:15.443 [JavaFX Application Thread] INFO  SnakesGame - DEPUTY node stopped
2025-12-23 14:00:15.444 [JavaFX Application Thread] INFO  SnakesGame - UDP Transport stopped
2025-12-23 14:00:15.444 [JavaFX Application Thread] INFO  SnakesGame - Found suitable interface: en0 with IPv4: 10.9.34.254
2025-12-23 14:00:15.444 [JavaFX Application Thread] INFO  SnakesGame - Multicast discovery stopped
2025-12-23 14:00:15.444 [JavaFX Application Thread] INFO  SnakesGame - NetworkManager stopped
2025-12-23 14:00:15.444 [JavaFX Application Thread] INFO  SnakesGame - Left game successfully
2025-12-23 14:00:15.444 [JavaFX Application Thread] INFO  SnakesGame - Exiting to main menu
2025-12-23 14:00:15.444 [] INFO  SnakesGame - Multicast listen loop stopped
2025-12-23 14:00:15.650 [pool-5-thread-1] INFO  SnakesGame - Sent multicast announcement to 239.192.0.4:9192 (98 bytes)
2025-12-23 14:00:15.651 [] INFO  SnakesGame - Discovered game: 1 from /10.9.34.254:9190
2025-12-23 14:00:15.651 [] INFO  SnakesGame - Discovered game: 1 from /10.9.34.254:9190
2025-12-23 14:00:16.310 [] WARN  SnakesGame - Retransmitting seq=268 to /10.9.34.254:53472 (retry 1)
2025-12-23 14:00:16.656 [pool-5-thread-1] INFO  SnakesGame - Sent multicast announcement to 239.192.0.4:9192 (98 bytes)
2025-12-23 14:00:16.658 [] INFO  SnakesGame - Discovered game: 1 from /10.9.34.254:9190
2025-12-23 14:00:16.658 [] INFO  SnakesGame - Discovered game: 1 from /10.9.34.254:9190
2025-12-23 14:00:16.818 [] WARN  SnakesGame - Retransmitting seq=268 to /10.9.34.254:53472 (retry 2)
2025-12-23 14:00:17.324 [] WARN  SnakesGame - Retransmitting seq=268 to /10.9.34.254:53472 (retry 3)
2025-12-23 14:00:17.325 [] WARN  SnakesGame - Retransmitting seq=269 to /10.9.34.254:53472 (retry 1)
2025-12-23 14:00:17.654 [pool-5-thread-1] INFO  SnakesGame - Sent multicast announcement to 239.192.0.4:9192 (98 bytes)
2025-12-23 14:00:17.656 [] INFO  SnakesGame - Discovered game: 1 from /10.9.34.254:9190
2025-12-23 14:00:17.656 [] INFO  SnakesGame - Discovered game: 1 from /10.9.34.254:9190
2025-12-23 14:00:17.828 [] WARN  SnakesGame - Retransmitting seq=268 to /10.9.34.254:53472 (retry 4)
2025-12-23 14:00:17.828 [] WARN  SnakesGame - Retransmitting seq=269 to /10.9.34.254:53472 (retry 2)
2025-12-23 14:00:18.331 [] WARN  SnakesGame - Retransmitting seq=268 to /10.9.34.254:53472 (retry 5)
2025-12-23 14:00:18.332 [] WARN  SnakesGame - Retransmitting seq=269 to /10.9.34.254:53472 (retry 3)
2025-12-23 14:00:18.332 [] WARN  SnakesGame - Retransmitting seq=271 to /10.9.34.254:53472 (retry 1)
2025-12-23 14:00:18.592 [] ERROR SnakesGame - Message seq=268 to /10.9.34.254:53472 failed after 5 retries
2025-12-23 14:00:18.656 [pool-5-thread-3] INFO  SnakesGame - Sent multicast announcement to 239.192.0.4:9192 (98 bytes)
2025-12-23 14:00:18.656 [] INFO  SnakesGame - Discovered game: 1 from /10.9.34.254:9190
2025-12-23 14:00:18.656 [] INFO  SnakesGame - Discovered game: 1 from /10.9.34.254:9190
2025-12-23 14:00:18.848 [] WARN  SnakesGame - Retransmitting seq=269 to /10.9.34.254:53472 (retry 4)
2025-12-23 14:00:18.848 [] WARN  SnakesGame - Retransmitting seq=271 to /10.9.34.254:53472 (retry 2)
2025-12-23 14:00:19.154 [pool-5-thread-2] WARN  SnakesGame - Peer /10.9.34.254:53472 timed out
2025-12-23 14:00:19.154 [pool-5-thread-2] WARN  SnakesGame - Player 2 timed out, removing
2025-12-23 14:00:19.154 [pool-5-thread-2] INFO  SnakesGame - Player 2 left, snake became zombie
2025-12-23 14:00:19.154 [pool-5-thread-2] INFO  SnakesGame - Player 2 left, snake became zombie
2025-12-23 14:00:19.154 [pool-5-thread-2] WARN  SnakesGame - Deputy timed out, clearing deputyAddress
2025-12-23 14:00:19.154 [pool-5-thread-2] INFO  SnakesGame - Assigned 3 as deputy
2025-12-23 14:00:19.154 [] INFO  SnakesGame - Role changed from NORMAL to DEPUTY
2025-12-23 14:00:19.154 [] INFO  SnakesGame - Promoted to DEPUTY, notifying GameService to switch node
2025-12-23 14:00:19.154 [] INFO  SnakesGame - Switching node from DEPUTY to DEPUTY
2025-12-23 14:00:19.155 [] INFO  SnakesGame - DEPUTY node stopped
2025-12-23 14:00:19.155 [] INFO  SnakesGame - DeputyNode.onStart() called
2025-12-23 14:00:19.156 [] INFO  SnakesGame - Ping task started
2025-12-23 14:00:19.165 [] INFO  SnakesGame - startMasterTimeoutChecker: timeoutMs=3000, checkInterval=200ms
2025-12-23 14:00:19.166 [] INFO  SnakesGame - Master timeout checker started
2025-12-23 14:00:19.166 [] INFO  SnakesGame - DeputyNode started, monitoring master at /10.9.34.254:9190
2025-12-23 14:00:19.166 [] INFO  SnakesGame - DEPUTY node started for player 3
2025-12-23 14:00:19.166 [] INFO  SnakesGame - Node switched successfully to DEPUTY
2025-12-23 14:00:19.655 [pool-5-thread-3] INFO  SnakesGame - Sent multicast announcement to 239.192.0.4:9192 (68 bytes)
2025-12-23 14:00:19.660 [] INFO  SnakesGame - Discovered game: 1 from /10.9.34.254:9190
2025-12-23 14:00:19.660 [] INFO  SnakesGame - Discovered game: 1 from /10.9.34.254:9190
2025-12-23 14:00:20.653 [pool-5-thread-3] INFO  SnakesGame - Sent multicast announcement to 239.192.0.4:9192 (68 bytes)
2025-12-23 14:00:20.654 [] INFO  SnakesGame - Discovered game: 1 from /10.9.34.254:9190
2025-12-23 14:00:20.654 [] INFO  SnakesGame - Discovered game: 1 from /10.9.34.254:9190
2025-12-23 14:00:21.653 [pool-5-thread-2] INFO  SnakesGame - Sent multicast announcement to 239.192.0.4:9192 (68 bytes)
2025-12-23 14:00:21.655 [] INFO  SnakesGame - Discovered game: 1 from /10.9.34.254:9190
2025-12-23 14:00:21.655 [] INFO  SnakesGame - Discovered game: 1 from /10.9.34.254:9190
2025-12-23 14:00:22.653 [pool-5-thread-2] INFO  SnakesGame - Sent multicast announcement to 239.192.0.4:9192 (68 bytes)
2025-12-23 14:00:22.653 [] INFO  SnakesGame - Discovered game: 1 from /10.9.34.254:9190
2025-12-23 14:00:22.653 [] INFO  SnakesGame - Discovered game: 1 from /10.9.34.254:9190
2025-12-23 14:00:23.658 [pool-5-thread-3] INFO  SnakesGame - Sent multicast announcement to 239.192.0.4:9192 (68 bytes)
2025-12-23 14:00:23.660 [] INFO  SnakesGame - Discovered game: 1 from /10.9.34.254:9190
2025-12-23 14:00:23.660 [] INFO  SnakesGame - Discovered game: 1 from /10.9.34.254:9190
2025-12-23 14:00:24.654 [pool-5-thread-3] INFO  SnakesGame - Sent multicast announcement to 239.192.0.4:9192 (68 bytes)
2025-12-23 14:00:24.656 [] INFO  SnakesGame - Discovered game: 1 from /10.9.34.254:9190
2025-12-23 14:00:24.656 [] INFO  SnakesGame - Discovered game: 1 from /10.9.34.254:9190
2025-12-23 14:00:24.898 [JavaFX Application Thread] INFO  SnakesGame - Leaving game
2025-12-23 14:00:24.899 [JavaFX Application Thread] INFO  SnakesGame - DEPUTY node stopped
2025-12-23 14:00:24.900 [JavaFX Application Thread] INFO  SnakesGame - UDP Transport stopped
2025-12-23 14:00:24.900 [JavaFX Application Thread] INFO  SnakesGame - Found suitable interface: en0 with IPv4: 10.9.34.254
2025-12-23 14:00:24.900 [JavaFX Application Thread] INFO  SnakesGame - Multicast discovery stopped
2025-12-23 14:00:24.900 [] INFO  SnakesGame - Multicast listen loop stopped
2025-12-23 14:00:24.901 [JavaFX Application Thread] INFO  SnakesGame - NetworkManager stopped
2025-12-23 14:00:24.901 [JavaFX Application Thread] INFO  SnakesGame - Left game successfully
2025-12-23 14:00:24.901 [JavaFX Application Thread] INFO  SnakesGame - Exiting to main menu
2025-12-23 14:00:25.653 [pool-5-thread-1] INFO  SnakesGame - Sent multicast announcement to 239.192.0.4:9192 (68 bytes)
2025-12-23 14:00:25.654 [] INFO  SnakesGame - Discovered game: 1 from /10.9.34.254:9190
2025-12-23 14:00:25.914 [JavaFX Application Thread] INFO  SnakesGame - Opening Lobby
2025-12-23 14:00:25.920 [JavaFX Application Thread] INFO  SnakesGame - Looking for suitable multicast interface...
2025-12-23 14:00:25.921 [JavaFX Application Thread] INFO  SnakesGame - Found suitable interface: en0 with IPv4: 10.9.34.254
2025-12-23 14:00:25.921 [JavaFX Application Thread] INFO  SnakesGame - Joined multicast group using interface: en0 (en0)
2025-12-23 14:00:25.921 [JavaFX Application Thread] INFO  SnakesGame - Set multicast send interface to: en0 (en0)
2025-12-23 14:00:25.921 [JavaFX Application Thread] INFO  SnakesGame - Multicast discovery started on 239.192.0.4:9192
2025-12-23 14:00:25.921 [JavaFX Application Thread] INFO  SnakesGame - Discovery service started
2025-12-23 14:00:25.921 [JavaFX Application Thread] INFO  SnakesGame - Discovery started in lobby
2025-12-23 14:00:25.921 [] INFO  SnakesGame - Multicast listen loop started
2025-12-23 14:00:26.203 [] WARN  SnakesGame - Retransmitting seq=288 to /10.9.34.254:52375 (retry 1)
2025-12-23 14:00:26.651 [pool-5-thread-2] INFO  SnakesGame - Sent multicast announcement to 239.192.0.4:9192 (68 bytes)
2025-12-23 14:00:26.655 [] INFO  SnakesGame - Discovered game: 1 from /10.9.34.254:9190
2025-12-23 14:00:26.655 [] INFO  SnakesGame - Discovered new game: 1 at /10.9.34.254:9190
2025-12-23 14:00:26.655 [JavaFX Application Thread] INFO  SnakesGame - Game added to lobby: 1 at /10.9.34.254:9190
2025-12-23 14:00:26.655 [] INFO  SnakesGame - Discovered game: 1 from /10.9.34.254:9190
2025-12-23 14:00:26.706 [] WARN  SnakesGame - Retransmitting seq=288 to /10.9.34.254:52375 (retry 2)
2025-12-23 14:00:27.213 [] WARN  SnakesGame - Retransmitting seq=288 to /10.9.34.254:52375 (retry 3)
2025-12-23 14:00:27.214 [] WARN  SnakesGame - Retransmitting seq=290 to /10.9.34.254:52375 (retry 1)
2025-12-23 14:00:27.650 [pool-5-thread-3] INFO  SnakesGame - Sent multicast announcement to 239.192.0.4:9192 (68 bytes)
2025-12-23 14:00:27.651 [] INFO  SnakesGame - Discovered game: 1 from /10.9.34.254:9190
2025-12-23 14:00:27.651 [] INFO  SnakesGame - Discovered game: 1 from /10.9.34.254:9190
2025-12-23 14:00:27.720 [] WARN  SnakesGame - Retransmitting seq=288 to /10.9.34.254:52375 (retry 4)
2025-12-23 14:00:27.721 [] WARN  SnakesGame - Retransmitting seq=290 to /10.9.34.254:52375 (retry 2)
2025-12-23 14:00:28.153 [pool-5-thread-1] WARN  SnakesGame - Peer /10.9.34.254:52375 timed out
2025-12-23 14:00:28.153 [pool-5-thread-1] WARN  SnakesGame - Player 3 timed out, removing
2025-12-23 14:00:28.153 [pool-5-thread-1] INFO  SnakesGame - Player 3 left, snake became zombie
2025-12-23 14:00:28.153 [pool-5-thread-1] INFO  SnakesGame - Player 3 left, snake became zombie
2025-12-23 14:00:28.153 [pool-5-thread-1] WARN  SnakesGame - Deputy timed out, clearing deputyAddress
2025-12-23 14:00:28.651 [pool-5-thread-1] INFO  SnakesGame - Sent multicast announcement to 239.192.0.4:9192 (38 bytes)
2025-12-23 14:00:28.651 [] INFO  SnakesGame - Discovered game: 1 from /10.9.34.254:9190
2025-12-23 14:00:28.651 [] INFO  SnakesGame - Discovered game: 1 from /10.9.34.254:9190
2025-12-23 14:00:29.169 [JavaFX Application Thread] INFO  SnakesGame - Connecting to master at /10.9.34.254:9190
2025-12-23 14:00:29.170 [JavaFX Application Thread] INFO  SnakesGame - Joining game: 1
2025-12-23 14:00:29.171 [JavaFX Application Thread] INFO  SnakesGame - UDP Transport started on port 63265
2025-12-23 14:00:29.172 [JavaFX Application Thread] INFO  SnakesGame - Looking for suitable multicast interface...
2025-12-23 14:00:29.173 [JavaFX Application Thread] INFO  SnakesGame - Found suitable interface: en0 with IPv4: 10.9.34.254
2025-12-23 14:00:29.173 [JavaFX Application Thread] INFO  SnakesGame - Joined multicast group using interface: en0 (en0)
2025-12-23 14:00:29.173 [JavaFX Application Thread] INFO  SnakesGame - Set multicast send interface to: en0 (en0)
2025-12-23 14:00:29.173 [JavaFX Application Thread] INFO  SnakesGame - Multicast discovery started on 239.192.0.4:9192
2025-12-23 14:00:29.173 [JavaFX Application Thread] INFO  SnakesGame - NetworkManager started successfully
2025-12-23 14:00:29.173 [] INFO  SnakesGame - Multicast listen loop started
2025-12-23 14:00:29.173 [JavaFX Application Thread] INFO  SnakesGame - NormalNode started, master at /10.9.34.254:9190
2025-12-23 14:00:29.173 [JavaFX Application Thread] INFO  SnakesGame - NORMAL node started for player 4
2025-12-23 14:00:29.174 [JavaFX Application Thread] INFO  SnakesGame - Join request sent to master at /10.9.34.254:9190
2025-12-23 14:00:29.174 [JavaFX Application Thread] INFO  SnakesGame - Client started, waiting for role assignment
2025-12-23 14:00:29.174 [JavaFX Application Thread] INFO  SnakesGame - Joined game: 1
2025-12-23 14:00:29.174 [] INFO  SnakesGame - Received JOIN request from /10.9.34.254:63265 (player: 4)
2025-12-23 14:00:29.174 [JavaFX Application Thread] INFO  SnakesGame - Found suitable interface: en0 with IPv4: 10.9.34.254
2025-12-23 14:00:29.175 [JavaFX Application Thread] INFO  SnakesGame - Multicast discovery stopped
2025-12-23 14:00:29.175 [] INFO  SnakesGame - Created snake for player 4: head=Coord[x=7, y=4], tail=Coord[x=8, y=4], direction=LEFT
2025-12-23 14:00:29.175 [] INFO  SnakesGame - Multicast listen loop stopped
2025-12-23 14:00:29.175 [] INFO  SnakesGame - Player 4 joined the game with snake at Coord[x=6, y=4]
2025-12-23 14:00:29.175 [JavaFX Application Thread] INFO  SnakesGame - Discovery service stopped
2025-12-23 14:00:29.175 [] INFO  SnakesGame - Player 4 joined the game as NORMAL with ID 4
2025-12-23 14:00:29.175 [] INFO  SnakesGame - Assigned 4 as deputy
2025-12-23 14:00:29.175 [] INFO  SnakesGame - Sent role assignment to /10.9.34.254:63265: role=NORMAL, id=4
2025-12-23 14:00:29.176 [] INFO  SnakesGame - Assigned playerId 4 (was 0)
2025-12-23 14:00:29.176 [] INFO  SnakesGame - Role changed from NORMAL to DEPUTY
2025-12-23 14:00:29.176 [] INFO  SnakesGame - Promoted to DEPUTY, notifying GameService to switch node
2025-12-23 14:00:29.176 [] INFO  SnakesGame - Switching node from DEPUTY to DEPUTY
2025-12-23 14:00:29.176 [] INFO  SnakesGame - DEPUTY node stopped
2025-12-23 14:00:29.176 [] INFO  SnakesGame - DeputyNode.onStart() called
2025-12-23 14:00:29.176 [] INFO  SnakesGame - Ping task started
2025-12-23 14:00:29.176 [] INFO  SnakesGame - startMasterTimeoutChecker: timeoutMs=3000, checkInterval=200ms
2025-12-23 14:00:29.176 [] INFO  SnakesGame - Master timeout checker started
2025-12-23 14:00:29.176 [] INFO  SnakesGame - DeputyNode started, monitoring master at /10.9.34.254:9190
2025-12-23 14:00:29.176 [] INFO  SnakesGame - DEPUTY node started for player 4
2025-12-23 14:00:29.176 [] INFO  SnakesGame - Node switched successfully to DEPUTY
2025-12-23 14:00:29.180 [JavaFX Application Thread] INFO  SnakesGame - GameController initialized
2025-12-23 14:00:29.180 [JavaFX Application Thread] INFO  SnakesGame - GameService connected to GameController
2025-12-23 14:00:29.658 [pool-5-thread-1] INFO  SnakesGame - Sent multicast announcement to 239.192.0.4:9192 (68 bytes)
2025-12-23 14:00:29.658 [] INFO  SnakesGame - Discovered game: 1 from /10.9.34.254:9190
2025-12-23 14:00:29.658 [] INFO  SnakesGame - Discovered game: 1 from /10.9.34.254:9190
2025-12-23 14:00:30.652 [pool-5-thread-3] INFO  SnakesGame - Sent multicast announcement to 239.192.0.4:9192 (68 bytes)
2025-12-23 14:00:30.654 [] INFO  SnakesGame - Discovered game: 1 from /10.9.34.254:9190
2025-12-23 14:00:30.654 [] INFO  SnakesGame - Discovered game: 1 from /10.9.34.254:9190
2025-12-23 14:00:31.656 [pool-5-thread-1] INFO  SnakesGame - Sent multicast announcement to 239.192.0.4:9192 (68 bytes)
2025-12-23 14:00:31.657 [] INFO  SnakesGame - Discovered game: 1 from /10.9.34.254:9190
2025-12-23 14:00:31.657 [] INFO  SnakesGame - Discovered game: 1 from /10.9.34.254:9190
2025-12-23 14:00:32.650 [pool-5-thread-3] INFO  SnakesGame - Sent multicast announcement to 239.192.0.4:9192 (68 bytes)
2025-12-23 14:00:32.650 [] INFO  SnakesGame - Discovered game: 1 from /10.9.34.254:9190
2025-12-23 14:00:32.650 [] INFO  SnakesGame - Discovered game: 1 from /10.9.34.254:9190
2025-12-23 14:00:33.653 [pool-5-thread-1] INFO  SnakesGame - Sent multicast announcement to 239.192.0.4:9192 (68 bytes)
2025-12-23 14:00:33.655 [] INFO  SnakesGame - Discovered game: 1 from /10.9.34.254:9190
2025-12-23 14:00:33.656 [] INFO  SnakesGame - Discovered game: 1 from /10.9.34.254:9190
2025-12-23 14:00:34.659 [pool-5-thread-2] INFO  SnakesGame - Sent multicast announcement to 239.192.0.4:9192 (68 bytes)
2025-12-23 14:00:34.659 [] INFO  SnakesGame - Discovered game: 1 from /10.9.34.254:9190
2025-12-23 14:00:34.660 [] INFO  SnakesGame - Discovered game: 1 from /10.9.34.254:9190
2025-12-23 14:00:35.653 [pool-5-thread-3] INFO  SnakesGame - Sent multicast announcement to 239.192.0.4:9192 (68 bytes)
2025-12-23 14:00:35.658 [] INFO  SnakesGame - Discovered game: 1 from /10.9.34.254:9190
2025-12-23 14:00:35.658 [] INFO  SnakesGame - Discovered game: 1 from /10.9.34.254:9190
2025-12-23 14:00:36.655 [pool-5-thread-3] INFO  SnakesGame - Sent multicast announcement to 239.192.0.4:9192 (68 bytes)
2025-12-23 14:00:36.659 [] INFO  SnakesGame - Discovered game: 1 from /10.9.34.254:9190
2025-12-23 14:00:36.659 [] INFO  SnakesGame - Discovered game: 1 from /10.9.34.254:9190
2025-12-23 14:00:37.656 [pool-5-thread-1] INFO  SnakesGame - Sent multicast announcement to 239.192.0.4:9192 (68 bytes)
2025-12-23 14:00:37.656 [] INFO  SnakesGame - Discovered game: 1 from /10.9.34.254:9190
2025-12-23 14:00:37.656 [] INFO  SnakesGame - Discovered game: 1 from /10.9.34.254:9190
2025-12-23 14:00:38.653 [pool-5-thread-3] INFO  SnakesGame - Sent multicast announcement to 239.192.0.4:9192 (68 bytes)
2025-12-23 14:00:38.655 [] INFO  SnakesGame - Discovered game: 1 from /10.9.34.254:9190
2025-12-23 14:00:38.657 [] INFO  SnakesGame - Discovered game: 1 from /10.9.34.254:9190
2025-12-23 14:00:39.655 [] INFO  SnakesGame - Discovered game: 1 from /10.9.34.254:9190
2025-12-23 14:00:39.655 [pool-5-thread-1] INFO  SnakesGame - Sent multicast announcement to 239.192.0.4:9192 (68 bytes)
2025-12-23 14:00:39.656 [] INFO  SnakesGame - Discovered game: 1 from /10.9.34.254:9190
2025-12-23 14:00:40.656 [pool-5-thread-3] INFO  SnakesGame - Sent multicast announcement to 239.192.0.4:9192 (68 bytes)
2025-12-23 14:00:40.657 [] INFO  SnakesGame - Discovered game: 1 from /10.9.34.254:9190
2025-12-23 14:00:40.657 [] INFO  SnakesGame - Discovered game: 1 from /10.9.34.254:9190
2025-12-23 14:00:41.651 [pool-5-thread-3] INFO  SnakesGame - Sent multicast announcement to 239.192.0.4:9192 (68 bytes)
2025-12-23 14:00:41.654 [] INFO  SnakesGame - Discovered game: 1 from /10.9.34.254:9190
2025-12-23 14:00:41.654 [] INFO  SnakesGame - Discovered game: 1 from /10.9.34.254:9190
2025-12-23 14:00:42.652 [pool-5-thread-2] INFO  SnakesGame - Sent multicast announcement to 239.192.0.4:9192 (68 bytes)
2025-12-23 14:00:42.653 [] INFO  SnakesGame - Discovered game: 1 from /10.9.34.254:9190
2025-12-23 14:00:42.653 [] INFO  SnakesGame - Discovered game: 1 from /10.9.34.254:9190
2025-12-23 14:00:43.649 [pool-5-thread-3] INFO  SnakesGame - Sent multicast announcement to 239.192.0.4:9192 (68 bytes)
2025-12-23 14:00:43.650 [] INFO  SnakesGame - Discovered game: 1 from /10.9.34.254:9190
2025-12-23 14:00:43.650 [] INFO  SnakesGame - Discovered game: 1 from /10.9.34.254:9190
2025-12-23 14:00:44.654 [pool-5-thread-1] INFO  SnakesGame - Sent multicast announcement to 239.192.0.4:9192 (68 bytes)
2025-12-23 14:00:44.658 [] INFO  SnakesGame - Discovered game: 1 from /10.9.34.254:9190
2025-12-23 14:00:44.658 [] INFO  SnakesGame - Discovered game: 1 from /10.9.34.254:9190
2025-12-23 14:00:45.650 [pool-5-thread-2] INFO  SnakesGame - Sent multicast announcement to 239.192.0.4:9192 (68 bytes)
2025-12-23 14:00:45.653 [] INFO  SnakesGame - Discovered game: 1 from /10.9.34.254:9190
2025-12-23 14:00:45.653 [] INFO  SnakesGame - Discovered game: 1 from /10.9.34.254:9190
2025-12-23 14:00:46.655 [pool-5-thread-1] INFO  SnakesGame - Sent multicast announcement to 239.192.0.4:9192 (68 bytes)
2025-12-23 14:00:46.657 [] INFO  SnakesGame - Discovered game: 1 from /10.9.34.254:9190
2025-12-23 14:00:46.658 [] INFO  SnakesGame - Discovered game: 1 from /10.9.34.254:9190
2025-12-23 14:00:47.086 [JavaFX Application Thread] INFO  SnakesGame - Opening Lobby
2025-12-23 14:00:47.096 [JavaFX Application Thread] INFO  SnakesGame - Looking for suitable multicast interface...
2025-12-23 14:00:47.096 [JavaFX Application Thread] INFO  SnakesGame - Found suitable interface: en0 with IPv4: 10.9.34.254
2025-12-23 14:00:47.096 [JavaFX Application Thread] INFO  SnakesGame - Joined multicast group using interface: en0 (en0)
2025-12-23 14:00:47.096 [JavaFX Application Thread] INFO  SnakesGame - Set multicast send interface to: en0 (en0)
2025-12-23 14:00:47.097 [JavaFX Application Thread] INFO  SnakesGame - Multicast discovery started on 239.192.0.4:9192
2025-12-23 14:00:47.097 [JavaFX Application Thread] INFO  SnakesGame - Discovery service started
2025-12-23 14:00:47.097 [JavaFX Application Thread] INFO  SnakesGame - Discovery started in lobby
2025-12-23 14:00:47.097 [] INFO  SnakesGame - Multicast listen loop started
2025-12-23 14:00:47.653 [pool-5-thread-1] INFO  SnakesGame - Sent multicast announcement to 239.192.0.4:9192 (68 bytes)
2025-12-23 14:00:47.655 [] INFO  SnakesGame - Discovered game: 1 from /10.9.34.254:9190
2025-12-23 14:00:47.657 [] INFO  SnakesGame - Discovered game: 1 from /10.9.34.254:9190
2025-12-23 14:00:47.657 [] INFO  SnakesGame - Discovered new game: 1 at /10.9.34.254:9190
2025-12-23 14:00:47.657 [JavaFX Application Thread] INFO  SnakesGame - Game added to lobby: 1 at /10.9.34.254:9190
2025-12-23 14:00:47.657 [] INFO  SnakesGame - Discovered game: 1 from /10.9.34.254:9190
2025-12-23 14:00:48.648 [pool-5-thread-2] INFO  SnakesGame - Sent multicast announcement to 239.192.0.4:9192 (68 bytes)
2025-12-23 14:00:48.649 [] INFO  SnakesGame - Discovered game: 1 from /10.9.34.254:9190
2025-12-23 14:00:48.649 [] INFO  SnakesGame - Discovered game: 1 from /10.9.34.254:9190
2025-12-23 14:00:48.649 [] INFO  SnakesGame - Discovered game: 1 from /10.9.34.254:9190
2025-12-23 14:00:49.649 [pool-5-thread-3] INFO  SnakesGame - Sent multicast announcement to 239.192.0.4:9192 (68 bytes)
2025-12-23 14:00:49.653 [] INFO  SnakesGame - Discovered game: 1 from /10.9.34.254:9190
2025-12-23 14:00:49.654 [] INFO  SnakesGame - Discovered game: 1 from /10.9.34.254:9190
2025-12-23 14:00:49.654 [] INFO  SnakesGame - Discovered game: 1 from /10.9.34.254:9190
2025-12-23 14:00:50.356 [JavaFX Application Thread] INFO  SnakesGame - Connecting to master at /10.9.34.254:9190
2025-12-23 14:00:50.357 [JavaFX Application Thread] INFO  SnakesGame - Joining game: 1
2025-12-23 14:00:50.358 [JavaFX Application Thread] INFO  SnakesGame - UDP Transport started on port 64537
2025-12-23 14:00:50.358 [JavaFX Application Thread] INFO  SnakesGame - Looking for suitable multicast interface...
2025-12-23 14:00:50.359 [JavaFX Application Thread] INFO  SnakesGame - Found suitable interface: en0 with IPv4: 10.9.34.254
2025-12-23 14:00:50.359 [JavaFX Application Thread] INFO  SnakesGame - Joined multicast group using interface: en0 (en0)
2025-12-23 14:00:50.359 [JavaFX Application Thread] INFO  SnakesGame - Set multicast send interface to: en0 (en0)
2025-12-23 14:00:50.359 [JavaFX Application Thread] INFO  SnakesGame - Multicast discovery started on 239.192.0.4:9192
2025-12-23 14:00:50.359 [JavaFX Application Thread] INFO  SnakesGame - NetworkManager started successfully
2025-12-23 14:00:50.359 [] INFO  SnakesGame - Multicast listen loop started
2025-12-23 14:00:50.359 [JavaFX Application Thread] INFO  SnakesGame - NormalNode started, master at /10.9.34.254:9190
2025-12-23 14:00:50.360 [JavaFX Application Thread] INFO  SnakesGame - NORMAL node started for player 5
2025-12-23 14:00:50.360 [JavaFX Application Thread] INFO  SnakesGame - Join request sent to master at /10.9.34.254:9190
2025-12-23 14:00:50.360 [JavaFX Application Thread] INFO  SnakesGame - Client started, waiting for role assignment
2025-12-23 14:00:50.360 [JavaFX Application Thread] INFO  SnakesGame - Joined game: 1
2025-12-23 14:00:50.360 [JavaFX Application Thread] INFO  SnakesGame - Found suitable interface: en0 with IPv4: 10.9.34.254
2025-12-23 14:00:50.360 [JavaFX Application Thread] INFO  SnakesGame - Multicast discovery stopped
2025-12-23 14:00:50.360 [JavaFX Application Thread] INFO  SnakesGame - Discovery service stopped
2025-12-23 14:00:50.360 [] INFO  SnakesGame - Received JOIN request from /10.9.34.254:64537 (player: 5)
2025-12-23 14:00:50.361 [] INFO  SnakesGame - Multicast listen loop stopped
2025-12-23 14:00:50.361 [] INFO  SnakesGame - Created snake for player 5: head=Coord[x=1, y=4], tail=Coord[x=2, y=4], direction=LEFT
2025-12-23 14:00:50.361 [] INFO  SnakesGame - Player 5 joined the game with snake at Coord[x=0, y=4]
2025-12-23 14:00:50.361 [] INFO  SnakesGame - Player 5 joined the game as NORMAL with ID 5
2025-12-23 14:00:50.361 [] INFO  SnakesGame - Sent role assignment to /10.9.34.254:64537: role=NORMAL, id=5
2025-12-23 14:00:50.362 [] INFO  SnakesGame - Assigned playerId 5 (was 0)
2025-12-23 14:00:50.362 [] INFO  SnakesGame - Role changed from NORMAL to NORMAL
2025-12-23 14:00:50.364 [JavaFX Application Thread] INFO  SnakesGame - GameController initialized
2025-12-23 14:00:50.364 [JavaFX Application Thread] INFO  SnakesGame - GameService connected to GameController
2025-12-23 14:00:50.648 [pool-5-thread-3] INFO  SnakesGame - Sent multicast announcement to 239.192.0.4:9192 (98 bytes)
2025-12-23 14:00:50.649 [] INFO  SnakesGame - Discovered game: 1 from /10.9.34.254:9190
2025-12-23 14:00:50.649 [] INFO  SnakesGame - Discovered game: 1 from /10.9.34.254:9190
2025-12-23 14:00:50.649 [] INFO  SnakesGame - Discovered game: 1 from /10.9.34.254:9190
2025-12-23 14:00:51.654 [pool-5-thread-3] INFO  SnakesGame - Sent multicast announcement to 239.192.0.4:9192 (98 bytes)
2025-12-23 14:00:51.657 [] INFO  SnakesGame - Discovered game: 1 from /10.9.34.254:9190
2025-12-23 14:00:51.657 [] INFO  SnakesGame - Discovered game: 1 from /10.9.34.254:9190
2025-12-23 14:00:51.657 [] INFO  SnakesGame - Discovered game: 1 from /10.9.34.254:9190
2025-12-23 14:00:52.649 [pool-5-thread-1] INFO  SnakesGame - Sent multicast announcement to 239.192.0.4:9192 (98 bytes)
2025-12-23 14:00:52.651 [] INFO  SnakesGame - Discovered game: 1 from /10.9.34.254:9190
2025-12-23 14:00:52.652 [] INFO  SnakesGame - Discovered game: 1 from /10.9.34.254:9190
2025-12-23 14:00:52.652 [] INFO  SnakesGame - Discovered game: 1 from /10.9.34.254:9190
2025-12-23 14:00:53.653 [pool-5-thread-1] INFO  SnakesGame - Sent multicast announcement to 239.192.0.4:9192 (68 bytes)
2025-12-23 14:00:53.654 [] INFO  SnakesGame - Discovered game: 1 from /10.9.34.254:9190
2025-12-23 14:00:53.654 [] INFO  SnakesGame - Discovered game: 1 from /10.9.34.254:9190
2025-12-23 14:00:53.654 [] INFO  SnakesGame - Discovered game: 1 from /10.9.34.254:9190
2025-12-23 14:00:54.656 [pool-5-thread-1] INFO  SnakesGame - Sent multicast announcement to 239.192.0.4:9192 (68 bytes)
2025-12-23 14:00:54.657 [] INFO  SnakesGame - Discovered game: 1 from /10.9.34.254:9190
2025-12-23 14:00:54.658 [] INFO  SnakesGame - Discovered game: 1 from /10.9.34.254:9190
2025-12-23 14:00:54.659 [] INFO  SnakesGame - Discovered game: 1 from /10.9.34.254:9190
2025-12-23 14:00:55.653 [pool-5-thread-3] INFO  SnakesGame - Sent multicast announcement to 239.192.0.4:9192 (68 bytes)
2025-12-23 14:00:55.654 [] INFO  SnakesGame - Discovered game: 1 from /10.9.34.254:9190
2025-12-23 14:00:55.654 [] INFO  SnakesGame - Discovered game: 1 from /10.9.34.254:9190
2025-12-23 14:00:55.654 [] INFO  SnakesGame - Discovered game: 1 from /10.9.34.254:9190
2025-12-23 14:00:56.657 [pool-5-thread-3] INFO  SnakesGame - Sent multicast announcement to 239.192.0.4:9192 (68 bytes)
2025-12-23 14:00:56.659 [] INFO  SnakesGame - Discovered game: 1 from /10.9.34.254:9190
2025-12-23 14:00:56.659 [] INFO  SnakesGame - Discovered game: 1 from /10.9.34.254:9190
2025-12-23 14:00:56.659 [] INFO  SnakesGame - Discovered game: 1 from /10.9.34.254:9190
2025-12-23 14:00:57.656 [pool-5-thread-3] INFO  SnakesGame - Sent multicast announcement to 239.192.0.4:9192 (68 bytes)
2025-12-23 14:00:57.660 [] INFO  SnakesGame - Discovered game: 1 from /10.9.34.254:9190
2025-12-23 14:00:57.660 [] INFO  SnakesGame - Discovered game: 1 from /10.9.34.254:9190
2025-12-23 14:00:57.660 [] INFO  SnakesGame - Discovered game: 1 from /10.9.34.254:9190
2025-12-23 14:00:58.657 [pool-5-thread-3] INFO  SnakesGame - Sent multicast announcement to 239.192.0.4:9192 (68 bytes)
2025-12-23 14:00:58.658 [] INFO  SnakesGame - Discovered game: 1 from /10.9.34.254:9190
2025-12-23 14:00:58.658 [] INFO  SnakesGame - Discovered game: 1 from /10.9.34.254:9190
2025-12-23 14:00:58.658 [] INFO  SnakesGame - Discovered game: 1 from /10.9.34.254:9190
2025-12-23 14:00:59.648 [pool-5-thread-3] INFO  SnakesGame - Sent multicast announcement to 239.192.0.4:9192 (68 bytes)
2025-12-23 14:00:59.649 [] INFO  SnakesGame - Discovered game: 1 from /10.9.34.254:9190
2025-12-23 14:00:59.649 [] INFO  SnakesGame - Discovered game: 1 from /10.9.34.254:9190
2025-12-23 14:00:59.649 [] INFO  SnakesGame - Discovered game: 1 from /10.9.34.254:9190
2025-12-23 14:01:00.653 [pool-5-thread-2] INFO  SnakesGame - Sent multicast announcement to 239.192.0.4:9192 (68 bytes)
2025-12-23 14:01:00.654 [] INFO  SnakesGame - Discovered game: 1 from /10.9.34.254:9190
2025-12-23 14:01:00.654 [] INFO  SnakesGame - Discovered game: 1 from /10.9.34.254:9190
2025-12-23 14:01:00.654 [] INFO  SnakesGame - Discovered game: 1 from /10.9.34.254:9190
2025-12-23 14:01:00.737 [JavaFX Application Thread] INFO  SnakesGame - Leaving game
2025-12-23 14:01:00.738 [JavaFX Application Thread] INFO  SnakesGame - NORMAL node stopped
2025-12-23 14:01:00.738 [JavaFX Application Thread] INFO  SnakesGame - UDP Transport stopped
2025-12-23 14:01:00.739 [JavaFX Application Thread] INFO  SnakesGame - Found suitable interface: en0 with IPv4: 10.9.34.254
2025-12-23 14:01:00.739 [JavaFX Application Thread] INFO  SnakesGame - Multicast discovery stopped
2025-12-23 14:01:00.739 [JavaFX Application Thread] INFO  SnakesGame - NetworkManager stopped
2025-12-23 14:01:00.739 [JavaFX Application Thread] INFO  SnakesGame - Left game successfully
2025-12-23 14:01:00.739 [JavaFX Application Thread] INFO  SnakesGame - Exiting to main menu
2025-12-23 14:01:00.739 [] INFO  SnakesGame - Multicast listen loop stopped
2025-12-23 14:01:01.655 [pool-5-thread-2] INFO  SnakesGame - Sent multicast announcement to 239.192.0.4:9192 (68 bytes)
2025-12-23 14:01:01.658 [] INFO  SnakesGame - Discovered game: 1 from /10.9.34.254:9190
2025-12-23 14:01:01.658 [] INFO  SnakesGame - Discovered game: 1 from /10.9.34.254:9190
2025-12-23 14:01:02.052 [JavaFX Application Thread] INFO  SnakesGame - Opening Lobby
2025-12-23 14:01:02.061 [JavaFX Application Thread] INFO  SnakesGame - Looking for suitable multicast interface...
2025-12-23 14:01:02.062 [JavaFX Application Thread] INFO  SnakesGame - Found suitable interface: en0 with IPv4: 10.9.34.254
2025-12-23 14:01:02.062 [JavaFX Application Thread] INFO  SnakesGame - Joined multicast group using interface: en0 (en0)
2025-12-23 14:01:02.062 [JavaFX Application Thread] INFO  SnakesGame - Set multicast send interface to: en0 (en0)
2025-12-23 14:01:02.062 [JavaFX Application Thread] INFO  SnakesGame - Multicast discovery started on 239.192.0.4:9192
2025-12-23 14:01:02.062 [JavaFX Application Thread] INFO  SnakesGame - Discovery service started
2025-12-23 14:01:02.062 [JavaFX Application Thread] INFO  SnakesGame - Discovery started in lobby
2025-12-23 14:01:02.062 [] INFO  SnakesGame - Multicast listen loop started
2025-12-23 14:01:02.212 [] WARN  SnakesGame - Retransmitting seq=363 to /10.9.34.254:64537 (retry 1)
2025-12-23 14:01:02.650 [pool-5-thread-2] INFO  SnakesGame - Sent multicast announcement to 239.192.0.4:9192 (68 bytes)
2025-12-23 14:01:02.650 [] INFO  SnakesGame - Discovered game: 1 from /10.9.34.254:9190
2025-12-23 14:01:02.650 [] INFO  SnakesGame - Discovered new game: 1 at /10.9.34.254:9190
2025-12-23 14:01:02.651 [] INFO  SnakesGame - Discovered game: 1 from /10.9.34.254:9190
2025-12-23 14:01:02.650 [] INFO  SnakesGame - Discovered game: 1 from /10.9.34.254:9190
2025-12-23 14:01:02.651 [JavaFX Application Thread] INFO  SnakesGame - Game added to lobby: 1 at /10.9.34.254:9190
2025-12-23 14:01:02.722 [] WARN  SnakesGame - Retransmitting seq=363 to /10.9.34.254:64537 (retry 2)
2025-12-23 14:01:03.229 [] WARN  SnakesGame - Retransmitting seq=363 to /10.9.34.254:64537 (retry 3)
2025-12-23 14:01:03.229 [] WARN  SnakesGame - Retransmitting seq=365 to /10.9.34.254:64537 (retry 1)
2025-12-23 14:01:03.658 [pool-5-thread-1] INFO  SnakesGame - Sent multicast announcement to 239.192.0.4:9192 (68 bytes)
2025-12-23 14:01:03.658 [] INFO  SnakesGame - Discovered game: 1 from /10.9.34.254:9190
2025-12-23 14:01:03.658 [] INFO  SnakesGame - Discovered game: 1 from /10.9.34.254:9190
2025-12-23 14:01:03.658 [] INFO  SnakesGame - Discovered game: 1 from /10.9.34.254:9190
2025-12-23 14:01:03.737 [] WARN  SnakesGame - Retransmitting seq=363 to /10.9.34.254:64537 (retry 4)
2025-12-23 14:01:03.737 [] WARN  SnakesGame - Retransmitting seq=365 to /10.9.34.254:64537 (retry 2)
2025-12-23 14:01:04.148 [pool-5-thread-3] WARN  SnakesGame - Peer /10.9.34.254:64537 timed out
2025-12-23 14:01:04.148 [pool-5-thread-3] WARN  SnakesGame - Player 5 timed out, removing
2025-12-23 14:01:04.654 [pool-5-thread-1] INFO  SnakesGame - Sent multicast announcement to 239.192.0.4:9192 (68 bytes)
2025-12-23 14:01:04.654 [] INFO  SnakesGame - Discovered game: 1 from /10.9.34.254:9190
2025-12-23 14:01:04.654 [] INFO  SnakesGame - Discovered game: 1 from /10.9.34.254:9190
2025-12-23 14:01:04.654 [] INFO  SnakesGame - Discovered game: 1 from /10.9.34.254:9190
2025-12-23 14:01:05.656 [pool-5-thread-1] INFO  SnakesGame - Sent multicast announcement to 239.192.0.4:9192 (68 bytes)
2025-12-23 14:01:05.658 [] INFO  SnakesGame - Discovered game: 1 from /10.9.34.254:9190
2025-12-23 14:01:05.658 [] INFO  SnakesGame - Discovered game: 1 from /10.9.34.254:9190
2025-12-23 14:01:05.659 [] INFO  SnakesGame - Discovered game: 1 from /10.9.34.254:9190
2025-12-23 14:01:05.690 [JavaFX Application Thread] INFO  SnakesGame - Connecting to master at /10.9.34.254:9190
2025-12-23 14:01:05.690 [JavaFX Application Thread] INFO  SnakesGame - Joining game: 1
2025-12-23 14:01:05.690 [JavaFX Application Thread] INFO  SnakesGame - UDP Transport started on port 50093
2025-12-23 14:01:05.690 [JavaFX Application Thread] INFO  SnakesGame - Looking for suitable multicast interface...
2025-12-23 14:01:05.691 [JavaFX Application Thread] INFO  SnakesGame - Found suitable interface: en0 with IPv4: 10.9.34.254
2025-12-23 14:01:05.691 [JavaFX Application Thread] INFO  SnakesGame - Joined multicast group using interface: en0 (en0)
2025-12-23 14:01:05.691 [JavaFX Application Thread] INFO  SnakesGame - Set multicast send interface to: en0 (en0)
2025-12-23 14:01:05.691 [JavaFX Application Thread] INFO  SnakesGame - Multicast discovery started on 239.192.0.4:9192
2025-12-23 14:01:05.691 [JavaFX Application Thread] INFO  SnakesGame - NetworkManager started successfully
2025-12-23 14:01:05.691 [] INFO  SnakesGame - Multicast listen loop started
2025-12-23 14:01:05.691 [JavaFX Application Thread] INFO  SnakesGame - NormalNode started, master at /10.9.34.254:9190
2025-12-23 14:01:05.691 [JavaFX Application Thread] INFO  SnakesGame - NORMAL node started for player 2222
2025-12-23 14:01:05.691 [JavaFX Application Thread] INFO  SnakesGame - Join request sent to master at /10.9.34.254:9190
2025-12-23 14:01:05.691 [JavaFX Application Thread] INFO  SnakesGame - Client started, waiting for role assignment
2025-12-23 14:01:05.691 [JavaFX Application Thread] INFO  SnakesGame - Joined game: 1
2025-12-23 14:01:05.691 [] INFO  SnakesGame - Received JOIN request from /10.9.34.254:50093 (player: 2222)
2025-12-23 14:01:05.692 [JavaFX Application Thread] INFO  SnakesGame - Found suitable interface: en0 with IPv4: 10.9.34.254
2025-12-23 14:01:05.692 [JavaFX Application Thread] INFO  SnakesGame - Multicast discovery stopped
2025-12-23 14:01:05.692 [JavaFX Application Thread] INFO  SnakesGame - Discovery service stopped
2025-12-23 14:01:05.692 [] INFO  SnakesGame - Created snake for player 6: head=Coord[x=9, y=9], tail=Coord[x=9, y=8], direction=DOWN
2025-12-23 14:01:05.692 [] INFO  SnakesGame - Player 2222 joined the game with snake at Coord[x=9, y=0]
2025-12-23 14:01:05.692 [] INFO  SnakesGame - Multicast listen loop stopped
2025-12-23 14:01:05.692 [] INFO  SnakesGame - Player 2222 joined the game as NORMAL with ID 6
2025-12-23 14:01:05.692 [] INFO  SnakesGame - Sent role assignment to /10.9.34.254:50093: role=NORMAL, id=6
2025-12-23 14:01:05.692 [] INFO  SnakesGame - Assigned playerId 6 (was 0)
2025-12-23 14:01:05.692 [] INFO  SnakesGame - Role changed from NORMAL to NORMAL
2025-12-23 14:01:05.695 [JavaFX Application Thread] INFO  SnakesGame - GameController initialized
2025-12-23 14:01:05.695 [JavaFX Application Thread] INFO  SnakesGame - GameService connected to GameController
2025-12-23 14:01:06.656 [pool-5-thread-3] INFO  SnakesGame - Sent multicast announcement to 239.192.0.4:9192 (101 bytes)
2025-12-23 14:01:06.656 [] INFO  SnakesGame - Discovered game: 1 from /10.9.34.254:9190
2025-12-23 14:01:06.657 [] INFO  SnakesGame - Discovered game: 1 from /10.9.34.254:9190
2025-12-23 14:01:06.657 [] INFO  SnakesGame - Discovered game: 1 from /10.9.34.254:9190
2025-12-23 14:01:07.652 [pool-5-thread-3] INFO  SnakesGame - Sent multicast announcement to 239.192.0.4:9192 (101 bytes)
2025-12-23 14:01:07.652 [] INFO  SnakesGame - Discovered game: 1 from /10.9.34.254:9190
2025-12-23 14:01:07.652 [] INFO  SnakesGame - Discovered game: 1 from /10.9.34.254:9190
2025-12-23 14:01:07.652 [] INFO  SnakesGame - Discovered game: 1 from /10.9.34.254:9190
2025-12-23 14:01:08.651 [pool-5-thread-1] INFO  SnakesGame - Sent multicast announcement to 239.192.0.4:9192 (101 bytes)
2025-12-23 14:01:08.656 [] INFO  SnakesGame - Discovered game: 1 from /10.9.34.254:9190
2025-12-23 14:01:08.656 [] INFO  SnakesGame - Discovered game: 1 from /10.9.34.254:9190
2025-12-23 14:01:08.656 [] INFO  SnakesGame - Discovered game: 1 from /10.9.34.254:9190
2025-12-23 14:01:09.652 [pool-5-thread-3] INFO  SnakesGame - Sent multicast announcement to 239.192.0.4:9192 (101 bytes)
2025-12-23 14:01:09.657 [] INFO  SnakesGame - Discovered game: 1 from /10.9.34.254:9190
2025-12-23 14:01:09.657 [] INFO  SnakesGame - Discovered game: 1 from /10.9.34.254:9190
2025-12-23 14:01:09.657 [] INFO  SnakesGame - Discovered game: 1 from /10.9.34.254:9190
2025-12-23 14:01:10.651 [pool-5-thread-1] INFO  SnakesGame - Sent multicast announcement to 239.192.0.4:9192 (101 bytes)
2025-12-23 14:01:10.653 [] INFO  SnakesGame - Discovered game: 1 from /10.9.34.254:9190
2025-12-23 14:01:10.653 [] INFO  SnakesGame - Discovered game: 1 from /10.9.34.254:9190
2025-12-23 14:01:10.653 [] INFO  SnakesGame - Discovered game: 1 from /10.9.34.254:9190
2025-12-23 14:01:11.651 [pool-5-thread-3] INFO  SnakesGame - Sent multicast announcement to 239.192.0.4:9192 (101 bytes)
2025-12-23 14:01:11.652 [] INFO  SnakesGame - Discovered game: 1 from /10.9.34.254:9190
2025-12-23 14:01:11.652 [] INFO  SnakesGame - Discovered game: 1 from /10.9.34.254:9190
2025-12-23 14:01:11.652 [] INFO  SnakesGame - Discovered game: 1 from /10.9.34.254:9190
2025-12-23 14:01:12.652 [pool-5-thread-3] INFO  SnakesGame - Sent multicast announcement to 239.192.0.4:9192 (101 bytes)
2025-12-23 14:01:12.655 [] INFO  SnakesGame - Discovered game: 1 from /10.9.34.254:9190
2025-12-23 14:01:12.655 [] INFO  SnakesGame - Discovered game: 1 from /10.9.34.254:9190
2025-12-23 14:01:12.655 [] INFO  SnakesGame - Discovered game: 1 from /10.9.34.254:9190
2025-12-23 14:01:13.652 [pool-5-thread-1] INFO  SnakesGame - Sent multicast announcement to 239.192.0.4:9192 (101 bytes)
2025-12-23 14:01:13.655 [] INFO  SnakesGame - Discovered game: 1 from /10.9.34.254:9190
2025-12-23 14:01:13.657 [] INFO  SnakesGame - Discovered game: 1 from /10.9.34.254:9190
2025-12-23 14:01:13.658 [] INFO  SnakesGame - Discovered game: 1 from /10.9.34.254:9190
2025-12-23 14:01:14.652 [pool-5-thread-1] INFO  SnakesGame - Sent multicast announcement to 239.192.0.4:9192 (101 bytes)
2025-12-23 14:01:14.652 [] INFO  SnakesGame - Discovered game: 1 from /10.9.34.254:9190
2025-12-23 14:01:14.652 [] INFO  SnakesGame - Discovered game: 1 from /10.9.34.254:9190
2025-12-23 14:01:14.652 [] INFO  SnakesGame - Discovered game: 1 from /10.9.34.254:9190
2025-12-23 14:01:15.657 [pool-5-thread-3] INFO  SnakesGame - Sent multicast announcement to 239.192.0.4:9192 (101 bytes)
2025-12-23 14:01:15.657 [] INFO  SnakesGame - Discovered game: 1 from /10.9.34.254:9190
2025-12-23 14:01:15.657 [] INFO  SnakesGame - Discovered game: 1 from /10.9.34.254:9190
2025-12-23 14:01:15.657 [] INFO  SnakesGame - Discovered game: 1 from /10.9.34.254:9190
2025-12-23 14:01:15.689 [JavaFX Application Thread] INFO  SnakesGame - Leaving game
2025-12-23 14:01:15.690 [JavaFX Application Thread] INFO  SnakesGame - MASTER node stopped
2025-12-23 14:01:15.690 [JavaFX Application Thread] INFO  SnakesGame - UDP Transport stopped
2025-12-23 14:01:15.690 [JavaFX Application Thread] INFO  SnakesGame - Found suitable interface: en0 with IPv4: 10.9.34.254
2025-12-23 14:01:15.690 [JavaFX Application Thread] INFO  SnakesGame - Multicast discovery stopped
2025-12-23 14:01:15.690 [JavaFX Application Thread] INFO  SnakesGame - NetworkManager stopped
2025-12-23 14:01:15.690 [JavaFX Application Thread] INFO  SnakesGame - Left game successfully
2025-12-23 14:01:15.690 [JavaFX Application Thread] INFO  SnakesGame - Exiting to main menu
2025-12-23 14:01:15.690 [] INFO  SnakesGame - Multicast listen loop stopped
2025-12-23 14:01:16.328 [] WARN  SnakesGame - Retransmitting seq=151 to /10.9.34.254:9190 (retry 1)
2025-12-23 14:01:16.800 [JavaFX Application Thread] INFO  SnakesGame - Opening Lobby
2025-12-23 14:01:16.805 [JavaFX Application Thread] INFO  SnakesGame - Looking for suitable multicast interface...
2025-12-23 14:01:16.806 [JavaFX Application Thread] INFO  SnakesGame - Found suitable interface: en0 with IPv4: 10.9.34.254
2025-12-23 14:01:16.806 [JavaFX Application Thread] INFO  SnakesGame - Joined multicast group using interface: en0 (en0)
2025-12-23 14:01:16.806 [JavaFX Application Thread] INFO  SnakesGame - Set multicast send interface to: en0 (en0)
2025-12-23 14:01:16.806 [JavaFX Application Thread] INFO  SnakesGame - Multicast discovery started on 239.192.0.4:9192
2025-12-23 14:01:16.806 [JavaFX Application Thread] INFO  SnakesGame - Discovery service started
2025-12-23 14:01:16.806 [JavaFX Application Thread] INFO  SnakesGame - Discovery started in lobby
2025-12-23 14:01:16.806 [] INFO  SnakesGame - Multicast listen loop started
2025-12-23 14:01:16.828 [] WARN  SnakesGame - Retransmitting seq=89 to /10.9.34.254:9190 (retry 1)
2025-12-23 14:01:16.836 [] WARN  SnakesGame - Retransmitting seq=151 to /10.9.34.254:9190 (retry 2)
2025-12-23 14:01:17.335 [] WARN  SnakesGame - Retransmitting seq=89 to /10.9.34.254:9190 (retry 2)
2025-12-23 14:01:17.344 [] WARN  SnakesGame - Retransmitting seq=151 to /10.9.34.254:9190 (retry 3)
2025-12-23 14:01:17.344 [] WARN  SnakesGame - Retransmitting seq=152 to /10.9.34.254:9190 (retry 1)
2025-12-23 14:01:17.843 [] WARN  SnakesGame - Retransmitting seq=89 to /10.9.34.254:9190 (retry 3)
2025-12-23 14:01:17.844 [] WARN  SnakesGame - Retransmitting seq=90 to /10.9.34.254:9190 (retry 1)
2025-12-23 14:01:17.848 [] WARN  SnakesGame - Retransmitting seq=151 to /10.9.34.254:9190 (retry 4)
2025-12-23 14:01:17.848 [] WARN  SnakesGame - Retransmitting seq=152 to /10.9.34.254:9190 (retry 2)
2025-12-23 14:01:18.355 [] WARN  SnakesGame - Retransmitting seq=151 to /10.9.34.254:9190 (retry 5)
2025-12-23 14:01:18.355 [] WARN  SnakesGame - Retransmitting seq=152 to /10.9.34.254:9190 (retry 3)
2025-12-23 14:01:18.355 [] WARN  SnakesGame - Retransmitting seq=153 to /10.9.34.254:9190 (retry 1)
2025-12-23 14:01:18.357 [] WARN  SnakesGame - Retransmitting seq=89 to /10.9.34.254:9190 (retry 4)
2025-12-23 14:01:18.357 [] WARN  SnakesGame - Retransmitting seq=90 to /10.9.34.254:9190 (retry 2)
2025-12-23 14:01:18.613 [] ERROR SnakesGame - Message seq=151 to /10.9.34.254:9190 failed after 5 retries
2025-12-23 14:01:18.695 [pool-6-thread-2] WARN  SnakesGame - Master timed out (3037ms>3000ms), switching master /10.9.34.254:9190 -> deputy /10.9.34.254:63265
2025-12-23 14:01:18.695 [pool-6-thread-2] INFO  SnakesGame - Redirected pending messages /10.9.34.254:9190 -> /10.9.34.254:63265
2025-12-23 14:01:18.781 [pool-5-thread-1] WARN  SnakesGame - Master timed out! Elapsed: 3123ms, promoting to MASTER
2025-12-23 14:01:18.782 [pool-5-thread-1] INFO  SnakesGame - Deputy promoting to MASTER
2025-12-23 14:01:18.782 [pool-5-thread-1] INFO  SnakesGame - Found old master: playerId=1, address=/10.9.34.254:9190
2025-12-23 14:01:18.782 [pool-5-thread-1] INFO  SnakesGame - Old master assumed dead: /10.9.34.254:9190
2025-12-23 14:01:18.783 [pool-5-thread-1] INFO  SnakesGame - Creating GameEngine with current state
2025-12-23 14:01:18.788 [pool-5-thread-1] INFO  SnakesGame - UDP Transport stopped
2025-12-23 14:01:18.789 [pool-5-thread-1] INFO  SnakesGame - Found suitable interface: en0 with IPv4: 10.9.34.254
2025-12-23 14:01:18.789 [pool-5-thread-1] INFO  SnakesGame - Multicast discovery stopped
2025-12-23 14:01:18.789 [pool-5-thread-1] INFO  SnakesGame - NetworkManager stopped
2025-12-23 14:01:18.790 [] INFO  SnakesGame - Multicast listen loop stopped
2025-12-23 14:01:18.790 [pool-5-thread-1] INFO  SnakesGame - UDP Transport started on port 9190
2025-12-23 14:01:18.790 [pool-5-thread-1] INFO  SnakesGame - Looking for suitable multicast interface...
2025-12-23 14:01:18.791 [pool-5-thread-1] INFO  SnakesGame - Found suitable interface: en0 with IPv4: 10.9.34.254
2025-12-23 14:01:18.791 [pool-5-thread-1] INFO  SnakesGame - Joined multicast group using interface: en0 (en0)
2025-12-23 14:01:18.791 [pool-5-thread-1] INFO  SnakesGame - Set multicast send interface to: en0 (en0)
2025-12-23 14:01:18.791 [pool-5-thread-1] INFO  SnakesGame - Multicast discovery started on 239.192.0.4:9192
2025-12-23 14:01:18.791 [] INFO  SnakesGame - Multicast listen loop started
2025-12-23 14:01:18.791 [pool-5-thread-1] INFO  SnakesGame - NetworkManager started successfully
2025-12-23 14:01:18.792 [pool-5-thread-1] INFO  SnakesGame - Broadcasted new master role to all players
2025-12-23 14:01:18.792 [pool-5-thread-1] INFO  SnakesGame - Switching node from DEPUTY to MASTER
2025-12-23 14:01:18.792 [pool-5-thread-1] INFO  SnakesGame - DEPUTY node stopped
2025-12-23 14:01:18.792 [pool-5-thread-1] INFO  SnakesGame - Using existing GameEngine from Deputy promotion
2025-12-23 14:01:18.792 [pool-5-thread-1] INFO  SnakesGame - Game state preserved: order=152, players=2
2025-12-23 14:01:18.792 [] INFO  SnakesGame - Redirected pending messages /10.9.34.254:63265 -> /10.9.34.254:9190
2025-12-23 14:01:18.793 [] INFO  SnakesGame - New master: /10.9.34.254:9190
2025-12-23 14:01:18.793 [] INFO  SnakesGame - Role changed from NORMAL to NORMAL
2025-12-23 14:01:18.793 [pool-5-thread-1] INFO  SnakesGame - Using existing GameEngine from onStart()
2025-12-23 14:01:18.793 [pool-5-thread-1] INFO  SnakesGame - Assigned 2222 as deputy
2025-12-23 14:01:18.794 [] INFO  SnakesGame - Role changed from NORMAL to DEPUTY
2025-12-23 14:01:18.794 [] INFO  SnakesGame - Promoted to DEPUTY, notifying GameService to switch node
2025-12-23 14:01:18.794 [] INFO  SnakesGame - Switching node from DEPUTY to DEPUTY
2025-12-23 14:01:18.794 [] INFO  SnakesGame - DEPUTY node stopped
2025-12-23 14:01:18.794 [] INFO  SnakesGame - DeputyNode.onStart() called
2025-12-23 14:01:18.794 [pool-5-thread-1] INFO  SnakesGame - Starting timeout checker: timeoutMs=3000, checkInterval=1500ms
2025-12-23 14:01:18.794 [] INFO  SnakesGame - Ping task started
2025-12-23 14:01:18.794 [] INFO  SnakesGame - startMasterTimeoutChecker: timeoutMs=3000, checkInterval=200ms
2025-12-23 14:01:18.795 [] INFO  SnakesGame - Master timeout checker started
2025-12-23 14:01:18.795 [] INFO  SnakesGame - DeputyNode started, monitoring master at /10.9.34.254:9190
2025-12-23 14:01:18.795 [pool-5-thread-1] INFO  SnakesGame - MASTER node started for player 4
2025-12-23 14:01:18.795 [] INFO  SnakesGame - DEPUTY node started for player 2222
2025-12-23 14:01:18.795 [pool-5-thread-1] INFO  SnakesGame - MASTER node started for player 4
2025-12-23 14:01:18.795 [] INFO  SnakesGame - Node switched successfully to DEPUTY
2025-12-23 14:01:18.795 [pool-5-thread-1] INFO  SnakesGame - Node switched successfully to MASTER
2025-12-23 14:01:18.795 [pool-5-thread-1] INFO  SnakesGame - Successfully promoted to MASTER (requested GameService switch)
2025-12-23 14:01:18.796 [pool-6-thread-3] INFO  SnakesGame - Sent multicast announcement to 239.192.0.4:9192 (100 bytes)
2025-12-23 14:01:18.796 [] INFO  SnakesGame - Discovered game: 1 from /10.9.34.254:9190
2025-12-23 14:01:18.796 [] INFO  SnakesGame - Discovered game: 1 from /10.9.34.254:9190
2025-12-23 14:01:18.797 [] INFO  SnakesGame - Discovered new game: 1 at /10.9.34.254:9190
2025-12-23 14:01:18.797 [] INFO  SnakesGame - Discovered game: 1 from /10.9.34.254:9190
2025-12-23 14:01:18.797 [JavaFX Application Thread] INFO  SnakesGame - Game added to lobby: 1 at /10.9.34.254:9190
2025-12-23 14:01:18.868 [] WARN  SnakesGame - Retransmitting seq=152 to /10.9.34.254:9190 (retry 4)
2025-12-23 14:01:18.869 [] WARN  SnakesGame - Retransmitting seq=153 to /10.9.34.254:9190 (retry 2)
2025-12-23 14:01:19.379 [] WARN  SnakesGame - Retransmitting seq=154 to /10.9.34.254:9190 (retry 1)
2025-12-23 14:01:19.799 [pool-6-thread-3] INFO  SnakesGame - Sent multicast announcement to 239.192.0.4:9192 (100 bytes)
2025-12-23 14:01:19.799 [] INFO  SnakesGame - Discovered game: 1 from /10.9.34.254:9190
2025-12-23 14:01:19.799 [] INFO  SnakesGame - Discovered game: 1 from /10.9.34.254:9190
2025-12-23 14:01:19.799 [] INFO  SnakesGame - Discovered game: 1 from /10.9.34.254:9190
2025-12-23 14:01:20.803 [pool-6-thread-3] INFO  SnakesGame - Sent multicast announcement to 239.192.0.4:9192 (100 bytes)
2025-12-23 14:01:20.804 [] INFO  SnakesGame - Discovered game: 1 from /10.9.34.254:9190
2025-12-23 14:01:20.804 [] INFO  SnakesGame - Discovered game: 1 from /10.9.34.254:9190
2025-12-23 14:01:20.804 [] INFO  SnakesGame - Discovered game: 1 from /10.9.34.254:9190
2025-12-23 14:01:21.801 [pool-6-thread-2] INFO  SnakesGame - Sent multicast announcement to 239.192.0.4:9192 (100 bytes)
2025-12-23 14:01:21.802 [] INFO  SnakesGame - Discovered game: 1 from /10.9.34.254:9190
2025-12-23 14:01:21.802 [] INFO  SnakesGame - Discovered game: 1 from /10.9.34.254:9190
2025-12-23 14:01:21.802 [] INFO  SnakesGame - Discovered game: 1 from /10.9.34.254:9190
2025-12-23 14:01:22.797 [pool-6-thread-3] INFO  SnakesGame - Sent multicast announcement to 239.192.0.4:9192 (100 bytes)
2025-12-23 14:01:22.798 [] INFO  SnakesGame - Discovered game: 1 from /10.9.34.254:9190
2025-12-23 14:01:22.798 [] INFO  SnakesGame - Discovered game: 1 from /10.9.34.254:9190
2025-12-23 14:01:22.798 [] INFO  SnakesGame - Discovered game: 1 from /10.9.34.254:9190
2025-12-23 14:01:23.227 [JavaFX Application Thread] INFO  SnakesGame - Connecting to master at /10.9.34.254:9190
2025-12-23 14:01:23.227 [JavaFX Application Thread] INFO  SnakesGame - Joining game: 1
2025-12-23 14:01:23.228 [JavaFX Application Thread] INFO  SnakesGame - UDP Transport started on port 55819
2025-12-23 14:01:23.229 [JavaFX Application Thread] INFO  SnakesGame - Looking for suitable multicast interface...
2025-12-23 14:01:23.230 [JavaFX Application Thread] INFO  SnakesGame - Found suitable interface: en0 with IPv4: 10.9.34.254
2025-12-23 14:01:23.230 [JavaFX Application Thread] INFO  SnakesGame - Joined multicast group using interface: en0 (en0)
2025-12-23 14:01:23.230 [JavaFX Application Thread] INFO  SnakesGame - Set multicast send interface to: en0 (en0)
2025-12-23 14:01:23.230 [JavaFX Application Thread] INFO  SnakesGame - Multicast discovery started on 239.192.0.4:9192
2025-12-23 14:01:23.230 [JavaFX Application Thread] INFO  SnakesGame - NetworkManager started successfully
2025-12-23 14:01:23.230 [] INFO  SnakesGame - Multicast listen loop started
2025-12-23 14:01:23.231 [JavaFX Application Thread] INFO  SnakesGame - NormalNode started, master at /10.9.34.254:9190
2025-12-23 14:01:23.243 [JavaFX Application Thread] INFO  SnakesGame - NORMAL node started for player 2222222
2025-12-23 14:01:23.243 [JavaFX Application Thread] INFO  SnakesGame - Join request sent to master at /10.9.34.254:9190
2025-12-23 14:01:23.243 [JavaFX Application Thread] INFO  SnakesGame - Client started, waiting for role assignment
2025-12-23 14:01:23.243 [JavaFX Application Thread] INFO  SnakesGame - Joined game: 1
2025-12-23 14:01:23.243 [] INFO  SnakesGame - Received JOIN request from /10.9.34.254:55819 (player: 2222222)
2025-12-23 14:01:23.244 [JavaFX Application Thread] INFO  SnakesGame - Found suitable interface: en0 with IPv4: 10.9.34.254
2025-12-23 14:01:23.244 [JavaFX Application Thread] INFO  SnakesGame - Multicast discovery stopped
2025-12-23 14:01:23.244 [JavaFX Application Thread] INFO  SnakesGame - Discovery service stopped
2025-12-23 14:01:23.244 [] INFO  SnakesGame - Multicast listen loop stopped
2025-12-23 14:01:23.245 [] INFO  SnakesGame - Created snake for player 1: head=Coord[x=6, y=1], tail=Coord[x=6, y=2], direction=UP
2025-12-23 14:01:23.247 [] INFO  SnakesGame - Player 2222222 joined the game with snake at Coord[x=6, y=0]
2025-12-23 14:01:23.247 [] INFO  SnakesGame - Player 2222222 joined the game as NORMAL with ID 1
2025-12-23 14:01:23.248 [] INFO  SnakesGame - Sent role assignment to /10.9.34.254:55819: role=NORMAL, id=1
2025-12-23 14:01:23.248 [] INFO  SnakesGame - Assigned playerId 1 (was 0)
2025-12-23 14:01:23.248 [] INFO  SnakesGame - Role changed from NORMAL to NORMAL
2025-12-23 14:01:23.248 [JavaFX Application Thread] INFO  SnakesGame - GameController initialized
2025-12-23 14:01:23.249 [JavaFX Application Thread] INFO  SnakesGame - GameService connected to GameController
2025-12-23 14:01:23.799 [pool-6-thread-1] INFO  SnakesGame - Sent multicast announcement to 239.192.0.4:9192 (138 bytes)
2025-12-23 14:01:23.800 [] INFO  SnakesGame - Discovered game: 1 from /10.9.34.254:9190
2025-12-23 14:01:23.800 [] INFO  SnakesGame - Discovered game: 1 from /10.9.34.254:9190
2025-12-23 14:01:23.800 [] INFO  SnakesGame - Discovered game: 1 from /10.9.34.254:9190
2025-12-23 14:01:24.799 [pool-6-thread-1] INFO  SnakesGame - Sent multicast announcement to 239.192.0.4:9192 (138 bytes)
2025-12-23 14:01:24.800 [] INFO  SnakesGame - Discovered game: 1 from /10.9.34.254:9190
2025-12-23 14:01:24.800 [] INFO  SnakesGame - Discovered game: 1 from /10.9.34.254:9190
2025-12-23 14:01:24.800 [] INFO  SnakesGame - Discovered game: 1 from /10.9.34.254:9190
2025-12-23 14:01:25.799 [pool-6-thread-1] INFO  SnakesGame - Sent multicast announcement to 239.192.0.4:9192 (138 bytes)
2025-12-23 14:01:25.800 [] INFO  SnakesGame - Discovered game: 1 from /10.9.34.254:9190
2025-12-23 14:01:25.800 [] INFO  SnakesGame - Discovered game: 1 from /10.9.34.254:9190
2025-12-23 14:01:25.800 [] INFO  SnakesGame - Discovered game: 1 from /10.9.34.254:9190
2025-12-23 14:01:26.796 [pool-6-thread-3] INFO  SnakesGame - Sent multicast announcement to 239.192.0.4:9192 (138 bytes)
2025-12-23 14:01:26.796 [] INFO  SnakesGame - Discovered game: 1 from /10.9.34.254:9190
2025-12-23 14:01:26.796 [] INFO  SnakesGame - Discovered game: 1 from /10.9.34.254:9190
2025-12-23 14:01:26.797 [] INFO  SnakesGame - Discovered game: 1 from /10.9.34.254:9190
2025-12-23 14:01:27.803 [pool-6-thread-1] INFO  SnakesGame - Sent multicast announcement to 239.192.0.4:9192 (138 bytes)
2025-12-23 14:01:27.803 [] INFO  SnakesGame - Discovered game: 1 from /10.9.34.254:9190
2025-12-23 14:01:27.803 [] INFO  SnakesGame - Discovered game: 1 from /10.9.34.254:9190
2025-12-23 14:01:27.804 [] INFO  SnakesGame - Discovered game: 1 from /10.9.34.254:9190
2025-12-23 14:01:28.802 [pool-6-thread-1] INFO  SnakesGame - Sent multicast announcement to 239.192.0.4:9192 (138 bytes)
2025-12-23 14:01:28.802 [] INFO  SnakesGame - Discovered game: 1 from /10.9.34.254:9190
2025-12-23 14:01:28.802 [] INFO  SnakesGame - Discovered game: 1 from /10.9.34.254:9190
2025-12-23 14:01:28.802 [] INFO  SnakesGame - Discovered game: 1 from /10.9.34.254:9190
2025-12-23 14:01:29.796 [pool-6-thread-3] INFO  SnakesGame - Sent multicast announcement to 239.192.0.4:9192 (138 bytes)
2025-12-23 14:01:29.797 [] INFO  SnakesGame - Discovered game: 1 from /10.9.34.254:9190
2025-12-23 14:01:29.797 [] INFO  SnakesGame - Discovered game: 1 from /10.9.34.254:9190
2025-12-23 14:01:29.797 [] INFO  SnakesGame - Discovered game: 1 from /10.9.34.254:9190
2025-12-23 14:01:30.799 [pool-6-thread-3] INFO  SnakesGame - Sent multicast announcement to 239.192.0.4:9192 (138 bytes)
2025-12-23 14:01:30.800 [] INFO  SnakesGame - Discovered game: 1 from /10.9.34.254:9190
2025-12-23 14:01:30.800 [] INFO  SnakesGame - Discovered game: 1 from /10.9.34.254:9190
2025-12-23 14:01:30.800 [] INFO  SnakesGame - Discovered game: 1 from /10.9.34.254:9190
2025-12-23 14:01:31.799 [pool-6-thread-3] INFO  SnakesGame - Sent multicast announcement to 239.192.0.4:9192 (138 bytes)
2025-12-23 14:01:31.800 [] INFO  SnakesGame - Discovered game: 1 from /10.9.34.254:9190
2025-12-23 14:01:31.800 [] INFO  SnakesGame - Discovered game: 1 from /10.9.34.254:9190
2025-12-23 14:01:31.800 [] INFO  SnakesGame - Discovered game: 1 from /10.9.34.254:9190
2025-12-23 14:01:32.795 [pool-6-thread-1] INFO  SnakesGame - Sent multicast announcement to 239.192.0.4:9192 (138 bytes)
2025-12-23 14:01:32.796 [] INFO  SnakesGame - Discovered game: 1 from /10.9.34.254:9190
2025-12-23 14:01:32.796 [] INFO  SnakesGame - Discovered game: 1 from /10.9.34.254:9190
2025-12-23 14:01:32.796 [] INFO  SnakesGame - Discovered game: 1 from /10.9.34.254:9190
2025-12-23 14:01:33.795 [pool-6-thread-1] INFO  SnakesGame - Sent multicast announcement to 239.192.0.4:9192 (138 bytes)
2025-12-23 14:01:33.796 [] INFO  SnakesGame - Discovered game: 1 from /10.9.34.254:9190
2025-12-23 14:01:33.796 [] INFO  SnakesGame - Discovered game: 1 from /10.9.34.254:9190
2025-12-23 14:01:33.796 [] INFO  SnakesGame - Discovered game: 1 from /10.9.34.254:9190
2025-12-23 14:01:34.800 [pool-6-thread-1] INFO  SnakesGame - Sent multicast announcement to 239.192.0.4:9192 (139 bytes)
2025-12-23 14:01:34.800 [] INFO  SnakesGame - Discovered game: 1 from /10.9.34.254:9190
2025-12-23 14:01:34.800 [] INFO  SnakesGame - Discovered game: 1 from /10.9.34.254:9190
2025-12-23 14:01:34.800 [] INFO  SnakesGame - Discovered game: 1 from /10.9.34.254:9190
2025-12-23 14:01:35.795 [pool-6-thread-3] INFO  SnakesGame - Sent multicast announcement to 239.192.0.4:9192 (139 bytes)
2025-12-23 14:01:35.795 [] INFO  SnakesGame - Discovered game: 1 from /10.9.34.254:9190
2025-12-23 14:01:35.795 [] INFO  SnakesGame - Discovered game: 1 from /10.9.34.254:9190
2025-12-23 14:01:35.795 [] INFO  SnakesGame - Discovered game: 1 from /10.9.34.254:9190
2025-12-23 14:01:36.799 [pool-6-thread-3] INFO  SnakesGame - Sent multicast announcement to 239.192.0.4:9192 (139 bytes)
2025-12-23 14:01:36.800 [] INFO  SnakesGame - Discovered game: 1 from /10.9.34.254:9190
2025-12-23 14:01:36.800 [] INFO  SnakesGame - Discovered game: 1 from /10.9.34.254:9190
2025-12-23 14:01:36.800 [] INFO  SnakesGame - Discovered game: 1 from /10.9.34.254:9190
2025-12-23 14:01:37.799 [pool-6-thread-1] INFO  SnakesGame - Sent multicast announcement to 239.192.0.4:9192 (139 bytes)
2025-12-23 14:01:37.800 [] INFO  SnakesGame - Discovered game: 1 from /10.9.34.254:9190
2025-12-23 14:01:37.800 [] INFO  SnakesGame - Discovered game: 1 from /10.9.34.254:9190
2025-12-23 14:01:37.800 [] INFO  SnakesGame - Discovered game: 1 from /10.9.34.254:9190
2025-12-23 14:01:38.797 [pool-6-thread-2] INFO  SnakesGame - Sent multicast announcement to 239.192.0.4:9192 (139 bytes)
2025-12-23 14:01:38.797 [] INFO  SnakesGame - Discovered game: 1 from /10.9.34.254:9190
2025-12-23 14:01:38.797 [] INFO  SnakesGame - Discovered game: 1 from /10.9.34.254:9190
2025-12-23 14:01:38.797 [] INFO  SnakesGame - Discovered game: 1 from /10.9.34.254:9190
2025-12-23 14:01:39.799 [pool-6-thread-2] INFO  SnakesGame - Sent multicast announcement to 239.192.0.4:9192 (139 bytes)
2025-12-23 14:01:39.799 [] INFO  SnakesGame - Discovered game: 1 from /10.9.34.254:9190
2025-12-23 14:01:39.799 [] INFO  SnakesGame - Discovered game: 1 from /10.9.34.254:9190
2025-12-23 14:01:39.799 [] INFO  SnakesGame - Discovered game: 1 from /10.9.34.254:9190
2025-12-23 14:01:40.798 [pool-6-thread-2] INFO  SnakesGame - Sent multicast announcement to 239.192.0.4:9192 (139 bytes)
2025-12-23 14:01:40.799 [] INFO  SnakesGame - Discovered game: 1 from /10.9.34.254:9190
2025-12-23 14:01:40.799 [] INFO  SnakesGame - Discovered game: 1 from /10.9.34.254:9190
2025-12-23 14:01:40.799 [] INFO  SnakesGame - Discovered game: 1 from /10.9.34.254:9190
2025-12-23 14:01:41.798 [pool-6-thread-3] INFO  SnakesGame - Sent multicast announcement to 239.192.0.4:9192 (139 bytes)
2025-12-23 14:01:41.799 [] INFO  SnakesGame - Discovered game: 1 from /10.9.34.254:9190
2025-12-23 14:01:41.799 [] INFO  SnakesGame - Discovered game: 1 from /10.9.34.254:9190
2025-12-23 14:01:41.799 [] INFO  SnakesGame - Discovered game: 1 from /10.9.34.254:9190
2025-12-23 14:01:42.799 [pool-6-thread-3] INFO  SnakesGame - Sent multicast announcement to 239.192.0.4:9192 (139 bytes)
2025-12-23 14:01:42.799 [] INFO  SnakesGame - Discovered game: 1 from /10.9.34.254:9190
2025-12-23 14:01:42.799 [] INFO  SnakesGame - Discovered game: 1 from /10.9.34.254:9190
2025-12-23 14:01:42.799 [] INFO  SnakesGame - Discovered game: 1 from /10.9.34.254:9190
2025-12-23 14:01:43.794 [pool-6-thread-3] INFO  SnakesGame - Sent multicast announcement to 239.192.0.4:9192 (139 bytes)
2025-12-23 14:01:43.794 [] INFO  SnakesGame - Discovered game: 1 from /10.9.34.254:9190
2025-12-23 14:01:43.794 [] INFO  SnakesGame - Discovered game: 1 from /10.9.34.254:9190
2025-12-23 14:01:43.794 [] INFO  SnakesGame - Discovered game: 1 from /10.9.34.254:9190
2025-12-23 14:01:44.802 [pool-6-thread-2] INFO  SnakesGame - Sent multicast announcement to 239.192.0.4:9192 (139 bytes)
2025-12-23 14:01:44.802 [] INFO  SnakesGame - Discovered game: 1 from /10.9.34.254:9190
2025-12-23 14:01:44.802 [] INFO  SnakesGame - Discovered game: 1 from /10.9.34.254:9190
2025-12-23 14:01:44.802 [] INFO  SnakesGame - Discovered game: 1 from /10.9.34.254:9190
2025-12-23 14:01:45.797 [pool-6-thread-3] INFO  SnakesGame - Sent multicast announcement to 239.192.0.4:9192 (139 bytes)
2025-12-23 14:01:45.799 [] INFO  SnakesGame - Discovered game: 1 from /10.9.34.254:9190
2025-12-23 14:01:45.799 [] INFO  SnakesGame - Discovered game: 1 from /10.9.34.254:9190
2025-12-23 14:01:45.800 [] INFO  SnakesGame - Discovered game: 1 from /10.9.34.254:9190
2025-12-23 14:01:46.799 [pool-6-thread-3] INFO  SnakesGame - Sent multicast announcement to 239.192.0.4:9192 (139 bytes)
2025-12-23 14:01:46.799 [] INFO  SnakesGame - Discovered game: 1 from /10.9.34.254:9190
2025-12-23 14:01:46.799 [] INFO  SnakesGame - Discovered game: 1 from /10.9.34.254:9190
2025-12-23 14:01:46.799 [] INFO  SnakesGame - Discovered game: 1 from /10.9.34.254:9190
2025-12-23 14:01:47.799 [pool-6-thread-1] INFO  SnakesGame - Sent multicast announcement to 239.192.0.4:9192 (139 bytes)
2025-12-23 14:01:47.799 [] INFO  SnakesGame - Discovered game: 1 from /10.9.34.254:9190
2025-12-23 14:01:47.799 [] INFO  SnakesGame - Discovered game: 1 from /10.9.34.254:9190
2025-12-23 14:01:47.799 [] INFO  SnakesGame - Discovered game: 1 from /10.9.34.254:9190
2025-12-23 14:01:48.801 [pool-6-thread-2] INFO  SnakesGame - Sent multicast announcement to 239.192.0.4:9192 (139 bytes)
2025-12-23 14:01:48.802 [] INFO  SnakesGame - Discovered game: 1 from /10.9.34.254:9190
2025-12-23 14:01:48.802 [] INFO  SnakesGame - Discovered game: 1 from /10.9.34.254:9190
2025-12-23 14:01:48.802 [] INFO  SnakesGame - Discovered game: 1 from /10.9.34.254:9190
2025-12-23 14:01:49.115 [JavaFX Application Thread] INFO  SnakesGame - Starting Snakes Application
2025-12-23 14:01:49.798 [pool-6-thread-1] INFO  SnakesGame - Sent multicast announcement to 239.192.0.4:9192 (139 bytes)
2025-12-23 14:01:49.798 [] INFO  SnakesGame - Discovered game: 1 from /10.9.34.254:9190
2025-12-23 14:01:49.798 [] INFO  SnakesGame - Discovered game: 1 from /10.9.34.254:9190
2025-12-23 14:01:49.798 [] INFO  SnakesGame - Discovered game: 1 from /10.9.34.254:9190
2025-12-23 14:01:50.798 [pool-6-thread-3] INFO  SnakesGame - Sent multicast announcement to 239.192.0.4:9192 (139 bytes)
2025-12-23 14:01:50.798 [] INFO  SnakesGame - Discovered game: 1 from /10.9.34.254:9190
2025-12-23 14:01:50.798 [] INFO  SnakesGame - Discovered game: 1 from /10.9.34.254:9190
2025-12-23 14:01:50.798 [] INFO  SnakesGame - Discovered game: 1 from /10.9.34.254:9190
2025-12-23 14:01:51.794 [pool-6-thread-3] INFO  SnakesGame - Sent multicast announcement to 239.192.0.4:9192 (139 bytes)
2025-12-23 14:01:51.794 [] INFO  SnakesGame - Discovered game: 1 from /10.9.34.254:9190
2025-12-23 14:01:51.794 [] INFO  SnakesGame - Discovered game: 1 from /10.9.34.254:9190
2025-12-23 14:01:51.794 [] INFO  SnakesGame - Discovered game: 1 from /10.9.34.254:9190
2025-12-23 14:01:52.800 [pool-6-thread-3] INFO  SnakesGame - Sent multicast announcement to 239.192.0.4:9192 (139 bytes)
2025-12-23 14:01:52.800 [] INFO  SnakesGame - Discovered game: 1 from /10.9.34.254:9190
2025-12-23 14:01:52.800 [] INFO  SnakesGame - Discovered game: 1 from /10.9.34.254:9190
2025-12-23 14:01:52.800 [] INFO  SnakesGame - Discovered game: 1 from /10.9.34.254:9190
2025-12-23 14:01:53.796 [pool-6-thread-2] INFO  SnakesGame - Sent multicast announcement to 239.192.0.4:9192 (139 bytes)
2025-12-23 14:01:53.800 [] INFO  SnakesGame - Discovered game: 1 from /10.9.34.254:9190
2025-12-23 14:01:53.800 [] INFO  SnakesGame - Discovered game: 1 from /10.9.34.254:9190
2025-12-23 14:01:53.800 [] INFO  SnakesGame - Discovered game: 1 from /10.9.34.254:9190
2025-12-23 14:01:54.803 [pool-6-thread-2] INFO  SnakesGame - Sent multicast announcement to 239.192.0.4:9192 (139 bytes)
2025-12-23 14:01:54.803 [] INFO  SnakesGame - Discovered game: 1 from /10.9.34.254:9190
2025-12-23 14:01:54.803 [] INFO  SnakesGame - Discovered game: 1 from /10.9.34.254:9190
2025-12-23 14:01:54.803 [] INFO  SnakesGame - Discovered game: 1 from /10.9.34.254:9190
2025-12-23 14:01:55.799 [pool-6-thread-2] INFO  SnakesGame - Sent multicast announcement to 239.192.0.4:9192 (139 bytes)
2025-12-23 14:01:55.800 [] INFO  SnakesGame - Discovered game: 1 from /10.9.34.254:9190
2025-12-23 14:01:55.800 [] INFO  SnakesGame - Discovered game: 1 from /10.9.34.254:9190
2025-12-23 14:01:55.800 [] INFO  SnakesGame - Discovered game: 1 from /10.9.34.254:9190
2025-12-23 14:01:56.626 [JavaFX Application Thread] INFO  SnakesGame - Opening Lobby
2025-12-23 14:01:56.664 [JavaFX Application Thread] INFO  SnakesGame - Looking for suitable multicast interface...
2025-12-23 14:01:56.666 [JavaFX Application Thread] INFO  SnakesGame - Found suitable interface: en0 with IPv4: 10.9.34.254
2025-12-23 14:01:56.667 [JavaFX Application Thread] INFO  SnakesGame - Joined multicast group using interface: en0 (en0)
2025-12-23 14:01:56.667 [JavaFX Application Thread] INFO  SnakesGame - Set multicast send interface to: en0 (en0)
2025-12-23 14:01:56.668 [JavaFX Application Thread] INFO  SnakesGame - Multicast discovery started on 239.192.0.4:9192
2025-12-23 14:01:56.668 [] INFO  SnakesGame - Multicast listen loop started
2025-12-23 14:01:56.669 [JavaFX Application Thread] INFO  SnakesGame - Discovery service started
2025-12-23 14:01:56.669 [JavaFX Application Thread] INFO  SnakesGame - Discovery started in lobby
2025-12-23 14:01:56.797 [pool-6-thread-1] INFO  SnakesGame - Sent multicast announcement to 239.192.0.4:9192 (139 bytes)
2025-12-23 14:01:56.797 [] INFO  SnakesGame - Discovered game: 1 from /10.9.34.254:9190
2025-12-23 14:01:56.797 [] INFO  SnakesGame - Discovered game: 1 from /10.9.34.254:9190
2025-12-23 14:01:56.797 [] INFO  SnakesGame - Discovered game: 1 from /10.9.34.254:9190
2025-12-23 14:01:56.819 [] INFO  SnakesGame - Discovered new game: 1 at /10.9.34.254:9190
2025-12-23 14:01:56.819 [] INFO  SnakesGame - Discovered game: 1 from /10.9.34.254:9190
2025-12-23 14:01:56.835 [JavaFX Application Thread] INFO  SnakesGame - Game added to lobby: 1 at /10.9.34.254:9190
2025-12-23 14:01:57.798 [pool-6-thread-1] INFO  SnakesGame - Sent multicast announcement to 239.192.0.4:9192 (139 bytes)
2025-12-23 14:01:57.798 [] INFO  SnakesGame - Discovered game: 1 from /10.9.34.254:9190
2025-12-23 14:01:57.798 [] INFO  SnakesGame - Discovered game: 1 from /10.9.34.254:9190
2025-12-23 14:01:57.799 [] INFO  SnakesGame - Discovered game: 1 from /10.9.34.254:9190
2025-12-23 14:01:57.799 [] INFO  SnakesGame - Discovered game: 1 from /10.9.34.254:9190
2025-12-23 14:01:58.796 [pool-6-thread-1] INFO  SnakesGame - Sent multicast announcement to 239.192.0.4:9192 (139 bytes)
2025-12-23 14:01:58.796 [] INFO  SnakesGame - Discovered game: 1 from /10.9.34.254:9190
2025-12-23 14:01:58.796 [] INFO  SnakesGame - Discovered game: 1 from /10.9.34.254:9190
2025-12-23 14:01:58.796 [] INFO  SnakesGame - Discovered game: 1 from /10.9.34.254:9190
2025-12-23 14:01:58.796 [] INFO  SnakesGame - Discovered game: 1 from /10.9.34.254:9190
2025-12-23 14:01:59.798 [pool-6-thread-3] INFO  SnakesGame - Sent multicast announcement to 239.192.0.4:9192 (139 bytes)
2025-12-23 14:01:59.799 [] INFO  SnakesGame - Discovered game: 1 from /10.9.34.254:9190
2025-12-23 14:01:59.799 [] INFO  SnakesGame - Discovered game: 1 from /10.9.34.254:9190
2025-12-23 14:01:59.799 [] INFO  SnakesGame - Discovered game: 1 from /10.9.34.254:9190
2025-12-23 14:01:59.799 [] INFO  SnakesGame - Discovered game: 1 from /10.9.34.254:9190
2025-12-23 14:02:00.798 [pool-6-thread-3] INFO  SnakesGame - Sent multicast announcement to 239.192.0.4:9192 (139 bytes)
2025-12-23 14:02:00.798 [] INFO  SnakesGame - Discovered game: 1 from /10.9.34.254:9190
2025-12-23 14:02:00.798 [] INFO  SnakesGame - Discovered game: 1 from /10.9.34.254:9190
2025-12-23 14:02:00.798 [] INFO  SnakesGame - Discovered game: 1 from /10.9.34.254:9190
2025-12-23 14:02:00.798 [] INFO  SnakesGame - Discovered game: 1 from /10.9.34.254:9190
2025-12-23 14:02:01.446 [JavaFX Application Thread] INFO  SnakesGame - Connecting to master at /10.9.34.254:9190
2025-12-23 14:02:01.447 [JavaFX Application Thread] INFO  SnakesGame - Joining game: 1
2025-12-23 14:02:01.451 [JavaFX Application Thread] INFO  SnakesGame - UDP Transport started on port 59294
2025-12-23 14:02:01.451 [JavaFX Application Thread] INFO  SnakesGame - Looking for suitable multicast interface...
2025-12-23 14:02:01.452 [JavaFX Application Thread] INFO  SnakesGame - Found suitable interface: en0 with IPv4: 10.9.34.254
2025-12-23 14:02:01.452 [JavaFX Application Thread] INFO  SnakesGame - Joined multicast group using interface: en0 (en0)
2025-12-23 14:02:01.452 [JavaFX Application Thread] INFO  SnakesGame - Set multicast send interface to: en0 (en0)
2025-12-23 14:02:01.452 [JavaFX Application Thread] INFO  SnakesGame - Multicast discovery started on 239.192.0.4:9192
2025-12-23 14:02:01.452 [] INFO  SnakesGame - Multicast listen loop started
2025-12-23 14:02:01.453 [JavaFX Application Thread] INFO  SnakesGame - NetworkManager started successfully
2025-12-23 14:02:01.457 [JavaFX Application Thread] INFO  SnakesGame - NormalNode started, master at /10.9.34.254:9190
2025-12-23 14:02:01.457 [JavaFX Application Thread] INFO  SnakesGame - NORMAL node started for player 2345енгш
2025-12-23 14:02:01.462 [JavaFX Application Thread] INFO  SnakesGame - Join request sent to master at /10.9.34.254:9190
2025-12-23 14:02:01.462 [JavaFX Application Thread] INFO  SnakesGame - Client started, waiting for role assignment
2025-12-23 14:02:01.462 [JavaFX Application Thread] INFO  SnakesGame - Joined game: 1
2025-12-23 14:02:01.462 [] INFO  SnakesGame - Received JOIN request from /10.9.34.254:59294 (player: 2345енгш)
2025-12-23 14:02:01.463 [JavaFX Application Thread] INFO  SnakesGame - Found suitable interface: en0 with IPv4: 10.9.34.254
2025-12-23 14:02:01.463 [] INFO  SnakesGame - Created snake for player 2: head=Coord[x=3, y=3], tail=Coord[x=2, y=3], direction=RIGHT
2025-12-23 14:02:01.463 [] INFO  SnakesGame - Player 2345енгш joined the game with snake at Coord[x=4, y=3]
2025-12-23 14:02:01.463 [] INFO  SnakesGame - Player 2345енгш joined the game as NORMAL with ID 2
2025-12-23 14:02:01.463 [JavaFX Application Thread] INFO  SnakesGame - Multicast discovery stopped
2025-12-23 14:02:01.463 [JavaFX Application Thread] INFO  SnakesGame - Discovery service stopped
2025-12-23 14:02:01.463 [] INFO  SnakesGame - Sent role assignment to /10.9.34.254:59294: role=NORMAL, id=2
2025-12-23 14:02:01.464 [] INFO  SnakesGame - Multicast listen loop stopped
2025-12-23 14:02:01.466 [] INFO  SnakesGame - Assigned playerId 2 (was 0)
2025-12-23 14:02:01.466 [] INFO  SnakesGame - Role changed from NORMAL to NORMAL
2025-12-23 14:02:01.476 [JavaFX Application Thread] INFO  SnakesGame - GameController initialized
2025-12-23 14:02:01.477 [JavaFX Application Thread] INFO  SnakesGame - GameService connected to GameController
2025-12-23 14:02:01.798 [pool-6-thread-3] INFO  SnakesGame - Sent multicast announcement to 239.192.0.4:9192 (181 bytes)
2025-12-23 14:02:01.799 [] INFO  SnakesGame - Discovered game: 1 from /10.9.34.254:9190
2025-12-23 14:02:01.799 [] INFO  SnakesGame - Discovered game: 1 from /10.9.34.254:9190
2025-12-23 14:02:01.799 [] INFO  SnakesGame - Discovered game: 1 from /10.9.34.254:9190
2025-12-23 14:02:01.799 [] INFO  SnakesGame - Discovered game: 1 from /10.9.34.254:9190
2025-12-23 14:02:02.799 [pool-6-thread-2] INFO  SnakesGame - Sent multicast announcement to 239.192.0.4:9192 (181 bytes)
2025-12-23 14:02:02.799 [] INFO  SnakesGame - Discovered game: 1 from /10.9.34.254:9190
2025-12-23 14:02:02.799 [] INFO  SnakesGame - Discovered game: 1 from /10.9.34.254:9190
2025-12-23 14:02:02.799 [] INFO  SnakesGame - Discovered game: 1 from /10.9.34.254:9190
2025-12-23 14:02:02.800 [] INFO  SnakesGame - Discovered game: 1 from /10.9.34.254:9190
2025-12-23 14:02:03.799 [pool-6-thread-2] INFO  SnakesGame - Sent multicast announcement to 239.192.0.4:9192 (181 bytes)
2025-12-23 14:02:03.799 [] INFO  SnakesGame - Discovered game: 1 from /10.9.34.254:9190
2025-12-23 14:02:03.799 [] INFO  SnakesGame - Discovered game: 1 from /10.9.34.254:9190
2025-12-23 14:02:03.800 [] INFO  SnakesGame - Discovered game: 1 from /10.9.34.254:9190
2025-12-23 14:02:03.800 [] INFO  SnakesGame - Discovered game: 1 from /10.9.34.254:9190
2025-12-23 14:02:04.799 [pool-6-thread-2] INFO  SnakesGame - Sent multicast announcement to 239.192.0.4:9192 (181 bytes)
2025-12-23 14:02:04.800 [] INFO  SnakesGame - Discovered game: 1 from /10.9.34.254:9190
2025-12-23 14:02:04.800 [] INFO  SnakesGame - Discovered game: 1 from /10.9.34.254:9190
2025-12-23 14:02:04.800 [] INFO  SnakesGame - Discovered game: 1 from /10.9.34.254:9190
2025-12-23 14:02:04.800 [] INFO  SnakesGame - Discovered game: 1 from /10.9.34.254:9190
2025-12-23 14:02:05.797 [pool-6-thread-2] INFO  SnakesGame - Sent multicast announcement to 239.192.0.4:9192 (181 bytes)
2025-12-23 14:02:05.798 [] INFO  SnakesGame - Discovered game: 1 from /10.9.34.254:9190
2025-12-23 14:02:05.798 [] INFO  SnakesGame - Discovered game: 1 from /10.9.34.254:9190
2025-12-23 14:02:05.798 [] INFO  SnakesGame - Discovered game: 1 from /10.9.34.254:9190
2025-12-23 14:02:05.798 [] INFO  SnakesGame - Discovered game: 1 from /10.9.34.254:9190
2025-12-23 14:02:06.799 [pool-6-thread-2] INFO  SnakesGame - Sent multicast announcement to 239.192.0.4:9192 (181 bytes)
2025-12-23 14:02:06.799 [] INFO  SnakesGame - Discovered game: 1 from /10.9.34.254:9190
2025-12-23 14:02:06.799 [] INFO  SnakesGame - Discovered game: 1 from /10.9.34.254:9190
2025-12-23 14:02:06.799 [] INFO  SnakesGame - Discovered game: 1 from /10.9.34.254:9190
2025-12-23 14:02:06.799 [] INFO  SnakesGame - Discovered game: 1 from /10.9.34.254:9190
2025-12-23 14:02:07.799 [pool-6-thread-2] INFO  SnakesGame - Sent multicast announcement to 239.192.0.4:9192 (181 bytes)
2025-12-23 14:02:07.799 [] INFO  SnakesGame - Discovered game: 1 from /10.9.34.254:9190
2025-12-23 14:02:07.799 [] INFO  SnakesGame - Discovered game: 1 from /10.9.34.254:9190
2025-12-23 14:02:07.799 [] INFO  SnakesGame - Discovered game: 1 from /10.9.34.254:9190
2025-12-23 14:02:07.799 [] INFO  SnakesGame - Discovered game: 1 from /10.9.34.254:9190
2025-12-23 14:02:08.794 [pool-6-thread-1] INFO  SnakesGame - Sent multicast announcement to 239.192.0.4:9192 (181 bytes)
2025-12-23 14:02:08.795 [] INFO  SnakesGame - Discovered game: 1 from /10.9.34.254:9190
2025-12-23 14:02:08.795 [] INFO  SnakesGame - Discovered game: 1 from /10.9.34.254:9190
2025-12-23 14:02:08.795 [] INFO  SnakesGame - Discovered game: 1 from /10.9.34.254:9190
2025-12-23 14:02:08.795 [] INFO  SnakesGame - Discovered game: 1 from /10.9.34.254:9190
2025-12-23 14:02:09.799 [pool-6-thread-1] INFO  SnakesGame - Sent multicast announcement to 239.192.0.4:9192 (181 bytes)
2025-12-23 14:02:09.799 [] INFO  SnakesGame - Discovered game: 1 from /10.9.34.254:9190
2025-12-23 14:02:09.799 [] INFO  SnakesGame - Discovered game: 1 from /10.9.34.254:9190
2025-12-23 14:02:09.799 [] INFO  SnakesGame - Discovered game: 1 from /10.9.34.254:9190
2025-12-23 14:02:09.799 [] INFO  SnakesGame - Discovered game: 1 from /10.9.34.254:9190
2025-12-23 14:02:10.798 [pool-6-thread-1] INFO  SnakesGame - Sent multicast announcement to 239.192.0.4:9192 (181 bytes)
2025-12-23 14:02:10.799 [] INFO  SnakesGame - Discovered game: 1 from /10.9.34.254:9190
2025-12-23 14:02:10.799 [] INFO  SnakesGame - Discovered game: 1 from /10.9.34.254:9190
2025-12-23 14:02:10.799 [] INFO  SnakesGame - Discovered game: 1 from /10.9.34.254:9190
2025-12-23 14:02:10.799 [] INFO  SnakesGame - Discovered game: 1 from /10.9.34.254:9190
2025-12-23 14:02:11.799 [pool-6-thread-1] INFO  SnakesGame - Sent multicast announcement to 239.192.0.4:9192 (181 bytes)
2025-12-23 14:02:11.799 [] INFO  SnakesGame - Discovered game: 1 from /10.9.34.254:9190
2025-12-23 14:02:11.800 [] INFO  SnakesGame - Discovered game: 1 from /10.9.34.254:9190
2025-12-23 14:02:11.799 [] INFO  SnakesGame - Discovered game: 1 from /10.9.34.254:9190
2025-12-23 14:02:11.800 [] INFO  SnakesGame - Discovered game: 1 from /10.9.34.254:9190
2025-12-23 14:02:12.800 [pool-6-thread-3] INFO  SnakesGame - Sent multicast announcement to 239.192.0.4:9192 (181 bytes)
2025-12-23 14:02:12.802 [] INFO  SnakesGame - Discovered game: 1 from /10.9.34.254:9190
2025-12-23 14:02:12.803 [] INFO  SnakesGame - Discovered game: 1 from /10.9.34.254:9190
2025-12-23 14:02:12.803 [] INFO  SnakesGame - Discovered game: 1 from /10.9.34.254:9190
2025-12-23 14:02:12.803 [] INFO  SnakesGame - Discovered game: 1 from /10.9.34.254:9190
2025-12-23 14:02:13.801 [pool-6-thread-2] INFO  SnakesGame - Sent multicast announcement to 239.192.0.4:9192 (181 bytes)
2025-12-23 14:02:13.803 [] INFO  SnakesGame - Discovered game: 1 from /10.9.34.254:9190
2025-12-23 14:02:13.803 [] INFO  SnakesGame - Discovered game: 1 from /10.9.34.254:9190
2025-12-23 14:02:13.803 [] INFO  SnakesGame - Discovered game: 1 from /10.9.34.254:9190
2025-12-23 14:02:13.803 [] INFO  SnakesGame - Discovered game: 1 from /10.9.34.254:9190
2025-12-23 14:02:14.800 [pool-6-thread-2] INFO  SnakesGame - Sent multicast announcement to 239.192.0.4:9192 (181 bytes)
2025-12-23 14:02:14.800 [] INFO  SnakesGame - Discovered game: 1 from /10.9.34.254:9190
2025-12-23 14:02:14.800 [] INFO  SnakesGame - Discovered game: 1 from /10.9.34.254:9190
2025-12-23 14:02:14.800 [] INFO  SnakesGame - Discovered game: 1 from /10.9.34.254:9190
2025-12-23 14:02:14.801 [] INFO  SnakesGame - Discovered game: 1 from /10.9.34.254:9190
2025-12-23 14:02:15.797 [pool-6-thread-2] INFO  SnakesGame - Sent multicast announcement to 239.192.0.4:9192 (181 bytes)
2025-12-23 14:02:15.797 [] INFO  SnakesGame - Discovered game: 1 from /10.9.34.254:9190
2025-12-23 14:02:15.797 [] INFO  SnakesGame - Discovered game: 1 from /10.9.34.254:9190
2025-12-23 14:02:15.797 [] INFO  SnakesGame - Discovered game: 1 from /10.9.34.254:9190
2025-12-23 14:02:15.797 [] INFO  SnakesGame - Discovered game: 1 from /10.9.34.254:9190
2025-12-23 14:02:16.799 [pool-6-thread-1] INFO  SnakesGame - Sent multicast announcement to 239.192.0.4:9192 (181 bytes)
2025-12-23 14:02:16.800 [] INFO  SnakesGame - Discovered game: 1 from /10.9.34.254:9190
2025-12-23 14:02:16.800 [] INFO  SnakesGame - Discovered game: 1 from /10.9.34.254:9190
2025-12-23 14:02:16.800 [] INFO  SnakesGame - Discovered game: 1 from /10.9.34.254:9190
2025-12-23 14:02:16.800 [] INFO  SnakesGame - Discovered game: 1 from /10.9.34.254:9190
2025-12-23 14:02:17.798 [pool-6-thread-2] INFO  SnakesGame - Sent multicast announcement to 239.192.0.4:9192 (181 bytes)
2025-12-23 14:02:17.798 [] INFO  SnakesGame - Discovered game: 1 from /10.9.34.254:9190
2025-12-23 14:02:17.798 [] INFO  SnakesGame - Discovered game: 1 from /10.9.34.254:9190
2025-12-23 14:02:17.798 [] INFO  SnakesGame - Discovered game: 1 from /10.9.34.254:9190
2025-12-23 14:02:17.798 [] INFO  SnakesGame - Discovered game: 1 from /10.9.34.254:9190
2025-12-23 14:02:18.798 [pool-6-thread-2] INFO  SnakesGame - Sent multicast announcement to 239.192.0.4:9192 (181 bytes)
2025-12-23 14:02:18.798 [] INFO  SnakesGame - Discovered game: 1 from /10.9.34.254:9190
2025-12-23 14:02:18.798 [] INFO  SnakesGame - Discovered game: 1 from /10.9.34.254:9190
2025-12-23 14:02:18.798 [] INFO  SnakesGame - Discovered game: 1 from /10.9.34.254:9190
2025-12-23 14:02:18.798 [] INFO  SnakesGame - Discovered game: 1 from /10.9.34.254:9190
2025-12-23 14:02:19.795 [pool-6-thread-2] INFO  SnakesGame - Sent multicast announcement to 239.192.0.4:9192 (181 bytes)
2025-12-23 14:02:19.796 [] INFO  SnakesGame - Discovered game: 1 from /10.9.34.254:9190
2025-12-23 14:02:19.796 [] INFO  SnakesGame - Discovered game: 1 from /10.9.34.254:9190
2025-12-23 14:02:19.796 [] INFO  SnakesGame - Discovered game: 1 from /10.9.34.254:9190
2025-12-23 14:02:19.796 [] INFO  SnakesGame - Discovered game: 1 from /10.9.34.254:9190
2025-12-23 14:02:20.798 [pool-6-thread-1] INFO  SnakesGame - Sent multicast announcement to 239.192.0.4:9192 (181 bytes)
2025-12-23 14:02:20.798 [] INFO  SnakesGame - Discovered game: 1 from /10.9.34.254:9190
2025-12-23 14:02:20.798 [] INFO  SnakesGame - Discovered game: 1 from /10.9.34.254:9190
2025-12-23 14:02:20.798 [] INFO  SnakesGame - Discovered game: 1 from /10.9.34.254:9190
2025-12-23 14:02:20.798 [] INFO  SnakesGame - Discovered game: 1 from /10.9.34.254:9190
2025-12-23 14:02:21.794 [pool-6-thread-1] INFO  SnakesGame - Sent multicast announcement to 239.192.0.4:9192 (181 bytes)
2025-12-23 14:02:21.795 [] INFO  SnakesGame - Discovered game: 1 from /10.9.34.254:9190
2025-12-23 14:02:21.795 [] INFO  SnakesGame - Discovered game: 1 from /10.9.34.254:9190
2025-12-23 14:02:21.795 [] INFO  SnakesGame - Discovered game: 1 from /10.9.34.254:9190
2025-12-23 14:02:21.795 [] INFO  SnakesGame - Discovered game: 1 from /10.9.34.254:9190
2025-12-23 14:02:22.801 [pool-6-thread-1] INFO  SnakesGame - Sent multicast announcement to 239.192.0.4:9192 (181 bytes)
2025-12-23 14:02:22.801 [] INFO  SnakesGame - Discovered game: 1 from /10.9.34.254:9190
2025-12-23 14:02:22.801 [] INFO  SnakesGame - Discovered game: 1 from /10.9.34.254:9190
2025-12-23 14:02:22.801 [] INFO  SnakesGame - Discovered game: 1 from /10.9.34.254:9190
2025-12-23 14:02:22.801 [] INFO  SnakesGame - Discovered game: 1 from /10.9.34.254:9190
2025-12-23 14:02:23.800 [pool-6-thread-3] INFO  SnakesGame - Sent multicast announcement to 239.192.0.4:9192 (181 bytes)
2025-12-23 14:02:23.801 [] INFO  SnakesGame - Discovered game: 1 from /10.9.34.254:9190
2025-12-23 14:02:23.801 [] INFO  SnakesGame - Discovered game: 1 from /10.9.34.254:9190
2025-12-23 14:02:23.801 [] INFO  SnakesGame - Discovered game: 1 from /10.9.34.254:9190
2025-12-23 14:02:23.801 [] INFO  SnakesGame - Discovered game: 1 from /10.9.34.254:9190
2025-12-23 14:02:24.796 [pool-6-thread-3] INFO  SnakesGame - Sent multicast announcement to 239.192.0.4:9192 (181 bytes)
2025-12-23 14:02:24.797 [] INFO  SnakesGame - Discovered game: 1 from /10.9.34.254:9190
2025-12-23 14:02:24.797 [] INFO  SnakesGame - Discovered game: 1 from /10.9.34.254:9190
2025-12-23 14:02:24.797 [] INFO  SnakesGame - Discovered game: 1 from /10.9.34.254:9190
2025-12-23 14:02:24.797 [] INFO  SnakesGame - Discovered game: 1 from /10.9.34.254:9190
2025-12-23 14:02:25.797 [pool-6-thread-3] INFO  SnakesGame - Sent multicast announcement to 239.192.0.4:9192 (181 bytes)
2025-12-23 14:02:25.798 [] INFO  SnakesGame - Discovered game: 1 from /10.9.34.254:9190
2025-12-23 14:02:25.798 [] INFO  SnakesGame - Discovered game: 1 from /10.9.34.254:9190
2025-12-23 14:02:25.798 [] INFO  SnakesGame - Discovered game: 1 from /10.9.34.254:9190
2025-12-23 14:02:25.798 [] INFO  SnakesGame - Discovered game: 1 from /10.9.34.254:9190
2025-12-23 14:02:25.899 [JavaFX Application Thread] INFO  SnakesGame - Starting Snakes Application
2025-12-23 14:02:26.798 [pool-6-thread-2] INFO  SnakesGame - Sent multicast announcement to 239.192.0.4:9192 (181 bytes)
2025-12-23 14:02:26.799 [] INFO  SnakesGame - Discovered game: 1 from /10.9.34.254:9190
2025-12-23 14:02:26.799 [] INFO  SnakesGame - Discovered game: 1 from /10.9.34.254:9190
2025-12-23 14:02:26.799 [] INFO  SnakesGame - Discovered game: 1 from /10.9.34.254:9190
2025-12-23 14:02:26.799 [] INFO  SnakesGame - Discovered game: 1 from /10.9.34.254:9190
2025-12-23 14:02:27.074 [JavaFX Application Thread] INFO  SnakesGame - Opening Lobby
2025-12-23 14:02:27.110 [JavaFX Application Thread] INFO  SnakesGame - Looking for suitable multicast interface...
2025-12-23 14:02:27.111 [JavaFX Application Thread] INFO  SnakesGame - Found suitable interface: en0 with IPv4: 10.9.34.254
2025-12-23 14:02:27.112 [JavaFX Application Thread] INFO  SnakesGame - Joined multicast group using interface: en0 (en0)
2025-12-23 14:02:27.112 [JavaFX Application Thread] INFO  SnakesGame - Set multicast send interface to: en0 (en0)
2025-12-23 14:02:27.113 [JavaFX Application Thread] INFO  SnakesGame - Multicast discovery started on 239.192.0.4:9192
2025-12-23 14:02:27.113 [] INFO  SnakesGame - Multicast listen loop started
2025-12-23 14:02:27.114 [JavaFX Application Thread] INFO  SnakesGame - Discovery service started
2025-12-23 14:02:27.114 [JavaFX Application Thread] INFO  SnakesGame - Discovery started in lobby
2025-12-23 14:02:27.798 [pool-6-thread-2] INFO  SnakesGame - Sent multicast announcement to 239.192.0.4:9192 (181 bytes)
2025-12-23 14:02:27.798 [] INFO  SnakesGame - Discovered game: 1 from /10.9.34.254:9190
2025-12-23 14:02:27.798 [] INFO  SnakesGame - Discovered game: 1 from /10.9.34.254:9190
2025-12-23 14:02:27.798 [] INFO  SnakesGame - Discovered game: 1 from /10.9.34.254:9190
2025-12-23 14:02:27.798 [] INFO  SnakesGame - Discovered game: 1 from /10.9.34.254:9190
2025-12-23 14:02:27.832 [] INFO  SnakesGame - Discovered new game: 1 at /10.9.34.254:9190
2025-12-23 14:02:27.832 [] INFO  SnakesGame - Discovered game: 1 from /10.9.34.254:9190
2025-12-23 14:02:27.833 [JavaFX Application Thread] INFO  SnakesGame - Game added to lobby: 1 at /10.9.34.254:9190
2025-12-23 14:02:28.798 [pool-6-thread-2] INFO  SnakesGame - Sent multicast announcement to 239.192.0.4:9192 (181 bytes)
2025-12-23 14:02:28.799 [] INFO  SnakesGame - Discovered game: 1 from /10.9.34.254:9190
2025-12-23 14:02:28.799 [] INFO  SnakesGame - Discovered game: 1 from /10.9.34.254:9190
2025-12-23 14:02:28.799 [] INFO  SnakesGame - Discovered game: 1 from /10.9.34.254:9190
2025-12-23 14:02:28.799 [] INFO  SnakesGame - Discovered game: 1 from /10.9.34.254:9190
2025-12-23 14:02:28.799 [] INFO  SnakesGame - Discovered game: 1 from /10.9.34.254:9190
2025-12-23 14:02:29.800 [pool-6-thread-1] INFO  SnakesGame - Sent multicast announcement to 239.192.0.4:9192 (181 bytes)
2025-12-23 14:02:29.801 [] INFO  SnakesGame - Discovered game: 1 from /10.9.34.254:9190
2025-12-23 14:02:29.801 [] INFO  SnakesGame - Discovered game: 1 from /10.9.34.254:9190
2025-12-23 14:02:29.801 [] INFO  SnakesGame - Discovered game: 1 from /10.9.34.254:9190
2025-12-23 14:02:29.801 [] INFO  SnakesGame - Discovered game: 1 from /10.9.34.254:9190
2025-12-23 14:02:29.802 [] INFO  SnakesGame - Discovered game: 1 from /10.9.34.254:9190
2025-12-23 14:02:30.795 [pool-6-thread-2] INFO  SnakesGame - Sent multicast announcement to 239.192.0.4:9192 (181 bytes)
2025-12-23 14:02:30.795 [] INFO  SnakesGame - Discovered game: 1 from /10.9.34.254:9190
2025-12-23 14:02:30.795 [] INFO  SnakesGame - Discovered game: 1 from /10.9.34.254:9190
2025-12-23 14:02:30.795 [] INFO  SnakesGame - Discovered game: 1 from /10.9.34.254:9190
2025-12-23 14:02:30.795 [] INFO  SnakesGame - Discovered game: 1 from /10.9.34.254:9190
2025-12-23 14:02:30.795 [] INFO  SnakesGame - Discovered game: 1 from /10.9.34.254:9190
2025-12-23 14:02:31.798 [pool-6-thread-2] INFO  SnakesGame - Sent multicast announcement to 239.192.0.4:9192 (181 bytes)
2025-12-23 14:02:31.799 [] INFO  SnakesGame - Discovered game: 1 from /10.9.34.254:9190
2025-12-23 14:02:31.799 [] INFO  SnakesGame - Discovered game: 1 from /10.9.34.254:9190
2025-12-23 14:02:31.799 [] INFO  SnakesGame - Discovered game: 1 from /10.9.34.254:9190
2025-12-23 14:02:31.799 [] INFO  SnakesGame - Discovered game: 1 from /10.9.34.254:9190
2025-12-23 14:02:31.799 [] INFO  SnakesGame - Discovered game: 1 from /10.9.34.254:9190
2025-12-23 14:02:32.689 [JavaFX Application Thread] INFO  SnakesGame - Connecting to master at /10.9.34.254:9190
2025-12-23 14:02:32.691 [JavaFX Application Thread] INFO  SnakesGame - Joining game: 1
2025-12-23 14:02:32.695 [JavaFX Application Thread] INFO  SnakesGame - UDP Transport started on port 62632
2025-12-23 14:02:32.696 [JavaFX Application Thread] INFO  SnakesGame - Looking for suitable multicast interface...
2025-12-23 14:02:32.696 [JavaFX Application Thread] INFO  SnakesGame - Found suitable interface: en0 with IPv4: 10.9.34.254
2025-12-23 14:02:32.696 [JavaFX Application Thread] INFO  SnakesGame - Joined multicast group using interface: en0 (en0)
2025-12-23 14:02:32.697 [JavaFX Application Thread] INFO  SnakesGame - Set multicast send interface to: en0 (en0)
2025-12-23 14:02:32.697 [JavaFX Application Thread] INFO  SnakesGame - Multicast discovery started on 239.192.0.4:9192
2025-12-23 14:02:32.697 [] INFO  SnakesGame - Multicast listen loop started
2025-12-23 14:02:32.697 [JavaFX Application Thread] INFO  SnakesGame - NetworkManager started successfully
2025-12-23 14:02:32.701 [JavaFX Application Thread] INFO  SnakesGame - NormalNode started, master at /10.9.34.254:9190
2025-12-23 14:02:32.701 [JavaFX Application Thread] INFO  SnakesGame - NORMAL node started for player 23456787654321
2025-12-23 14:02:32.707 [JavaFX Application Thread] INFO  SnakesGame - Join request sent to master at /10.9.34.254:9190
2025-12-23 14:02:32.707 [JavaFX Application Thread] INFO  SnakesGame - Client started, waiting for role assignment
2025-12-23 14:02:32.707 [JavaFX Application Thread] INFO  SnakesGame - Joined game: 1
2025-12-23 14:02:32.708 [] INFO  SnakesGame - Received JOIN request from /10.9.34.254:62632 (player: 23456787654321)
2025-12-23 14:02:32.708 [] INFO  SnakesGame - Created snake for player 3: head=Coord[x=2, y=1], tail=Coord[x=3, y=1], direction=LEFT
2025-12-23 14:02:32.708 [] INFO  SnakesGame - Player 23456787654321 joined the game with snake at Coord[x=1, y=1]
2025-12-23 14:02:32.708 [] INFO  SnakesGame - Player 23456787654321 joined the game as NORMAL with ID 3
2025-12-23 14:02:32.708 [] INFO  SnakesGame - Sent role assignment to /10.9.34.254:62632: role=NORMAL, id=3
2025-12-23 14:02:32.708 [JavaFX Application Thread] INFO  SnakesGame - Found suitable interface: en0 with IPv4: 10.9.34.254
2025-12-23 14:02:32.709 [JavaFX Application Thread] INFO  SnakesGame - Multicast discovery stopped
2025-12-23 14:02:32.709 [JavaFX Application Thread] INFO  SnakesGame - Discovery service stopped
2025-12-23 14:02:32.710 [] INFO  SnakesGame - Multicast listen loop stopped
2025-12-23 14:02:32.710 [] INFO  SnakesGame - Assigned playerId 3 (was 0)
2025-12-23 14:02:32.710 [] INFO  SnakesGame - Role changed from NORMAL to NORMAL
2025-12-23 14:02:32.722 [JavaFX Application Thread] INFO  SnakesGame - GameController initialized
2025-12-23 14:02:32.723 [JavaFX Application Thread] INFO  SnakesGame - GameService connected to GameController
2025-12-23 14:02:32.797 [pool-6-thread-3] INFO  SnakesGame - Sent multicast announcement to 239.192.0.4:9192 (224 bytes)
2025-12-23 14:02:32.797 [] INFO  SnakesGame - Discovered game: 1 from /10.9.34.254:9190
2025-12-23 14:02:32.797 [] INFO  SnakesGame - Discovered game: 1 from /10.9.34.254:9190
2025-12-23 14:02:32.797 [] INFO  SnakesGame - Discovered game: 1 from /10.9.34.254:9190
2025-12-23 14:02:32.797 [] INFO  SnakesGame - Discovered game: 1 from /10.9.34.254:9190
2025-12-23 14:02:32.797 [] INFO  SnakesGame - Discovered game: 1 from /10.9.34.254:9190
2025-12-23 14:02:33.798 [pool-6-thread-3] INFO  SnakesGame - Sent multicast announcement to 239.192.0.4:9192 (224 bytes)
2025-12-23 14:02:33.798 [] INFO  SnakesGame - Discovered game: 1 from /10.9.34.254:9190
2025-12-23 14:02:33.799 [] INFO  SnakesGame - Discovered game: 1 from /10.9.34.254:9190
2025-12-23 14:02:33.799 [] INFO  SnakesGame - Discovered game: 1 from /10.9.34.254:9190
2025-12-23 14:02:33.799 [] INFO  SnakesGame - Discovered game: 1 from /10.9.34.254:9190
2025-12-23 14:02:33.799 [] INFO  SnakesGame - Discovered game: 1 from /10.9.34.254:9190
2025-12-23 14:02:34.798 [pool-6-thread-3] INFO  SnakesGame - Sent multicast announcement to 239.192.0.4:9192 (224 bytes)
2025-12-23 14:02:34.798 [] INFO  SnakesGame - Discovered game: 1 from /10.9.34.254:9190
2025-12-23 14:02:34.798 [] INFO  SnakesGame - Discovered game: 1 from /10.9.34.254:9190
2025-12-23 14:02:34.798 [] INFO  SnakesGame - Discovered game: 1 from /10.9.34.254:9190
2025-12-23 14:02:34.799 [] INFO  SnakesGame - Discovered game: 1 from /10.9.34.254:9190
2025-12-23 14:02:34.799 [] INFO  SnakesGame - Discovered game: 1 from /10.9.34.254:9190
2025-12-23 14:02:35.794 [pool-6-thread-3] INFO  SnakesGame - Sent multicast announcement to 239.192.0.4:9192 (224 bytes)
2025-12-23 14:02:35.795 [] INFO  SnakesGame - Discovered game: 1 from /10.9.34.254:9190
2025-12-23 14:02:35.795 [] INFO  SnakesGame - Discovered game: 1 from /10.9.34.254:9190
2025-12-23 14:02:35.795 [] INFO  SnakesGame - Discovered game: 1 from /10.9.34.254:9190
2025-12-23 14:02:35.795 [] INFO  SnakesGame - Discovered game: 1 from /10.9.34.254:9190
2025-12-23 14:02:35.795 [] INFO  SnakesGame - Discovered game: 1 from /10.9.34.254:9190
2025-12-23 14:02:36.797 [pool-6-thread-3] INFO  SnakesGame - Sent multicast announcement to 239.192.0.4:9192 (224 bytes)
2025-12-23 14:02:36.798 [] INFO  SnakesGame - Discovered game: 1 from /10.9.34.254:9190
2025-12-23 14:02:36.798 [] INFO  SnakesGame - Discovered game: 1 from /10.9.34.254:9190
2025-12-23 14:02:36.798 [] INFO  SnakesGame - Discovered game: 1 from /10.9.34.254:9190
2025-12-23 14:02:36.798 [] INFO  SnakesGame - Discovered game: 1 from /10.9.34.254:9190
2025-12-23 14:02:36.798 [] INFO  SnakesGame - Discovered game: 1 from /10.9.34.254:9190
2025-12-23 14:02:37.798 [pool-6-thread-3] INFO  SnakesGame - Sent multicast announcement to 239.192.0.4:9192 (224 bytes)
2025-12-23 14:02:37.798 [] INFO  SnakesGame - Discovered game: 1 from /10.9.34.254:9190
2025-12-23 14:02:37.798 [] INFO  SnakesGame - Discovered game: 1 from /10.9.34.254:9190
2025-12-23 14:02:37.798 [] INFO  SnakesGame - Discovered game: 1 from /10.9.34.254:9190
2025-12-23 14:02:37.799 [] INFO  SnakesGame - Discovered game: 1 from /10.9.34.254:9190
2025-12-23 14:02:37.798 [] INFO  SnakesGame - Discovered game: 1 from /10.9.34.254:9190
2025-12-23 14:02:38.798 [pool-6-thread-1] INFO  SnakesGame - Sent multicast announcement to 239.192.0.4:9192 (224 bytes)
2025-12-23 14:02:38.798 [] INFO  SnakesGame - Discovered game: 1 from /10.9.34.254:9190
2025-12-23 14:02:38.798 [] INFO  SnakesGame - Discovered game: 1 from /10.9.34.254:9190
2025-12-23 14:02:38.799 [] INFO  SnakesGame - Discovered game: 1 from /10.9.34.254:9190
2025-12-23 14:02:38.799 [] INFO  SnakesGame - Discovered game: 1 from /10.9.34.254:9190
2025-12-23 14:02:38.799 [] INFO  SnakesGame - Discovered game: 1 from /10.9.34.254:9190
2025-12-23 14:02:39.798 [pool-6-thread-1] INFO  SnakesGame - Sent multicast announcement to 239.192.0.4:9192 (224 bytes)
2025-12-23 14:02:39.798 [] INFO  SnakesGame - Discovered game: 1 from /10.9.34.254:9190
2025-12-23 14:02:39.798 [] INFO  SnakesGame - Discovered game: 1 from /10.9.34.254:9190
2025-12-23 14:02:39.798 [] INFO  SnakesGame - Discovered game: 1 from /10.9.34.254:9190
2025-12-23 14:02:39.798 [] INFO  SnakesGame - Discovered game: 1 from /10.9.34.254:9190
2025-12-23 14:02:39.798 [] INFO  SnakesGame - Discovered game: 1 from /10.9.34.254:9190
2025-12-23 14:02:40.798 [pool-6-thread-3] INFO  SnakesGame - Sent multicast announcement to 239.192.0.4:9192 (224 bytes)
2025-12-23 14:02:40.798 [] INFO  SnakesGame - Discovered game: 1 from /10.9.34.254:9190
2025-12-23 14:02:40.798 [] INFO  SnakesGame - Discovered game: 1 from /10.9.34.254:9190
2025-12-23 14:02:40.799 [] INFO  SnakesGame - Discovered game: 1 from /10.9.34.254:9190
2025-12-23 14:02:40.799 [] INFO  SnakesGame - Discovered game: 1 from /10.9.34.254:9190
2025-12-23 14:02:40.799 [] INFO  SnakesGame - Discovered game: 1 from /10.9.34.254:9190
2025-12-23 14:02:41.797 [pool-6-thread-2] INFO  SnakesGame - Sent multicast announcement to 239.192.0.4:9192 (224 bytes)
2025-12-23 14:02:41.798 [] INFO  SnakesGame - Discovered game: 1 from /10.9.34.254:9190
2025-12-23 14:02:41.798 [] INFO  SnakesGame - Discovered game: 1 from /10.9.34.254:9190
2025-12-23 14:02:41.798 [] INFO  SnakesGame - Discovered game: 1 from /10.9.34.254:9190
2025-12-23 14:02:41.798 [] INFO  SnakesGame - Discovered game: 1 from /10.9.34.254:9190
2025-12-23 14:02:41.798 [] INFO  SnakesGame - Discovered game: 1 from /10.9.34.254:9190
2025-12-23 14:02:42.794 [pool-6-thread-2] INFO  SnakesGame - Sent multicast announcement to 239.192.0.4:9192 (224 bytes)
2025-12-23 14:02:42.794 [] INFO  SnakesGame - Discovered game: 1 from /10.9.34.254:9190
2025-12-23 14:02:42.794 [] INFO  SnakesGame - Discovered game: 1 from /10.9.34.254:9190
2025-12-23 14:02:42.794 [] INFO  SnakesGame - Discovered game: 1 from /10.9.34.254:9190
2025-12-23 14:02:42.794 [] INFO  SnakesGame - Discovered game: 1 from /10.9.34.254:9190
2025-12-23 14:02:42.794 [] INFO  SnakesGame - Discovered game: 1 from /10.9.34.254:9190
2025-12-23 14:02:43.798 [pool-6-thread-3] INFO  SnakesGame - Sent multicast announcement to 239.192.0.4:9192 (224 bytes)
2025-12-23 14:02:43.798 [] INFO  SnakesGame - Discovered game: 1 from /10.9.34.254:9190
2025-12-23 14:02:43.798 [] INFO  SnakesGame - Discovered game: 1 from /10.9.34.254:9190
2025-12-23 14:02:43.798 [] INFO  SnakesGame - Discovered game: 1 from /10.9.34.254:9190
2025-12-23 14:02:43.798 [] INFO  SnakesGame - Discovered game: 1 from /10.9.34.254:9190
2025-12-23 14:02:43.798 [] INFO  SnakesGame - Discovered game: 1 from /10.9.34.254:9190
2025-12-23 14:02:44.798 [pool-6-thread-2] INFO  SnakesGame - Sent multicast announcement to 239.192.0.4:9192 (224 bytes)
2025-12-23 14:02:44.798 [] INFO  SnakesGame - Discovered game: 1 from /10.9.34.254:9190
2025-12-23 14:02:44.798 [] INFO  SnakesGame - Discovered game: 1 from /10.9.34.254:9190
2025-12-23 14:02:44.799 [] INFO  SnakesGame - Discovered game: 1 from /10.9.34.254:9190
2025-12-23 14:02:44.799 [] INFO  SnakesGame - Discovered game: 1 from /10.9.34.254:9190
2025-12-23 14:02:44.799 [] INFO  SnakesGame - Discovered game: 1 from /10.9.34.254:9190
2025-12-23 14:02:45.794 [pool-6-thread-2] INFO  SnakesGame - Sent multicast announcement to 239.192.0.4:9192 (224 bytes)
2025-12-23 14:02:45.795 [] INFO  SnakesGame - Discovered game: 1 from /10.9.34.254:9190
2025-12-23 14:02:45.795 [] INFO  SnakesGame - Discovered game: 1 from /10.9.34.254:9190
2025-12-23 14:02:45.795 [] INFO  SnakesGame - Discovered game: 1 from /10.9.34.254:9190
2025-12-23 14:02:45.795 [] INFO  SnakesGame - Discovered game: 1 from /10.9.34.254:9190
2025-12-23 14:02:45.795 [] INFO  SnakesGame - Discovered game: 1 from /10.9.34.254:9190
2025-12-23 14:02:46.798 [pool-6-thread-2] INFO  SnakesGame - Sent multicast announcement to 239.192.0.4:9192 (224 bytes)
2025-12-23 14:02:46.798 [] INFO  SnakesGame - Discovered game: 1 from /10.9.34.254:9190
2025-12-23 14:02:46.798 [] INFO  SnakesGame - Discovered game: 1 from /10.9.34.254:9190
2025-12-23 14:02:46.798 [] INFO  SnakesGame - Discovered game: 1 from /10.9.34.254:9190
2025-12-23 14:02:46.798 [] INFO  SnakesGame - Discovered game: 1 from /10.9.34.254:9190
2025-12-23 14:02:46.798 [] INFO  SnakesGame - Discovered game: 1 from /10.9.34.254:9190
2025-12-23 14:02:47.797 [pool-6-thread-2] INFO  SnakesGame - Sent multicast announcement to 239.192.0.4:9192 (224 bytes)
2025-12-23 14:02:47.797 [] INFO  SnakesGame - Discovered game: 1 from /10.9.34.254:9190
2025-12-23 14:02:47.797 [] INFO  SnakesGame - Discovered game: 1 from /10.9.34.254:9190
2025-12-23 14:02:47.798 [] INFO  SnakesGame - Discovered game: 1 from /10.9.34.254:9190
2025-12-23 14:02:47.798 [] INFO  SnakesGame - Discovered game: 1 from /10.9.34.254:9190
2025-12-23 14:02:47.798 [] INFO  SnakesGame - Discovered game: 1 from /10.9.34.254:9190
2025-12-23 14:02:48.794 [pool-6-thread-2] INFO  SnakesGame - Sent multicast announcement to 239.192.0.4:9192 (224 bytes)
2025-12-23 14:02:48.795 [] INFO  SnakesGame - Discovered game: 1 from /10.9.34.254:9190
2025-12-23 14:02:48.795 [] INFO  SnakesGame - Discovered game: 1 from /10.9.34.254:9190
2025-12-23 14:02:48.795 [] INFO  SnakesGame - Discovered game: 1 from /10.9.34.254:9190
2025-12-23 14:02:48.795 [] INFO  SnakesGame - Discovered game: 1 from /10.9.34.254:9190
2025-12-23 14:02:48.795 [] INFO  SnakesGame - Discovered game: 1 from /10.9.34.254:9190
2025-12-23 14:02:49.794 [pool-6-thread-3] INFO  SnakesGame - Sent multicast announcement to 239.192.0.4:9192 (224 bytes)
2025-12-23 14:02:49.795 [] INFO  SnakesGame - Discovered game: 1 from /10.9.34.254:9190
2025-12-23 14:02:49.796 [] INFO  SnakesGame - Discovered game: 1 from /10.9.34.254:9190
2025-12-23 14:02:49.795 [] INFO  SnakesGame - Discovered game: 1 from /10.9.34.254:9190
2025-12-23 14:02:49.796 [] INFO  SnakesGame - Discovered game: 1 from /10.9.34.254:9190
2025-12-23 14:02:49.796 [] INFO  SnakesGame - Discovered game: 1 from /10.9.34.254:9190
2025-12-23 14:02:50.795 [pool-6-thread-3] INFO  SnakesGame - Sent multicast announcement to 239.192.0.4:9192 (224 bytes)
2025-12-23 14:02:50.795 [] INFO  SnakesGame - Discovered game: 1 from /10.9.34.254:9190
2025-12-23 14:02:50.795 [] INFO  SnakesGame - Discovered game: 1 from /10.9.34.254:9190
2025-12-23 14:02:50.796 [] INFO  SnakesGame - Discovered game: 1 from /10.9.34.254:9190
2025-12-23 14:02:50.796 [] INFO  SnakesGame - Discovered game: 1 from /10.9.34.254:9190
2025-12-23 14:02:50.796 [] INFO  SnakesGame - Discovered game: 1 from /10.9.34.254:9190
2025-12-23 14:02:51.794 [pool-6-thread-1] INFO  SnakesGame - Sent multicast announcement to 239.192.0.4:9192 (224 bytes)
2025-12-23 14:02:51.795 [] INFO  SnakesGame - Discovered game: 1 from /10.9.34.254:9190
2025-12-23 14:02:51.795 [] INFO  SnakesGame - Discovered game: 1 from /10.9.34.254:9190
2025-12-23 14:02:51.795 [] INFO  SnakesGame - Discovered game: 1 from /10.9.34.254:9190
2025-12-23 14:02:51.795 [] INFO  SnakesGame - Discovered game: 1 from /10.9.34.254:9190
2025-12-23 14:02:51.795 [] INFO  SnakesGame - Discovered game: 1 from /10.9.34.254:9190
2025-12-23 14:02:52.797 [pool-6-thread-1] INFO  SnakesGame - Sent multicast announcement to 239.192.0.4:9192 (224 bytes)
2025-12-23 14:02:52.798 [] INFO  SnakesGame - Discovered game: 1 from /10.9.34.254:9190
2025-12-23 14:02:52.798 [] INFO  SnakesGame - Discovered game: 1 from /10.9.34.254:9190
2025-12-23 14:02:52.798 [] INFO  SnakesGame - Discovered game: 1 from /10.9.34.254:9190
2025-12-23 14:02:52.798 [] INFO  SnakesGame - Discovered game: 1 from /10.9.34.254:9190
2025-12-23 14:02:52.798 [] INFO  SnakesGame - Discovered game: 1 from /10.9.34.254:9190
2025-12-23 14:02:53.799 [pool-6-thread-2] INFO  SnakesGame - Sent multicast announcement to 239.192.0.4:9192 (224 bytes)
2025-12-23 14:02:53.800 [] INFO  SnakesGame - Discovered game: 1 from /10.9.34.254:9190
2025-12-23 14:02:53.800 [] INFO  SnakesGame - Discovered game: 1 from /10.9.34.254:9190
2025-12-23 14:02:53.800 [] INFO  SnakesGame - Discovered game: 1 from /10.9.34.254:9190
2025-12-23 14:02:53.800 [] INFO  SnakesGame - Discovered game: 1 from /10.9.34.254:9190
2025-12-23 14:02:53.800 [] INFO  SnakesGame - Discovered game: 1 from /10.9.34.254:9190
2025-12-23 14:02:54.794 [pool-6-thread-2] INFO  SnakesGame - Sent multicast announcement to 239.192.0.4:9192 (224 bytes)
2025-12-23 14:02:54.795 [] INFO  SnakesGame - Discovered game: 1 from /10.9.34.254:9190
2025-12-23 14:02:54.795 [] INFO  SnakesGame - Discovered game: 1 from /10.9.34.254:9190
2025-12-23 14:02:54.795 [] INFO  SnakesGame - Discovered game: 1 from /10.9.34.254:9190
2025-12-23 14:02:54.795 [] INFO  SnakesGame - Discovered game: 1 from /10.9.34.254:9190
2025-12-23 14:02:54.795 [] INFO  SnakesGame - Discovered game: 1 from /10.9.34.254:9190
2025-12-23 14:02:55.799 [pool-6-thread-1] INFO  SnakesGame - Sent multicast announcement to 239.192.0.4:9192 (224 bytes)
2025-12-23 14:02:55.801 [] INFO  SnakesGame - Discovered game: 1 from /10.9.34.254:9190
2025-12-23 14:02:55.801 [] INFO  SnakesGame - Discovered game: 1 from /10.9.34.254:9190
2025-12-23 14:02:55.801 [] INFO  SnakesGame - Discovered game: 1 from /10.9.34.254:9190
2025-12-23 14:02:55.801 [] INFO  SnakesGame - Discovered game: 1 from /10.9.34.254:9190
2025-12-23 14:02:55.801 [] INFO  SnakesGame - Discovered game: 1 from /10.9.34.254:9190
2025-12-23 14:02:56.796 [pool-6-thread-3] INFO  SnakesGame - Sent multicast announcement to 239.192.0.4:9192 (224 bytes)
2025-12-23 14:02:56.797 [] INFO  SnakesGame - Discovered game: 1 from /10.9.34.254:9190
2025-12-23 14:02:56.797 [] INFO  SnakesGame - Discovered game: 1 from /10.9.34.254:9190
2025-12-23 14:02:56.797 [] INFO  SnakesGame - Discovered game: 1 from /10.9.34.254:9190
2025-12-23 14:02:56.797 [] INFO  SnakesGame - Discovered game: 1 from /10.9.34.254:9190
2025-12-23 14:02:56.797 [] INFO  SnakesGame - Discovered game: 1 from /10.9.34.254:9190
2025-12-23 14:02:57.797 [pool-6-thread-3] INFO  SnakesGame - Sent multicast announcement to 239.192.0.4:9192 (224 bytes)
2025-12-23 14:02:57.797 [] INFO  SnakesGame - Discovered game: 1 from /10.9.34.254:9190
2025-12-23 14:02:57.797 [] INFO  SnakesGame - Discovered game: 1 from /10.9.34.254:9190
2025-12-23 14:02:57.797 [] INFO  SnakesGame - Discovered game: 1 from /10.9.34.254:9190
2025-12-23 14:02:57.797 [] INFO  SnakesGame - Discovered game: 1 from /10.9.34.254:9190
2025-12-23 14:02:57.797 [] INFO  SnakesGame - Discovered game: 1 from /10.9.34.254:9190
2025-12-23 14:02:58.797 [pool-6-thread-3] INFO  SnakesGame - Sent multicast announcement to 239.192.0.4:9192 (224 bytes)
2025-12-23 14:02:58.798 [] INFO  SnakesGame - Discovered game: 1 from /10.9.34.254:9190
2025-12-23 14:02:58.798 [] INFO  SnakesGame - Discovered game: 1 from /10.9.34.254:9190
2025-12-23 14:02:58.798 [] INFO  SnakesGame - Discovered game: 1 from /10.9.34.254:9190
2025-12-23 14:02:58.798 [] INFO  SnakesGame - Discovered game: 1 from /10.9.34.254:9190
2025-12-23 14:02:58.798 [] INFO  SnakesGame - Discovered game: 1 from /10.9.34.254:9190
2025-12-23 14:02:59.793 [pool-6-thread-2] INFO  SnakesGame - Sent multicast announcement to 239.192.0.4:9192 (224 bytes)
2025-12-23 14:02:59.794 [] INFO  SnakesGame - Discovered game: 1 from /10.9.34.254:9190
2025-12-23 14:02:59.794 [] INFO  SnakesGame - Discovered game: 1 from /10.9.34.254:9190
2025-12-23 14:02:59.794 [] INFO  SnakesGame - Discovered game: 1 from /10.9.34.254:9190
2025-12-23 14:02:59.794 [] INFO  SnakesGame - Discovered game: 1 from /10.9.34.254:9190
2025-12-23 14:02:59.794 [] INFO  SnakesGame - Discovered game: 1 from /10.9.34.254:9190
2025-12-23 14:03:00.797 [pool-6-thread-2] INFO  SnakesGame - Sent multicast announcement to 239.192.0.4:9192 (224 bytes)
2025-12-23 14:03:00.798 [] INFO  SnakesGame - Discovered game: 1 from /10.9.34.254:9190
2025-12-23 14:03:00.798 [] INFO  SnakesGame - Discovered game: 1 from /10.9.34.254:9190
2025-12-23 14:03:00.798 [] INFO  SnakesGame - Discovered game: 1 from /10.9.34.254:9190
2025-12-23 14:03:00.798 [] INFO  SnakesGame - Discovered game: 1 from /10.9.34.254:9190
2025-12-23 14:03:00.798 [] INFO  SnakesGame - Discovered game: 1 from /10.9.34.254:9190
2025-12-23 14:03:01.804 [pool-6-thread-3] INFO  SnakesGame - Sent multicast announcement to 239.192.0.4:9192 (224 bytes)
2025-12-23 14:03:01.805 [] INFO  SnakesGame - Discovered game: 1 from /10.9.34.254:9190
2025-12-23 14:03:01.805 [] INFO  SnakesGame - Discovered game: 1 from /10.9.34.254:9190
2025-12-23 14:03:01.806 [] INFO  SnakesGame - Discovered game: 1 from /10.9.34.254:9190
2025-12-23 14:03:01.806 [] INFO  SnakesGame - Discovered game: 1 from /10.9.34.254:9190
2025-12-23 14:03:01.806 [] INFO  SnakesGame - Discovered game: 1 from /10.9.34.254:9190
2025-12-23 14:03:02.799 [pool-6-thread-1] INFO  SnakesGame - Sent multicast announcement to 239.192.0.4:9192 (224 bytes)
2025-12-23 14:03:02.800 [] INFO  SnakesGame - Discovered game: 1 from /10.9.34.254:9190
2025-12-23 14:03:02.800 [] INFO  SnakesGame - Discovered game: 1 from /10.9.34.254:9190
2025-12-23 14:03:02.800 [] INFO  SnakesGame - Discovered game: 1 from /10.9.34.254:9190
2025-12-23 14:03:02.800 [] INFO  SnakesGame - Discovered game: 1 from /10.9.34.254:9190
2025-12-23 14:03:02.801 [] INFO  SnakesGame - Discovered game: 1 from /10.9.34.254:9190
2025-12-23 14:03:03.797 [pool-6-thread-3] INFO  SnakesGame - Sent multicast announcement to 239.192.0.4:9192 (224 bytes)
2025-12-23 14:03:03.798 [] INFO  SnakesGame - Discovered game: 1 from /10.9.34.254:9190
2025-12-23 14:03:03.798 [] INFO  SnakesGame - Discovered game: 1 from /10.9.34.254:9190
2025-12-23 14:03:03.798 [] INFO  SnakesGame - Discovered game: 1 from /10.9.34.254:9190
2025-12-23 14:03:03.798 [] INFO  SnakesGame - Discovered game: 1 from /10.9.34.254:9190
2025-12-23 14:03:03.798 [] INFO  SnakesGame - Discovered game: 1 from /10.9.34.254:9190
2025-12-23 14:03:04.798 [pool-6-thread-3] INFO  SnakesGame - Sent multicast announcement to 239.192.0.4:9192 (224 bytes)
2025-12-23 14:03:04.798 [] INFO  SnakesGame - Discovered game: 1 from /10.9.34.254:9190
2025-12-23 14:03:04.798 [] INFO  SnakesGame - Discovered game: 1 from /10.9.34.254:9190
2025-12-23 14:03:04.798 [] INFO  SnakesGame - Discovered game: 1 from /10.9.34.254:9190
2025-12-23 14:03:04.798 [] INFO  SnakesGame - Discovered game: 1 from /10.9.34.254:9190
2025-12-23 14:03:04.798 [] INFO  SnakesGame - Discovered game: 1 from /10.9.34.254:9190
2025-12-23 14:03:05.802 [pool-6-thread-3] INFO  SnakesGame - Sent multicast announcement to 239.192.0.4:9192 (224 bytes)
2025-12-23 14:03:05.802 [] INFO  SnakesGame - Discovered game: 1 from /10.9.34.254:9190
2025-12-23 14:03:05.803 [] INFO  SnakesGame - Discovered game: 1 from /10.9.34.254:9190
2025-12-23 14:03:05.803 [] INFO  SnakesGame - Discovered game: 1 from /10.9.34.254:9190
2025-12-23 14:03:05.803 [] INFO  SnakesGame - Discovered game: 1 from /10.9.34.254:9190
2025-12-23 14:03:05.803 [] INFO  SnakesGame - Discovered game: 1 from /10.9.34.254:9190
2025-12-23 14:03:06.797 [pool-6-thread-3] INFO  SnakesGame - Sent multicast announcement to 239.192.0.4:9192 (224 bytes)
2025-12-23 14:03:06.798 [] INFO  SnakesGame - Discovered game: 1 from /10.9.34.254:9190
2025-12-23 14:03:06.798 [] INFO  SnakesGame - Discovered game: 1 from /10.9.34.254:9190
2025-12-23 14:03:06.798 [] INFO  SnakesGame - Discovered game: 1 from /10.9.34.254:9190
2025-12-23 14:03:06.798 [] INFO  SnakesGame - Discovered game: 1 from /10.9.34.254:9190
2025-12-23 14:03:06.798 [] INFO  SnakesGame - Discovered game: 1 from /10.9.34.254:9190
2025-12-23 14:03:07.797 [pool-6-thread-1] INFO  SnakesGame - Sent multicast announcement to 239.192.0.4:9192 (224 bytes)
2025-12-23 14:03:07.798 [] INFO  SnakesGame - Discovered game: 1 from /10.9.34.254:9190
2025-12-23 14:03:07.798 [] INFO  SnakesGame - Discovered game: 1 from /10.9.34.254:9190
2025-12-23 14:03:07.798 [] INFO  SnakesGame - Discovered game: 1 from /10.9.34.254:9190
2025-12-23 14:03:07.798 [] INFO  SnakesGame - Discovered game: 1 from /10.9.34.254:9190
2025-12-23 14:03:07.798 [] INFO  SnakesGame - Discovered game: 1 from /10.9.34.254:9190
2025-12-23 14:03:08.796 [pool-6-thread-3] INFO  SnakesGame - Sent multicast announcement to 239.192.0.4:9192 (224 bytes)
2025-12-23 14:03:08.797 [] INFO  SnakesGame - Discovered game: 1 from /10.9.34.254:9190
2025-12-23 14:03:08.797 [] INFO  SnakesGame - Discovered game: 1 from /10.9.34.254:9190
2025-12-23 14:03:08.797 [] INFO  SnakesGame - Discovered game: 1 from /10.9.34.254:9190
2025-12-23 14:03:08.797 [] INFO  SnakesGame - Discovered game: 1 from /10.9.34.254:9190
2025-12-23 14:03:08.797 [] INFO  SnakesGame - Discovered game: 1 from /10.9.34.254:9190
2025-12-23 14:03:09.795 [pool-6-thread-3] INFO  SnakesGame - Sent multicast announcement to 239.192.0.4:9192 (224 bytes)
2025-12-23 14:03:09.796 [] INFO  SnakesGame - Discovered game: 1 from /10.9.34.254:9190
2025-12-23 14:03:09.796 [] INFO  SnakesGame - Discovered game: 1 from /10.9.34.254:9190
2025-12-23 14:03:09.796 [] INFO  SnakesGame - Discovered game: 1 from /10.9.34.254:9190
2025-12-23 14:03:09.796 [] INFO  SnakesGame - Discovered game: 1 from /10.9.34.254:9190
2025-12-23 14:03:09.796 [] INFO  SnakesGame - Discovered game: 1 from /10.9.34.254:9190
2025-12-23 14:03:10.797 [pool-6-thread-3] INFO  SnakesGame - Sent multicast announcement to 239.192.0.4:9192 (224 bytes)
2025-12-23 14:03:10.798 [] INFO  SnakesGame - Discovered game: 1 from /10.9.34.254:9190
2025-12-23 14:03:10.798 [] INFO  SnakesGame - Discovered game: 1 from /10.9.34.254:9190
2025-12-23 14:03:10.798 [] INFO  SnakesGame - Discovered game: 1 from /10.9.34.254:9190
2025-12-23 14:03:10.798 [] INFO  SnakesGame - Discovered game: 1 from /10.9.34.254:9190
2025-12-23 14:03:10.798 [] INFO  SnakesGame - Discovered game: 1 from /10.9.34.254:9190
2025-12-23 14:03:11.796 [pool-6-thread-2] INFO  SnakesGame - Sent multicast announcement to 239.192.0.4:9192 (224 bytes)
2025-12-23 14:03:11.796 [] INFO  SnakesGame - Discovered game: 1 from /10.9.34.254:9190
2025-12-23 14:03:11.796 [] INFO  SnakesGame - Discovered game: 1 from /10.9.34.254:9190
2025-12-23 14:03:11.796 [] INFO  SnakesGame - Discovered game: 1 from /10.9.34.254:9190
2025-12-23 14:03:11.796 [] INFO  SnakesGame - Discovered game: 1 from /10.9.34.254:9190
2025-12-23 14:03:11.796 [] INFO  SnakesGame - Discovered game: 1 from /10.9.34.254:9190
2025-12-23 14:03:12.793 [pool-6-thread-1] INFO  SnakesGame - Sent multicast announcement to 239.192.0.4:9192 (224 bytes)
2025-12-23 14:03:12.793 [] INFO  SnakesGame - Discovered game: 1 from /10.9.34.254:9190
2025-12-23 14:03:12.793 [] INFO  SnakesGame - Discovered game: 1 from /10.9.34.254:9190
2025-12-23 14:03:12.793 [] INFO  SnakesGame - Discovered game: 1 from /10.9.34.254:9190
2025-12-23 14:03:12.793 [] INFO  SnakesGame - Discovered game: 1 from /10.9.34.254:9190
2025-12-23 14:03:12.793 [] INFO  SnakesGame - Discovered game: 1 from /10.9.34.254:9190
2025-12-23 14:03:13.796 [pool-6-thread-1] INFO  SnakesGame - Sent multicast announcement to 239.192.0.4:9192 (224 bytes)
2025-12-23 14:03:13.797 [] INFO  SnakesGame - Discovered game: 1 from /10.9.34.254:9190
2025-12-23 14:03:13.797 [] INFO  SnakesGame - Discovered game: 1 from /10.9.34.254:9190
2025-12-23 14:03:13.797 [] INFO  SnakesGame - Discovered game: 1 from /10.9.34.254:9190
2025-12-23 14:03:13.797 [] INFO  SnakesGame - Discovered game: 1 from /10.9.34.254:9190
2025-12-23 14:03:13.797 [] INFO  SnakesGame - Discovered game: 1 from /10.9.34.254:9190
2025-12-23 14:03:14.797 [pool-6-thread-1] INFO  SnakesGame - Sent multicast announcement to 239.192.0.4:9192 (224 bytes)
2025-12-23 14:03:14.800 [] INFO  SnakesGame - Discovered game: 1 from /10.9.34.254:9190
2025-12-23 14:03:14.800 [] INFO  SnakesGame - Discovered game: 1 from /10.9.34.254:9190
2025-12-23 14:03:14.800 [] INFO  SnakesGame - Discovered game: 1 from /10.9.34.254:9190
2025-12-23 14:03:14.800 [] INFO  SnakesGame - Discovered game: 1 from /10.9.34.254:9190
2025-12-23 14:03:14.800 [] INFO  SnakesGame - Discovered game: 1 from /10.9.34.254:9190
2025-12-23 14:03:15.800 [pool-6-thread-2] INFO  SnakesGame - Sent multicast announcement to 239.192.0.4:9192 (224 bytes)
2025-12-23 14:03:15.800 [] INFO  SnakesGame - Discovered game: 1 from /10.9.34.254:9190
2025-12-23 14:03:15.800 [] INFO  SnakesGame - Discovered game: 1 from /10.9.34.254:9190
2025-12-23 14:03:15.801 [] INFO  SnakesGame - Discovered game: 1 from /10.9.34.254:9190
2025-12-23 14:03:15.801 [] INFO  SnakesGame - Discovered game: 1 from /10.9.34.254:9190
2025-12-23 14:03:15.801 [] INFO  SnakesGame - Discovered game: 1 from /10.9.34.254:9190
2025-12-23 14:03:16.798 [pool-6-thread-2] INFO  SnakesGame - Sent multicast announcement to 239.192.0.4:9192 (224 bytes)
2025-12-23 14:03:16.798 [] INFO  SnakesGame - Discovered game: 1 from /10.9.34.254:9190
2025-12-23 14:03:16.798 [] INFO  SnakesGame - Discovered game: 1 from /10.9.34.254:9190
2025-12-23 14:03:16.798 [] INFO  SnakesGame - Discovered game: 1 from /10.9.34.254:9190
2025-12-23 14:03:16.798 [] INFO  SnakesGame - Discovered game: 1 from /10.9.34.254:9190
2025-12-23 14:03:16.798 [] INFO  SnakesGame - Discovered game: 1 from /10.9.34.254:9190
2025-12-23 14:03:17.793 [pool-6-thread-3] INFO  SnakesGame - Sent multicast announcement to 239.192.0.4:9192 (224 bytes)
2025-12-23 14:03:17.794 [] INFO  SnakesGame - Discovered game: 1 from /10.9.34.254:9190
2025-12-23 14:03:17.794 [] INFO  SnakesGame - Discovered game: 1 from /10.9.34.254:9190
2025-12-23 14:03:17.794 [] INFO  SnakesGame - Discovered game: 1 from /10.9.34.254:9190
2025-12-23 14:03:17.794 [] INFO  SnakesGame - Discovered game: 1 from /10.9.34.254:9190
2025-12-23 14:03:17.794 [] INFO  SnakesGame - Discovered game: 1 from /10.9.34.254:9190
2025-12-23 14:03:18.797 [pool-6-thread-3] INFO  SnakesGame - Sent multicast announcement to 239.192.0.4:9192 (224 bytes)
2025-12-23 14:03:18.797 [] INFO  SnakesGame - Discovered game: 1 from /10.9.34.254:9190
2025-12-23 14:03:18.797 [] INFO  SnakesGame - Discovered game: 1 from /10.9.34.254:9190
2025-12-23 14:03:18.797 [] INFO  SnakesGame - Discovered game: 1 from /10.9.34.254:9190
2025-12-23 14:03:18.797 [] INFO  SnakesGame - Discovered game: 1 from /10.9.34.254:9190
2025-12-23 14:03:18.797 [] INFO  SnakesGame - Discovered game: 1 from /10.9.34.254:9190
2025-12-23 14:03:18.911 [JavaFX Application Thread] INFO  SnakesGame - Starting Snakes Application
2025-12-23 14:03:19.800 [pool-6-thread-2] INFO  SnakesGame - Sent multicast announcement to 239.192.0.4:9192 (224 bytes)
2025-12-23 14:03:19.801 [] INFO  SnakesGame - Discovered game: 1 from /10.9.34.254:9190
2025-12-23 14:03:19.801 [] INFO  SnakesGame - Discovered game: 1 from /10.9.34.254:9190
2025-12-23 14:03:19.801 [] INFO  SnakesGame - Discovered game: 1 from /10.9.34.254:9190
2025-12-23 14:03:19.801 [] INFO  SnakesGame - Discovered game: 1 from /10.9.34.254:9190
2025-12-23 14:03:19.801 [] INFO  SnakesGame - Discovered game: 1 from /10.9.34.254:9190
2025-12-23 14:03:20.680 [JavaFX Application Thread] INFO  SnakesGame - Opening Lobby
2025-12-23 14:03:20.716 [JavaFX Application Thread] INFO  SnakesGame - Looking for suitable multicast interface...
2025-12-23 14:03:20.718 [JavaFX Application Thread] INFO  SnakesGame - Found suitable interface: en0 with IPv4: 10.9.34.254
2025-12-23 14:03:20.718 [JavaFX Application Thread] INFO  SnakesGame - Joined multicast group using interface: en0 (en0)
2025-12-23 14:03:20.718 [JavaFX Application Thread] INFO  SnakesGame - Set multicast send interface to: en0 (en0)
2025-12-23 14:03:20.719 [JavaFX Application Thread] INFO  SnakesGame - Multicast discovery started on 239.192.0.4:9192
2025-12-23 14:03:20.719 [] INFO  SnakesGame - Multicast listen loop started
2025-12-23 14:03:20.720 [JavaFX Application Thread] INFO  SnakesGame - Discovery service started
2025-12-23 14:03:20.720 [JavaFX Application Thread] INFO  SnakesGame - Discovery started in lobby
2025-12-23 14:03:20.796 [pool-6-thread-1] INFO  SnakesGame - Sent multicast announcement to 239.192.0.4:9192 (224 bytes)
2025-12-23 14:03:20.797 [] INFO  SnakesGame - Discovered game: 1 from /10.9.34.254:9190
2025-12-23 14:03:20.797 [] INFO  SnakesGame - Discovered game: 1 from /10.9.34.254:9190
2025-12-23 14:03:20.797 [] INFO  SnakesGame - Discovered game: 1 from /10.9.34.254:9190
2025-12-23 14:03:20.797 [] INFO  SnakesGame - Discovered game: 1 from /10.9.34.254:9190
2025-12-23 14:03:20.797 [] INFO  SnakesGame - Discovered game: 1 from /10.9.34.254:9190
2025-12-23 14:03:20.826 [] INFO  SnakesGame - Discovered new game: 1 at /10.9.34.254:9190
2025-12-23 14:03:20.826 [] INFO  SnakesGame - Discovered game: 1 from /10.9.34.254:9190
2025-12-23 14:03:20.842 [JavaFX Application Thread] INFO  SnakesGame - Game added to lobby: 1 at /10.9.34.254:9190
2025-12-23 14:03:21.797 [pool-6-thread-1] INFO  SnakesGame - Sent multicast announcement to 239.192.0.4:9192 (224 bytes)
2025-12-23 14:03:21.797 [] INFO  SnakesGame - Discovered game: 1 from /10.9.34.254:9190
2025-12-23 14:03:21.798 [] INFO  SnakesGame - Discovered game: 1 from /10.9.34.254:9190
2025-12-23 14:03:21.798 [] INFO  SnakesGame - Discovered game: 1 from /10.9.34.254:9190
2025-12-23 14:03:21.798 [] INFO  SnakesGame - Discovered game: 1 from /10.9.34.254:9190
2025-12-23 14:03:21.798 [] INFO  SnakesGame - Discovered game: 1 from /10.9.34.254:9190
2025-12-23 14:03:21.798 [] INFO  SnakesGame - Discovered game: 1 from /10.9.34.254:9190
2025-12-23 14:03:22.799 [pool-6-thread-2] INFO  SnakesGame - Sent multicast announcement to 239.192.0.4:9192 (224 bytes)
2025-12-23 14:03:22.799 [] INFO  SnakesGame - Discovered game: 1 from /10.9.34.254:9190
2025-12-23 14:03:22.799 [] INFO  SnakesGame - Discovered game: 1 from /10.9.34.254:9190
2025-12-23 14:03:22.799 [] INFO  SnakesGame - Discovered game: 1 from /10.9.34.254:9190
2025-12-23 14:03:22.799 [] INFO  SnakesGame - Discovered game: 1 from /10.9.34.254:9190
2025-12-23 14:03:22.799 [] INFO  SnakesGame - Discovered game: 1 from /10.9.34.254:9190
2025-12-23 14:03:22.799 [] INFO  SnakesGame - Discovered game: 1 from /10.9.34.254:9190
2025-12-23 14:03:23.794 [pool-6-thread-3] INFO  SnakesGame - Sent multicast announcement to 239.192.0.4:9192 (224 bytes)
2025-12-23 14:03:23.794 [] INFO  SnakesGame - Discovered game: 1 from /10.9.34.254:9190
2025-12-23 14:03:23.794 [] INFO  SnakesGame - Discovered game: 1 from /10.9.34.254:9190
2025-12-23 14:03:23.794 [] INFO  SnakesGame - Discovered game: 1 from /10.9.34.254:9190
2025-12-23 14:03:23.794 [] INFO  SnakesGame - Discovered game: 1 from /10.9.34.254:9190
2025-12-23 14:03:23.794 [] INFO  SnakesGame - Discovered game: 1 from /10.9.34.254:9190
2025-12-23 14:03:23.794 [] INFO  SnakesGame - Discovered game: 1 from /10.9.34.254:9190
2025-12-23 14:03:24.793 [pool-6-thread-2] INFO  SnakesGame - Sent multicast announcement to 239.192.0.4:9192 (224 bytes)
2025-12-23 14:03:24.794 [] INFO  SnakesGame - Discovered game: 1 from /10.9.34.254:9190
2025-12-23 14:03:24.794 [] INFO  SnakesGame - Discovered game: 1 from /10.9.34.254:9190
2025-12-23 14:03:24.794 [] INFO  SnakesGame - Discovered game: 1 from /10.9.34.254:9190
2025-12-23 14:03:24.794 [] INFO  SnakesGame - Discovered game: 1 from /10.9.34.254:9190
2025-12-23 14:03:24.794 [] INFO  SnakesGame - Discovered game: 1 from /10.9.34.254:9190
2025-12-23 14:03:24.794 [] INFO  SnakesGame - Discovered game: 1 from /10.9.34.254:9190
2025-12-23 14:03:25.037 [JavaFX Application Thread] INFO  SnakesGame - Connecting to master at /10.9.34.254:9190
2025-12-23 14:03:25.039 [JavaFX Application Thread] INFO  SnakesGame - Joining game: 1
2025-12-23 14:03:25.044 [JavaFX Application Thread] INFO  SnakesGame - UDP Transport started on port 65204
2025-12-23 14:03:25.044 [JavaFX Application Thread] INFO  SnakesGame - Looking for suitable multicast interface...
2025-12-23 14:03:25.045 [JavaFX Application Thread] INFO  SnakesGame - Found suitable interface: en0 with IPv4: 10.9.34.254
2025-12-23 14:03:25.045 [JavaFX Application Thread] INFO  SnakesGame - Joined multicast group using interface: en0 (en0)
2025-12-23 14:03:25.045 [JavaFX Application Thread] INFO  SnakesGame - Set multicast send interface to: en0 (en0)
2025-12-23 14:03:25.046 [JavaFX Application Thread] INFO  SnakesGame - Multicast discovery started on 239.192.0.4:9192
2025-12-23 14:03:25.046 [] INFO  SnakesGame - Multicast listen loop started
2025-12-23 14:03:25.047 [JavaFX Application Thread] INFO  SnakesGame - NetworkManager started successfully
2025-12-23 14:03:25.053 [JavaFX Application Thread] INFO  SnakesGame - NormalNode started, master at /10.9.34.254:9190
2025-12-23 14:03:25.053 [JavaFX Application Thread] INFO  SnakesGame - NORMAL node started for player выапровыф
2025-12-23 14:03:25.059 [JavaFX Application Thread] INFO  SnakesGame - Join request sent to master at /10.9.34.254:9190
2025-12-23 14:03:25.060 [JavaFX Application Thread] INFO  SnakesGame - Client started, waiting for role assignment
2025-12-23 14:03:25.060 [JavaFX Application Thread] INFO  SnakesGame - Joined game: 1
2025-12-23 14:03:25.060 [] INFO  SnakesGame - Received JOIN request from /10.9.34.254:65204 (player: выапровыф)
2025-12-23 14:03:25.060 [] WARN  SnakesGame - Cannot place snake for выапровыф: No suitable 5x5 square found for new snake
2025-12-23 14:03:25.060 [JavaFX Application Thread] INFO  SnakesGame - Found suitable interface: en0 with IPv4: 10.9.34.254
2025-12-23 14:03:25.061 [JavaFX Application Thread] INFO  SnakesGame - Multicast discovery stopped
2025-12-23 14:03:25.061 [JavaFX Application Thread] INFO  SnakesGame - Discovery service stopped
2025-12-23 14:03:25.062 [] INFO  SnakesGame - Multicast listen loop stopped
2025-12-23 14:03:25.063 [] ERROR SnakesGame - Received error from /10.9.34.254:9190: Cannot place snake: no suitable 5x5 square found on the field
2025-12-23 14:03:25.074 [JavaFX Application Thread] INFO  SnakesGame - GameController initialized
2025-12-23 14:03:25.075 [JavaFX Application Thread] INFO  SnakesGame - GameService connected to GameController
2025-12-23 14:03:25.797 [pool-6-thread-2] INFO  SnakesGame - Sent multicast announcement to 239.192.0.4:9192 (271 bytes)
2025-12-23 14:03:25.798 [] INFO  SnakesGame - Discovered game: 1 from /10.9.34.254:9190
2025-12-23 14:03:25.798 [] INFO  SnakesGame - Discovered game: 1 from /10.9.34.254:9190
2025-12-23 14:03:25.798 [] INFO  SnakesGame - Discovered game: 1 from /10.9.34.254:9190
2025-12-23 14:03:25.798 [] INFO  SnakesGame - Discovered game: 1 from /10.9.34.254:9190
2025-12-23 14:03:25.798 [] INFO  SnakesGame - Discovered game: 1 from /10.9.34.254:9190
2025-12-23 14:03:25.798 [] INFO  SnakesGame - Discovered game: 1 from /10.9.34.254:9190
2025-12-23 14:03:25.810 [] WARN  SnakesGame - Retransmitting seq=0 to /10.9.34.254:9190 (retry 1)
2025-12-23 14:03:25.810 [] INFO  SnakesGame - Received JOIN request from /10.9.34.254:65204 (player: выапровыф)
2025-12-23 14:03:25.810 [] WARN  SnakesGame - Player from /10.9.34.254:65204 already exists (id=5), sending ACK
2025-12-23 14:03:25.810 [] WARN  SnakesGame - Trying to send to unregistered peer: /10.9.34.254:65204, auto-registering
2025-12-23 14:03:25.813 [] INFO  SnakesGame - Assigned playerId 5 (was 0)
2025-12-23 14:03:25.813 [] INFO  SnakesGame - Role changed from NORMAL to NORMAL
2025-12-23 14:03:26.796 [pool-6-thread-3] INFO  SnakesGame - Sent multicast announcement to 239.192.0.4:9192 (271 bytes)
2025-12-23 14:03:26.796 [] INFO  SnakesGame - Discovered game: 1 from /10.9.34.254:9190
2025-12-23 14:03:26.796 [] INFO  SnakesGame - Discovered game: 1 from /10.9.34.254:9190
2025-12-23 14:03:26.796 [] INFO  SnakesGame - Discovered game: 1 from /10.9.34.254:9190
2025-12-23 14:03:26.797 [] INFO  SnakesGame - Discovered game: 1 from /10.9.34.254:9190
2025-12-23 14:03:26.797 [] INFO  SnakesGame - Discovered game: 1 from /10.9.34.254:9190
2025-12-23 14:03:26.797 [] INFO  SnakesGame - Discovered game: 1 from /10.9.34.254:9190
2025-12-23 14:03:27.798 [pool-6-thread-2] INFO  SnakesGame - Sent multicast announcement to 239.192.0.4:9192 (271 bytes)
2025-12-23 14:03:27.799 [] INFO  SnakesGame - Discovered game: 1 from /10.9.34.254:9190
2025-12-23 14:03:27.799 [] INFO  SnakesGame - Discovered game: 1 from /10.9.34.254:9190
2025-12-23 14:03:27.799 [] INFO  SnakesGame - Discovered game: 1 from /10.9.34.254:9190
2025-12-23 14:03:27.799 [] INFO  SnakesGame - Discovered game: 1 from /10.9.34.254:9190
2025-12-23 14:03:27.799 [] INFO  SnakesGame - Discovered game: 1 from /10.9.34.254:9190
2025-12-23 14:03:27.799 [] INFO  SnakesGame - Discovered game: 1 from /10.9.34.254:9190
2025-12-23 14:03:28.797 [pool-6-thread-2] INFO  SnakesGame - Sent multicast announcement to 239.192.0.4:9192 (271 bytes)
2025-12-23 14:03:28.798 [] INFO  SnakesGame - Discovered game: 1 from /10.9.34.254:9190
2025-12-23 14:03:28.798 [] INFO  SnakesGame - Discovered game: 1 from /10.9.34.254:9190
2025-12-23 14:03:28.798 [] INFO  SnakesGame - Discovered game: 1 from /10.9.34.254:9190
2025-12-23 14:03:28.798 [] INFO  SnakesGame - Discovered game: 1 from /10.9.34.254:9190
2025-12-23 14:03:28.798 [] INFO  SnakesGame - Discovered game: 1 from /10.9.34.254:9190
2025-12-23 14:03:28.798 [] INFO  SnakesGame - Discovered game: 1 from /10.9.34.254:9190
2025-12-23 14:03:29.797 [pool-6-thread-2] INFO  SnakesGame - Sent multicast announcement to 239.192.0.4:9192 (271 bytes)
2025-12-23 14:03:29.798 [] INFO  SnakesGame - Discovered game: 1 from /10.9.34.254:9190
2025-12-23 14:03:29.798 [] INFO  SnakesGame - Discovered game: 1 from /10.9.34.254:9190
2025-12-23 14:03:29.798 [] INFO  SnakesGame - Discovered game: 1 from /10.9.34.254:9190
2025-12-23 14:03:29.798 [] INFO  SnakesGame - Discovered game: 1 from /10.9.34.254:9190
2025-12-23 14:03:29.798 [] INFO  SnakesGame - Discovered game: 1 from /10.9.34.254:9190
2025-12-23 14:03:29.798 [] INFO  SnakesGame - Discovered game: 1 from /10.9.34.254:9190
2025-12-23 14:03:30.475 [] WARN  SnakesGame - Steer command for non-existent snake: 5
2025-12-23 14:03:30.797 [pool-6-thread-3] INFO  SnakesGame - Sent multicast announcement to 239.192.0.4:9192 (271 bytes)
2025-12-23 14:03:30.798 [] INFO  SnakesGame - Discovered game: 1 from /10.9.34.254:9190
2025-12-23 14:03:30.798 [] INFO  SnakesGame - Discovered game: 1 from /10.9.34.254:9190
2025-12-23 14:03:30.798 [] INFO  SnakesGame - Discovered game: 1 from /10.9.34.254:9190
2025-12-23 14:03:30.798 [] INFO  SnakesGame - Discovered game: 1 from /10.9.34.254:9190
2025-12-23 14:03:30.798 [] INFO  SnakesGame - Discovered game: 1 from /10.9.34.254:9190
2025-12-23 14:03:30.798 [] INFO  SnakesGame - Discovered game: 1 from /10.9.34.254:9190
2025-12-23 14:03:31.793 [pool-6-thread-3] INFO  SnakesGame - Sent multicast announcement to 239.192.0.4:9192 (271 bytes)
2025-12-23 14:03:31.793 [] INFO  SnakesGame - Discovered game: 1 from /10.9.34.254:9190
2025-12-23 14:03:31.794 [] INFO  SnakesGame - Discovered game: 1 from /10.9.34.254:9190
2025-12-23 14:03:31.794 [] INFO  SnakesGame - Discovered game: 1 from /10.9.34.254:9190
2025-12-23 14:03:31.794 [] INFO  SnakesGame - Discovered game: 1 from /10.9.34.254:9190
2025-12-23 14:03:31.794 [] INFO  SnakesGame - Discovered game: 1 from /10.9.34.254:9190
2025-12-23 14:03:31.794 [] INFO  SnakesGame - Discovered game: 1 from /10.9.34.254:9190
2025-12-23 14:03:32.797 [pool-6-thread-1] INFO  SnakesGame - Sent multicast announcement to 239.192.0.4:9192 (271 bytes)
2025-12-23 14:03:32.798 [] INFO  SnakesGame - Discovered game: 1 from /10.9.34.254:9190
2025-12-23 14:03:32.798 [] INFO  SnakesGame - Discovered game: 1 from /10.9.34.254:9190
2025-12-23 14:03:32.798 [] INFO  SnakesGame - Discovered game: 1 from /10.9.34.254:9190
2025-12-23 14:03:32.798 [] INFO  SnakesGame - Discovered game: 1 from /10.9.34.254:9190
2025-12-23 14:03:32.798 [] INFO  SnakesGame - Discovered game: 1 from /10.9.34.254:9190
2025-12-23 14:03:32.798 [] INFO  SnakesGame - Discovered game: 1 from /10.9.34.254:9190
2025-12-23 14:03:33.797 [pool-6-thread-3] INFO  SnakesGame - Sent multicast announcement to 239.192.0.4:9192 (271 bytes)
2025-12-23 14:03:33.798 [] INFO  SnakesGame - Discovered game: 1 from /10.9.34.254:9190
2025-12-23 14:03:33.798 [] INFO  SnakesGame - Discovered game: 1 from /10.9.34.254:9190
2025-12-23 14:03:33.798 [] INFO  SnakesGame - Discovered game: 1 from /10.9.34.254:9190
2025-12-23 14:03:33.798 [] INFO  SnakesGame - Discovered game: 1 from /10.9.34.254:9190
2025-12-23 14:03:33.798 [] INFO  SnakesGame - Discovered game: 1 from /10.9.34.254:9190
2025-12-23 14:03:33.798 [] INFO  SnakesGame - Discovered game: 1 from /10.9.34.254:9190
2025-12-23 14:03:34.794 [pool-6-thread-1] INFO  SnakesGame - Sent multicast announcement to 239.192.0.4:9192 (271 bytes)
2025-12-23 14:03:34.795 [] INFO  SnakesGame - Discovered game: 1 from /10.9.34.254:9190
2025-12-23 14:03:34.795 [] INFO  SnakesGame - Discovered game: 1 from /10.9.34.254:9190
2025-12-23 14:03:34.795 [] INFO  SnakesGame - Discovered game: 1 from /10.9.34.254:9190
2025-12-23 14:03:34.795 [] INFO  SnakesGame - Discovered game: 1 from /10.9.34.254:9190
2025-12-23 14:03:34.795 [] INFO  SnakesGame - Discovered game: 1 from /10.9.34.254:9190
2025-12-23 14:03:34.795 [] INFO  SnakesGame - Discovered game: 1 from /10.9.34.254:9190
2025-12-23 14:03:35.797 [pool-6-thread-3] INFO  SnakesGame - Sent multicast announcement to 239.192.0.4:9192 (271 bytes)
2025-12-23 14:03:35.797 [] INFO  SnakesGame - Discovered game: 1 from /10.9.34.254:9190
2025-12-23 14:03:35.797 [] INFO  SnakesGame - Discovered game: 1 from /10.9.34.254:9190
2025-12-23 14:03:35.797 [] INFO  SnakesGame - Discovered game: 1 from /10.9.34.254:9190
2025-12-23 14:03:35.797 [] INFO  SnakesGame - Discovered game: 1 from /10.9.34.254:9190
2025-12-23 14:03:35.797 [] INFO  SnakesGame - Discovered game: 1 from /10.9.34.254:9190
2025-12-23 14:03:35.798 [] INFO  SnakesGame - Discovered game: 1 from /10.9.34.254:9190
2025-12-23 14:03:36.793 [pool-6-thread-3] INFO  SnakesGame - Sent multicast announcement to 239.192.0.4:9192 (271 bytes)
2025-12-23 14:03:36.793 [] INFO  SnakesGame - Discovered game: 1 from /10.9.34.254:9190
2025-12-23 14:03:36.794 [] INFO  SnakesGame - Discovered game: 1 from /10.9.34.254:9190
2025-12-23 14:03:36.794 [] INFO  SnakesGame - Discovered game: 1 from /10.9.34.254:9190
2025-12-23 14:03:36.794 [] INFO  SnakesGame - Discovered game: 1 from /10.9.34.254:9190
2025-12-23 14:03:36.793 [] INFO  SnakesGame - Discovered game: 1 from /10.9.34.254:9190
2025-12-23 14:03:36.794 [] INFO  SnakesGame - Discovered game: 1 from /10.9.34.254:9190
2025-12-23 14:03:37.797 [pool-6-thread-1] INFO  SnakesGame - Sent multicast announcement to 239.192.0.4:9192 (271 bytes)
2025-12-23 14:03:37.797 [] INFO  SnakesGame - Discovered game: 1 from /10.9.34.254:9190
2025-12-23 14:03:37.797 [] INFO  SnakesGame - Discovered game: 1 from /10.9.34.254:9190
2025-12-23 14:03:37.797 [] INFO  SnakesGame - Discovered game: 1 from /10.9.34.254:9190
2025-12-23 14:03:37.797 [] INFO  SnakesGame - Discovered game: 1 from /10.9.34.254:9190
2025-12-23 14:03:37.797 [] INFO  SnakesGame - Discovered game: 1 from /10.9.34.254:9190
2025-12-23 14:03:37.798 [] INFO  SnakesGame - Discovered game: 1 from /10.9.34.254:9190
2025-12-23 14:03:38.797 [pool-6-thread-3] INFO  SnakesGame - Sent multicast announcement to 239.192.0.4:9192 (271 bytes)
2025-12-23 14:03:38.797 [] INFO  SnakesGame - Discovered game: 1 from /10.9.34.254:9190
2025-12-23 14:03:38.797 [] INFO  SnakesGame - Discovered game: 1 from /10.9.34.254:9190
2025-12-23 14:03:38.798 [] INFO  SnakesGame - Discovered game: 1 from /10.9.34.254:9190
2025-12-23 14:03:38.797 [] INFO  SnakesGame - Discovered game: 1 from /10.9.34.254:9190
2025-12-23 14:03:38.797 [] INFO  SnakesGame - Discovered game: 1 from /10.9.34.254:9190
2025-12-23 14:03:38.798 [] INFO  SnakesGame - Discovered game: 1 from /10.9.34.254:9190
2025-12-23 14:03:39.793 [pool-6-thread-3] INFO  SnakesGame - Sent multicast announcement to 239.192.0.4:9192 (271 bytes)
2025-12-23 14:03:39.794 [] INFO  SnakesGame - Discovered game: 1 from /10.9.34.254:9190
2025-12-23 14:03:39.794 [] INFO  SnakesGame - Discovered game: 1 from /10.9.34.254:9190
2025-12-23 14:03:39.794 [] INFO  SnakesGame - Discovered game: 1 from /10.9.34.254:9190
2025-12-23 14:03:39.794 [] INFO  SnakesGame - Discovered game: 1 from /10.9.34.254:9190
2025-12-23 14:03:39.794 [] INFO  SnakesGame - Discovered game: 1 from /10.9.34.254:9190
2025-12-23 14:03:39.794 [] INFO  SnakesGame - Discovered game: 1 from /10.9.34.254:9190
2025-12-23 14:03:40.797 [pool-6-thread-3] INFO  SnakesGame - Sent multicast announcement to 239.192.0.4:9192 (271 bytes)
2025-12-23 14:03:40.798 [] INFO  SnakesGame - Discovered game: 1 from /10.9.34.254:9190
2025-12-23 14:03:40.798 [] INFO  SnakesGame - Discovered game: 1 from /10.9.34.254:9190
2025-12-23 14:03:40.798 [] INFO  SnakesGame - Discovered game: 1 from /10.9.34.254:9190
2025-12-23 14:03:40.798 [] INFO  SnakesGame - Discovered game: 1 from /10.9.34.254:9190
2025-12-23 14:03:40.798 [] INFO  SnakesGame - Discovered game: 1 from /10.9.34.254:9190
2025-12-23 14:03:40.798 [] INFO  SnakesGame - Discovered game: 1 from /10.9.34.254:9190
2025-12-23 14:03:41.793 [pool-6-thread-2] INFO  SnakesGame - Sent multicast announcement to 239.192.0.4:9192 (271 bytes)
2025-12-23 14:03:41.794 [] INFO  SnakesGame - Discovered game: 1 from /10.9.34.254:9190
2025-12-23 14:03:41.794 [] INFO  SnakesGame - Discovered game: 1 from /10.9.34.254:9190
2025-12-23 14:03:41.794 [] INFO  SnakesGame - Discovered game: 1 from /10.9.34.254:9190
2025-12-23 14:03:41.794 [] INFO  SnakesGame - Discovered game: 1 from /10.9.34.254:9190
2025-12-23 14:03:41.794 [] INFO  SnakesGame - Discovered game: 1 from /10.9.34.254:9190
2025-12-23 14:03:41.794 [] INFO  SnakesGame - Discovered game: 1 from /10.9.34.254:9190
2025-12-23 14:03:42.797 [pool-6-thread-2] INFO  SnakesGame - Sent multicast announcement to 239.192.0.4:9192 (271 bytes)
2025-12-23 14:03:42.798 [] INFO  SnakesGame - Discovered game: 1 from /10.9.34.254:9190
2025-12-23 14:03:42.798 [] INFO  SnakesGame - Discovered game: 1 from /10.9.34.254:9190
2025-12-23 14:03:42.798 [] INFO  SnakesGame - Discovered game: 1 from /10.9.34.254:9190
2025-12-23 14:03:42.798 [] INFO  SnakesGame - Discovered game: 1 from /10.9.34.254:9190
2025-12-23 14:03:42.798 [] INFO  SnakesGame - Discovered game: 1 from /10.9.34.254:9190
2025-12-23 14:03:42.798 [] INFO  SnakesGame - Discovered game: 1 from /10.9.34.254:9190
2025-12-23 14:03:43.797 [pool-6-thread-3] INFO  SnakesGame - Sent multicast announcement to 239.192.0.4:9192 (271 bytes)
2025-12-23 14:03:43.798 [] INFO  SnakesGame - Discovered game: 1 from /10.9.34.254:9190
2025-12-23 14:03:43.798 [] INFO  SnakesGame - Discovered game: 1 from /10.9.34.254:9190
2025-12-23 14:03:43.798 [] INFO  SnakesGame - Discovered game: 1 from /10.9.34.254:9190
2025-12-23 14:03:43.798 [] INFO  SnakesGame - Discovered game: 1 from /10.9.34.254:9190
2025-12-23 14:03:43.798 [] INFO  SnakesGame - Discovered game: 1 from /10.9.34.254:9190
2025-12-23 14:03:43.798 [] INFO  SnakesGame - Discovered game: 1 from /10.9.34.254:9190
2025-12-23 14:03:44.797 [pool-6-thread-3] INFO  SnakesGame - Sent multicast announcement to 239.192.0.4:9192 (271 bytes)
2025-12-23 14:03:44.797 [] INFO  SnakesGame - Discovered game: 1 from /10.9.34.254:9190
2025-12-23 14:03:44.798 [] INFO  SnakesGame - Discovered game: 1 from /10.9.34.254:9190
2025-12-23 14:03:44.797 [] INFO  SnakesGame - Discovered game: 1 from /10.9.34.254:9190
2025-12-23 14:03:44.797 [] INFO  SnakesGame - Discovered game: 1 from /10.9.34.254:9190
2025-12-23 14:03:44.797 [] INFO  SnakesGame - Discovered game: 1 from /10.9.34.254:9190
2025-12-23 14:03:44.798 [] INFO  SnakesGame - Discovered game: 1 from /10.9.34.254:9190
2025-12-23 14:03:45.793 [pool-6-thread-3] INFO  SnakesGame - Sent multicast announcement to 239.192.0.4:9192 (271 bytes)
2025-12-23 14:03:45.793 [] INFO  SnakesGame - Discovered game: 1 from /10.9.34.254:9190
2025-12-23 14:03:45.793 [] INFO  SnakesGame - Discovered game: 1 from /10.9.34.254:9190
2025-12-23 14:03:45.793 [] INFO  SnakesGame - Discovered game: 1 from /10.9.34.254:9190
2025-12-23 14:03:45.793 [] INFO  SnakesGame - Discovered game: 1 from /10.9.34.254:9190
2025-12-23 14:03:45.793 [] INFO  SnakesGame - Discovered game: 1 from /10.9.34.254:9190
2025-12-23 14:03:45.793 [] INFO  SnakesGame - Discovered game: 1 from /10.9.34.254:9190
2025-12-23 14:03:46.797 [pool-6-thread-3] INFO  SnakesGame - Sent multicast announcement to 239.192.0.4:9192 (271 bytes)
2025-12-23 14:03:46.797 [] INFO  SnakesGame - Discovered game: 1 from /10.9.34.254:9190
2025-12-23 14:03:46.797 [] INFO  SnakesGame - Discovered game: 1 from /10.9.34.254:9190
2025-12-23 14:03:46.797 [] INFO  SnakesGame - Discovered game: 1 from /10.9.34.254:9190
2025-12-23 14:03:46.797 [] INFO  SnakesGame - Discovered game: 1 from /10.9.34.254:9190
2025-12-23 14:03:46.797 [] INFO  SnakesGame - Discovered game: 1 from /10.9.34.254:9190
2025-12-23 14:03:46.797 [] INFO  SnakesGame - Discovered game: 1 from /10.9.34.254:9190
2025-12-23 14:03:47.104 [] WARN  SnakesGame - Steer command for non-existent snake: 5
2025-12-23 14:03:47.796 [pool-6-thread-1] INFO  SnakesGame - Sent multicast announcement to 239.192.0.4:9192 (271 bytes)
2025-12-23 14:03:47.797 [] INFO  SnakesGame - Discovered game: 1 from /10.9.34.254:9190
2025-12-23 14:03:47.797 [] INFO  SnakesGame - Discovered game: 1 from /10.9.34.254:9190
2025-12-23 14:03:47.797 [] INFO  SnakesGame - Discovered game: 1 from /10.9.34.254:9190
2025-12-23 14:03:47.797 [] INFO  SnakesGame - Discovered game: 1 from /10.9.34.254:9190
2025-12-23 14:03:47.797 [] INFO  SnakesGame - Discovered game: 1 from /10.9.34.254:9190
2025-12-23 14:03:47.797 [] INFO  SnakesGame - Discovered game: 1 from /10.9.34.254:9190
2025-12-23 14:03:48.147 [] WARN  SnakesGame - Steer command for non-existent snake: 5
2025-12-23 14:03:48.793 [pool-6-thread-1] INFO  SnakesGame - Sent multicast announcement to 239.192.0.4:9192 (271 bytes)
2025-12-23 14:03:48.793 [] INFO  SnakesGame - Discovered game: 1 from /10.9.34.254:9190
2025-12-23 14:03:48.793 [] INFO  SnakesGame - Discovered game: 1 from /10.9.34.254:9190
2025-12-23 14:03:48.793 [] INFO  SnakesGame - Discovered game: 1 from /10.9.34.254:9190
2025-12-23 14:03:48.793 [] INFO  SnakesGame - Discovered game: 1 from /10.9.34.254:9190
2025-12-23 14:03:48.793 [] INFO  SnakesGame - Discovered game: 1 from /10.9.34.254:9190
2025-12-23 14:03:48.793 [] INFO  SnakesGame - Discovered game: 1 from /10.9.34.254:9190
2025-12-23 14:03:49.794 [pool-6-thread-3] INFO  SnakesGame - Sent multicast announcement to 239.192.0.4:9192 (271 bytes)
2025-12-23 14:03:49.795 [] INFO  SnakesGame - Discovered game: 1 from /10.9.34.254:9190
2025-12-23 14:03:49.795 [] INFO  SnakesGame - Discovered game: 1 from /10.9.34.254:9190
2025-12-23 14:03:49.795 [] INFO  SnakesGame - Discovered game: 1 from /10.9.34.254:9190
2025-12-23 14:03:49.795 [] INFO  SnakesGame - Discovered game: 1 from /10.9.34.254:9190
2025-12-23 14:03:49.795 [] INFO  SnakesGame - Discovered game: 1 from /10.9.34.254:9190
2025-12-23 14:03:49.795 [] INFO  SnakesGame - Discovered game: 1 from /10.9.34.254:9190
2025-12-23 14:03:50.644 [JavaFX Application Thread] INFO  SnakesGame - Leaving game
2025-12-23 14:03:50.645 [JavaFX Application Thread] INFO  SnakesGame - NORMAL node stopped
2025-12-23 14:03:50.646 [JavaFX Application Thread] INFO  SnakesGame - UDP Transport stopped
2025-12-23 14:03:50.647 [JavaFX Application Thread] INFO  SnakesGame - Found suitable interface: en0 with IPv4: 10.9.34.254
2025-12-23 14:03:50.647 [JavaFX Application Thread] INFO  SnakesGame - Multicast discovery stopped
2025-12-23 14:03:50.647 [] INFO  SnakesGame - Multicast listen loop stopped
2025-12-23 14:03:50.648 [JavaFX Application Thread] INFO  SnakesGame - NetworkManager stopped
2025-12-23 14:03:50.648 [JavaFX Application Thread] INFO  SnakesGame - Left game successfully
2025-12-23 14:03:50.796 [pool-6-thread-1] INFO  SnakesGame - Sent multicast announcement to 239.192.0.4:9192 (271 bytes)
2025-12-23 14:03:50.796 [] INFO  SnakesGame - Discovered game: 1 from /10.9.34.254:9190
2025-12-23 14:03:50.796 [] INFO  SnakesGame - Discovered game: 1 from /10.9.34.254:9190
2025-12-23 14:03:50.796 [] INFO  SnakesGame - Discovered game: 1 from /10.9.34.254:9190
2025-12-23 14:03:50.796 [] INFO  SnakesGame - Discovered game: 1 from /10.9.34.254:9190
2025-12-23 14:03:50.797 [] INFO  SnakesGame - Discovered game: 1 from /10.9.34.254:9190
2025-12-23 14:03:51.319 [] WARN  SnakesGame - Retransmitting seq=403 to /10.9.34.254:65204 (retry 1)
2025-12-23 14:03:51.797 [pool-6-thread-1] INFO  SnakesGame - Sent multicast announcement to 239.192.0.4:9192 (271 bytes)
2025-12-23 14:03:51.797 [] INFO  SnakesGame - Discovered game: 1 from /10.9.34.254:9190
2025-12-23 14:03:51.797 [] INFO  SnakesGame - Discovered game: 1 from /10.9.34.254:9190
2025-12-23 14:03:51.797 [] INFO  SnakesGame - Discovered game: 1 from /10.9.34.254:9190
2025-12-23 14:03:51.797 [] INFO  SnakesGame - Discovered game: 1 from /10.9.34.254:9190
2025-12-23 14:03:51.797 [] INFO  SnakesGame - Discovered game: 1 from /10.9.34.254:9190
2025-12-23 14:03:51.821 [] WARN  SnakesGame - Retransmitting seq=403 to /10.9.34.254:65204 (retry 2)
2025-12-23 14:03:52.325 [] WARN  SnakesGame - Retransmitting seq=403 to /10.9.34.254:65204 (retry 3)
2025-12-23 14:03:52.326 [] WARN  SnakesGame - Retransmitting seq=405 to /10.9.34.254:65204 (retry 1)
2025-12-23 14:03:52.797 [pool-6-thread-3] INFO  SnakesGame - Sent multicast announcement to 239.192.0.4:9192 (271 bytes)
2025-12-23 14:03:52.797 [] INFO  SnakesGame - Discovered game: 1 from /10.9.34.254:9190
2025-12-23 14:03:52.797 [] INFO  SnakesGame - Discovered game: 1 from /10.9.34.254:9190
2025-12-23 14:03:52.797 [] INFO  SnakesGame - Discovered game: 1 from /10.9.34.254:9190
2025-12-23 14:03:52.797 [] INFO  SnakesGame - Discovered game: 1 from /10.9.34.254:9190
2025-12-23 14:03:52.797 [] INFO  SnakesGame - Discovered game: 1 from /10.9.34.254:9190
2025-12-23 14:03:52.828 [] WARN  SnakesGame - Retransmitting seq=403 to /10.9.34.254:65204 (retry 4)
2025-12-23 14:03:52.829 [] WARN  SnakesGame - Retransmitting seq=405 to /10.9.34.254:65204 (retry 2)
2025-12-23 14:03:53.298 [pool-6-thread-2] WARN  SnakesGame - Peer /10.9.34.254:65204 timed out
2025-12-23 14:03:53.299 [pool-6-thread-2] WARN  SnakesGame - Player 0 timed out, removing
2025-12-23 14:03:53.796 [pool-6-thread-2] INFO  SnakesGame - Sent multicast announcement to 239.192.0.4:9192 (271 bytes)
2025-12-23 14:03:53.797 [] INFO  SnakesGame - Discovered game: 1 from /10.9.34.254:9190
2025-12-23 14:03:53.797 [] INFO  SnakesGame - Discovered game: 1 from /10.9.34.254:9190
2025-12-23 14:03:53.797 [] INFO  SnakesGame - Discovered game: 1 from /10.9.34.254:9190
2025-12-23 14:03:53.797 [] INFO  SnakesGame - Discovered game: 1 from /10.9.34.254:9190
2025-12-23 14:03:53.797 [] INFO  SnakesGame - Discovered game: 1 from /10.9.34.254:9190
2025-12-23 14:03:54.798 [pool-6-thread-3] INFO  SnakesGame - Sent multicast announcement to 239.192.0.4:9192 (271 bytes)
2025-12-23 14:03:54.799 [] INFO  SnakesGame - Discovered game: 1 from /10.9.34.254:9190
2025-12-23 14:03:54.799 [] INFO  SnakesGame - Discovered game: 1 from /10.9.34.254:9190
2025-12-23 14:03:54.799 [] INFO  SnakesGame - Discovered game: 1 from /10.9.34.254:9190
2025-12-23 14:03:54.799 [] INFO  SnakesGame - Discovered game: 1 from /10.9.34.254:9190
2025-12-23 14:03:54.799 [] INFO  SnakesGame - Discovered game: 1 from /10.9.34.254:9190
2025-12-23 14:03:55.797 [pool-6-thread-1] INFO  SnakesGame - Sent multicast announcement to 239.192.0.4:9192 (271 bytes)
2025-12-23 14:03:55.799 [] INFO  SnakesGame - Discovered game: 1 from /10.9.34.254:9190
2025-12-23 14:03:55.799 [] INFO  SnakesGame - Discovered game: 1 from /10.9.34.254:9190
2025-12-23 14:03:55.800 [] INFO  SnakesGame - Discovered game: 1 from /10.9.34.254:9190
2025-12-23 14:03:55.801 [] INFO  SnakesGame - Discovered game: 1 from /10.9.34.254:9190
2025-12-23 14:03:55.801 [] INFO  SnakesGame - Discovered game: 1 from /10.9.34.254:9190
2025-12-23 14:03:56.796 [pool-6-thread-3] INFO  SnakesGame - Sent multicast announcement to 239.192.0.4:9192 (271 bytes)
2025-12-23 14:03:56.796 [] INFO  SnakesGame - Discovered game: 1 from /10.9.34.254:9190
2025-12-23 14:03:56.796 [] INFO  SnakesGame - Discovered game: 1 from /10.9.34.254:9190
2025-12-23 14:03:56.796 [] INFO  SnakesGame - Discovered game: 1 from /10.9.34.254:9190
2025-12-23 14:03:56.796 [] INFO  SnakesGame - Discovered game: 1 from /10.9.34.254:9190
2025-12-23 14:03:56.797 [] INFO  SnakesGame - Discovered game: 1 from /10.9.34.254:9190
2025-12-23 14:03:57.797 [pool-6-thread-1] INFO  SnakesGame - Sent multicast announcement to 239.192.0.4:9192 (271 bytes)
2025-12-23 14:03:57.797 [] INFO  SnakesGame - Discovered game: 1 from /10.9.34.254:9190
2025-12-23 14:03:57.797 [] INFO  SnakesGame - Discovered game: 1 from /10.9.34.254:9190
2025-12-23 14:03:57.797 [] INFO  SnakesGame - Discovered game: 1 from /10.9.34.254:9190
2025-12-23 14:03:57.797 [] INFO  SnakesGame - Discovered game: 1 from /10.9.34.254:9190
2025-12-23 14:03:57.797 [] INFO  SnakesGame - Discovered game: 1 from /10.9.34.254:9190
2025-12-23 14:03:58.795 [pool-6-thread-1] INFO  SnakesGame - Sent multicast announcement to 239.192.0.4:9192 (271 bytes)
2025-12-23 14:03:58.796 [] INFO  SnakesGame - Discovered game: 1 from /10.9.34.254:9190
2025-12-23 14:03:58.796 [] INFO  SnakesGame - Discovered game: 1 from /10.9.34.254:9190
2025-12-23 14:03:58.796 [] INFO  SnakesGame - Discovered game: 1 from /10.9.34.254:9190
2025-12-23 14:03:58.796 [] INFO  SnakesGame - Discovered game: 1 from /10.9.34.254:9190
2025-12-23 14:03:58.796 [] INFO  SnakesGame - Discovered game: 1 from /10.9.34.254:9190
2025-12-23 14:03:59.796 [pool-6-thread-2] INFO  SnakesGame - Sent multicast announcement to 239.192.0.4:9192 (271 bytes)
2025-12-23 14:03:59.796 [] INFO  SnakesGame - Discovered game: 1 from /10.9.34.254:9190
2025-12-23 14:03:59.796 [] INFO  SnakesGame - Discovered game: 1 from /10.9.34.254:9190
2025-12-23 14:03:59.796 [] INFO  SnakesGame - Discovered game: 1 from /10.9.34.254:9190
2025-12-23 14:03:59.796 [] INFO  SnakesGame - Discovered game: 1 from /10.9.34.254:9190
2025-12-23 14:03:59.796 [] INFO  SnakesGame - Discovered game: 1 from /10.9.34.254:9190
2025-12-23 14:04:00.797 [pool-6-thread-2] INFO  SnakesGame - Sent multicast announcement to 239.192.0.4:9192 (271 bytes)
2025-12-23 14:04:00.797 [] INFO  SnakesGame - Discovered game: 1 from /10.9.34.254:9190
2025-12-23 14:04:00.797 [] INFO  SnakesGame - Discovered game: 1 from /10.9.34.254:9190
2025-12-23 14:04:00.797 [] INFO  SnakesGame - Discovered game: 1 from /10.9.34.254:9190
2025-12-23 14:04:00.797 [] INFO  SnakesGame - Discovered game: 1 from /10.9.34.254:9190
2025-12-23 14:04:00.797 [] INFO  SnakesGame - Discovered game: 1 from /10.9.34.254:9190
2025-12-23 14:04:01.793 [pool-6-thread-2] INFO  SnakesGame - Sent multicast announcement to 239.192.0.4:9192 (271 bytes)
2025-12-23 14:04:01.793 [] INFO  SnakesGame - Discovered game: 1 from /10.9.34.254:9190
2025-12-23 14:04:01.793 [] INFO  SnakesGame - Discovered game: 1 from /10.9.34.254:9190
2025-12-23 14:04:01.793 [] INFO  SnakesGame - Discovered game: 1 from /10.9.34.254:9190
2025-12-23 14:04:01.793 [] INFO  SnakesGame - Discovered game: 1 from /10.9.34.254:9190
2025-12-23 14:04:01.793 [] INFO  SnakesGame - Discovered game: 1 from /10.9.34.254:9190
2025-12-23 14:04:02.796 [pool-6-thread-1] INFO  SnakesGame - Sent multicast announcement to 239.192.0.4:9192 (271 bytes)
2025-12-23 14:04:02.797 [] INFO  SnakesGame - Discovered game: 1 from /10.9.34.254:9190
2025-12-23 14:04:02.797 [] INFO  SnakesGame - Discovered game: 1 from /10.9.34.254:9190
2025-12-23 14:04:02.797 [] INFO  SnakesGame - Discovered game: 1 from /10.9.34.254:9190
2025-12-23 14:04:02.797 [] INFO  SnakesGame - Discovered game: 1 from /10.9.34.254:9190
2025-12-23 14:04:02.797 [] INFO  SnakesGame - Discovered game: 1 from /10.9.34.254:9190
2025-12-23 14:04:03.797 [pool-6-thread-2] INFO  SnakesGame - Sent multicast announcement to 239.192.0.4:9192 (271 bytes)
2025-12-23 14:04:03.797 [] INFO  SnakesGame - Discovered game: 1 from /10.9.34.254:9190
2025-12-23 14:04:03.797 [] INFO  SnakesGame - Discovered game: 1 from /10.9.34.254:9190
2025-12-23 14:04:03.797 [] INFO  SnakesGame - Discovered game: 1 from /10.9.34.254:9190
2025-12-23 14:04:03.797 [] INFO  SnakesGame - Discovered game: 1 from /10.9.34.254:9190
2025-12-23 14:04:03.797 [] INFO  SnakesGame - Discovered game: 1 from /10.9.34.254:9190
2025-12-23 14:04:04.792 [pool-6-thread-2] INFO  SnakesGame - Sent multicast announcement to 239.192.0.4:9192 (271 bytes)
2025-12-23 14:04:04.793 [] INFO  SnakesGame - Discovered game: 1 from /10.9.34.254:9190
2025-12-23 14:04:04.793 [] INFO  SnakesGame - Discovered game: 1 from /10.9.34.254:9190
2025-12-23 14:04:04.793 [] INFO  SnakesGame - Discovered game: 1 from /10.9.34.254:9190
2025-12-23 14:04:04.793 [] INFO  SnakesGame - Discovered game: 1 from /10.9.34.254:9190
2025-12-23 14:04:04.793 [] INFO  SnakesGame - Discovered game: 1 from /10.9.34.254:9190
2025-12-23 14:04:05.796 [pool-6-thread-1] INFO  SnakesGame - Sent multicast announcement to 239.192.0.4:9192 (271 bytes)
2025-12-23 14:04:05.797 [] INFO  SnakesGame - Discovered game: 1 from /10.9.34.254:9190
2025-12-23 14:04:05.797 [] INFO  SnakesGame - Discovered game: 1 from /10.9.34.254:9190
2025-12-23 14:04:05.797 [] INFO  SnakesGame - Discovered game: 1 from /10.9.34.254:9190
2025-12-23 14:04:05.797 [] INFO  SnakesGame - Discovered game: 1 from /10.9.34.254:9190
2025-12-23 14:04:05.797 [] INFO  SnakesGame - Discovered game: 1 from /10.9.34.254:9190
2025-12-23 14:04:06.796 [pool-6-thread-2] INFO  SnakesGame - Sent multicast announcement to 239.192.0.4:9192 (271 bytes)
2025-12-23 14:04:06.797 [] INFO  SnakesGame - Discovered game: 1 from /10.9.34.254:9190
2025-12-23 14:04:06.797 [] INFO  SnakesGame - Discovered game: 1 from /10.9.34.254:9190
2025-12-23 14:04:06.797 [] INFO  SnakesGame - Discovered game: 1 from /10.9.34.254:9190
2025-12-23 14:04:06.797 [] INFO  SnakesGame - Discovered game: 1 from /10.9.34.254:9190
2025-12-23 14:04:06.797 [] INFO  SnakesGame - Discovered game: 1 from /10.9.34.254:9190
2025-12-23 14:04:07.497 [JavaFX Application Thread] INFO  SnakesGame - Leaving game
2025-12-23 14:04:07.498 [JavaFX Application Thread] INFO  SnakesGame - NORMAL node stopped
2025-12-23 14:04:07.498 [JavaFX Application Thread] INFO  SnakesGame - UDP Transport stopped
2025-12-23 14:04:07.499 [JavaFX Application Thread] INFO  SnakesGame - Found suitable interface: en0 with IPv4: 10.9.34.254
2025-12-23 14:04:07.499 [JavaFX Application Thread] INFO  SnakesGame - Multicast discovery stopped
2025-12-23 14:04:07.499 [JavaFX Application Thread] INFO  SnakesGame - NetworkManager stopped
2025-12-23 14:04:07.499 [JavaFX Application Thread] INFO  SnakesGame - Left game successfully
2025-12-23 14:04:07.499 [] INFO  SnakesGame - Multicast listen loop stopped
2025-12-23 14:04:07.796 [pool-6-thread-2] INFO  SnakesGame - Sent multicast announcement to 239.192.0.4:9192 (271 bytes)
2025-12-23 14:04:07.797 [] INFO  SnakesGame - Discovered game: 1 from /10.9.34.254:9190
2025-12-23 14:04:07.797 [] INFO  SnakesGame - Discovered game: 1 from /10.9.34.254:9190
2025-12-23 14:04:07.797 [] INFO  SnakesGame - Discovered game: 1 from /10.9.34.254:9190
2025-12-23 14:04:07.797 [] INFO  SnakesGame - Discovered game: 1 from /10.9.34.254:9190
2025-12-23 14:04:08.308 [] WARN  SnakesGame - Retransmitting seq=438 to /10.9.34.254:55819 (retry 1)
2025-12-23 14:04:08.796 [pool-6-thread-3] INFO  SnakesGame - Sent multicast announcement to 239.192.0.4:9192 (271 bytes)
2025-12-23 14:04:08.796 [] INFO  SnakesGame - Discovered game: 1 from /10.9.34.254:9190
2025-12-23 14:04:08.796 [] INFO  SnakesGame - Discovered game: 1 from /10.9.34.254:9190
2025-12-23 14:04:08.796 [] INFO  SnakesGame - Discovered game: 1 from /10.9.34.254:9190
2025-12-23 14:04:08.796 [] INFO  SnakesGame - Discovered game: 1 from /10.9.34.254:9190
2025-12-23 14:04:08.812 [] WARN  SnakesGame - Retransmitting seq=438 to /10.9.34.254:55819 (retry 2)
2025-12-23 14:04:09.317 [] WARN  SnakesGame - Retransmitting seq=438 to /10.9.34.254:55819 (retry 3)
2025-12-23 14:04:09.317 [] WARN  SnakesGame - Retransmitting seq=439 to /10.9.34.254:55819 (retry 1)
2025-12-23 14:04:09.799 [pool-6-thread-3] INFO  SnakesGame - Sent multicast announcement to 239.192.0.4:9192 (271 bytes)
2025-12-23 14:04:09.800 [] INFO  SnakesGame - Discovered game: 1 from /10.9.34.254:9190
2025-12-23 14:04:09.801 [] INFO  SnakesGame - Discovered game: 1 from /10.9.34.254:9190
2025-12-23 14:04:09.802 [] INFO  SnakesGame - Discovered game: 1 from /10.9.34.254:9190
2025-12-23 14:04:09.802 [] INFO  SnakesGame - Discovered game: 1 from /10.9.34.254:9190
2025-12-23 14:04:09.823 [] WARN  SnakesGame - Retransmitting seq=438 to /10.9.34.254:55819 (retry 4)
2025-12-23 14:04:09.823 [] WARN  SnakesGame - Retransmitting seq=439 to /10.9.34.254:55819 (retry 2)
2025-12-23 14:04:10.330 [] WARN  SnakesGame - Retransmitting seq=438 to /10.9.34.254:55819 (retry 5)
2025-12-23 14:04:10.330 [] WARN  SnakesGame - Retransmitting seq=439 to /10.9.34.254:55819 (retry 3)
2025-12-23 14:04:10.331 [] WARN  SnakesGame - Retransmitting seq=441 to /10.9.34.254:55819 (retry 1)
2025-12-23 14:04:10.585 [] ERROR SnakesGame - Message seq=438 to /10.9.34.254:55819 failed after 5 retries
2025-12-23 14:04:10.797 [pool-6-thread-3] INFO  SnakesGame - Sent multicast announcement to 239.192.0.4:9192 (271 bytes)
2025-12-23 14:04:10.799 [] INFO  SnakesGame - Discovered game: 1 from /10.9.34.254:9190
2025-12-23 14:04:10.799 [] INFO  SnakesGame - Discovered game: 1 from /10.9.34.254:9190
2025-12-23 14:04:10.800 [] INFO  SnakesGame - Discovered game: 1 from /10.9.34.254:9190
2025-12-23 14:04:10.800 [] INFO  SnakesGame - Discovered game: 1 from /10.9.34.254:9190
2025-12-23 14:04:10.838 [] WARN  SnakesGame - Retransmitting seq=439 to /10.9.34.254:55819 (retry 4)
2025-12-23 14:04:10.838 [] WARN  SnakesGame - Retransmitting seq=441 to /10.9.34.254:55819 (retry 2)
2025-12-23 14:04:11.298 [pool-6-thread-3] WARN  SnakesGame - Peer /10.9.34.254:55819 timed out
2025-12-23 14:04:11.299 [pool-6-thread-3] WARN  SnakesGame - Player 1 timed out, removing
2025-12-23 14:04:11.299 [pool-6-thread-3] INFO  SnakesGame - Player 1 left, snake became zombie
2025-12-23 14:04:11.299 [pool-6-thread-3] INFO  SnakesGame - Player 1 left, snake became zombie
2025-12-23 14:04:11.713 [JavaFX Application Thread] INFO  SnakesGame - Leaving game
2025-12-23 14:04:11.713 [JavaFX Application Thread] INFO  SnakesGame - DEPUTY node stopped
2025-12-23 14:04:11.714 [JavaFX Application Thread] INFO  SnakesGame - UDP Transport stopped
2025-12-23 14:04:11.715 [JavaFX Application Thread] INFO  SnakesGame - Found suitable interface: en0 with IPv4: 10.9.34.254
2025-12-23 14:04:11.715 [JavaFX Application Thread] INFO  SnakesGame - Multicast discovery stopped
2025-12-23 14:04:11.715 [JavaFX Application Thread] INFO  SnakesGame - NetworkManager stopped
2025-12-23 14:04:11.715 [JavaFX Application Thread] INFO  SnakesGame - Left game successfully
2025-12-23 14:04:11.715 [] INFO  SnakesGame - Multicast listen loop stopped
2025-12-23 14:04:11.796 [pool-6-thread-3] INFO  SnakesGame - Sent multicast announcement to 239.192.0.4:9192 (235 bytes)
2025-12-23 14:04:11.796 [] INFO  SnakesGame - Discovered game: 1 from /10.9.34.254:9190
2025-12-23 14:04:11.796 [] INFO  SnakesGame - Discovered game: 1 from /10.9.34.254:9190
2025-12-23 14:04:11.796 [] INFO  SnakesGame - Discovered game: 1 from /10.9.34.254:9190
2025-12-23 14:04:12.354 [] WARN  SnakesGame - Retransmitting seq=445 to /10.9.34.254:50093 (retry 1)
2025-12-23 14:04:12.796 [pool-6-thread-3] INFO  SnakesGame - Sent multicast announcement to 239.192.0.4:9192 (235 bytes)
2025-12-23 14:04:12.796 [] INFO  SnakesGame - Discovered game: 1 from /10.9.34.254:9190
2025-12-23 14:04:12.796 [] INFO  SnakesGame - Discovered game: 1 from /10.9.34.254:9190
2025-12-23 14:04:12.796 [] INFO  SnakesGame - Discovered game: 1 from /10.9.34.254:9190
2025-12-23 14:04:12.865 [] WARN  SnakesGame - Retransmitting seq=445 to /10.9.34.254:50093 (retry 2)
2025-12-23 14:04:13.371 [] WARN  SnakesGame - Retransmitting seq=445 to /10.9.34.254:50093 (retry 3)
2025-12-23 14:04:13.371 [] WARN  SnakesGame - Retransmitting seq=447 to /10.9.34.254:50093 (retry 1)
2025-12-23 14:04:13.798 [pool-6-thread-2] INFO  SnakesGame - Sent multicast announcement to 239.192.0.4:9192 (235 bytes)
2025-12-23 14:04:13.798 [] INFO  SnakesGame - Discovered game: 1 from /10.9.34.254:9190
2025-12-23 14:04:13.798 [] INFO  SnakesGame - Discovered game: 1 from /10.9.34.254:9190
2025-12-23 14:04:13.798 [] INFO  SnakesGame - Discovered game: 1 from /10.9.34.254:9190
2025-12-23 14:04:13.875 [] WARN  SnakesGame - Retransmitting seq=445 to /10.9.34.254:50093 (retry 4)
2025-12-23 14:04:13.875 [] WARN  SnakesGame - Retransmitting seq=447 to /10.9.34.254:50093 (retry 2)
2025-12-23 14:04:14.033 [JavaFX Application Thread] INFO  SnakesGame - Leaving game
2025-12-23 14:04:14.033 [JavaFX Application Thread] INFO  SnakesGame - MASTER node stopped
2025-12-23 14:04:14.033 [JavaFX Application Thread] INFO  SnakesGame - UDP Transport stopped
2025-12-23 14:04:14.033 [JavaFX Application Thread] INFO  SnakesGame - Found suitable interface: en0 with IPv4: 10.9.34.254
2025-12-23 14:04:14.033 [JavaFX Application Thread] INFO  SnakesGame - Multicast discovery stopped
2025-12-23 14:04:14.033 [JavaFX Application Thread] INFO  SnakesGame - NetworkManager stopped
2025-12-23 14:04:14.033 [JavaFX Application Thread] INFO  SnakesGame - Left game successfully
2025-12-23 14:04:14.034 [] INFO  SnakesGame - Multicast listen loop stopped
2025-12-23 14:04:15.033 [] WARN  SnakesGame - Retransmitting seq=134 to /10.9.34.254:9190 (retry 1)
2025-12-23 14:04:15.333 [] WARN  SnakesGame - Retransmitting seq=103 to /10.9.34.254:9190 (retry 1)
2025-12-23 14:04:15.542 [] WARN  SnakesGame - Retransmitting seq=134 to /10.9.34.254:9190 (retry 2)
2025-12-23 14:04:15.793 [JavaFX Application Thread] INFO  SnakesGame - Leaving game
2025-12-23 14:04:15.793 [JavaFX Application Thread] INFO  SnakesGame - NORMAL node stopped
2025-12-23 14:04:15.794 [JavaFX Application Thread] INFO  SnakesGame - UDP Transport stopped
2025-12-23 14:04:15.794 [JavaFX Application Thread] INFO  SnakesGame - Found suitable interface: en0 with IPv4: 10.9.34.254
2025-12-23 14:04:15.794 [JavaFX Application Thread] INFO  SnakesGame - Multicast discovery stopped
2025-12-23 14:04:15.794 [] INFO  SnakesGame - Multicast listen loop stopped
2025-12-23 14:04:15.795 [JavaFX Application Thread] INFO  SnakesGame - NetworkManager stopped
2025-12-23 14:04:15.795 [JavaFX Application Thread] INFO  SnakesGame - Left game successfully
2025-12-23 14:04:15.837 [] WARN  SnakesGame - Retransmitting seq=103 to /10.9.34.254:9190 (retry 2)
2025-12-23 14:04:16.344 [] WARN  SnakesGame - Retransmitting seq=103 to /10.9.34.254:9190 (retry 3)
2025-12-23 14:04:16.348 [] WARN  SnakesGame - Retransmitting seq=104 to /10.9.34.254:9190 (retry 1)
2025-12-23 14:04:16.857 [] WARN  SnakesGame - Retransmitting seq=103 to /10.9.34.254:9190 (retry 4)
2025-12-23 14:04:16.858 [] WARN  SnakesGame - Retransmitting seq=104 to /10.9.34.254:9190 (retry 2)
2025-12-23 14:04:16.904 [pool-2-thread-1] WARN  SnakesGame - Master timed out (3106ms>3000ms), switching master /10.9.34.254:9190 -> deputy /10.9.34.254:63265
2025-12-23 14:04:16.904 [pool-2-thread-1] INFO  SnakesGame - Redirected pending messages /10.9.34.254:9190 -> /10.9.34.254:63265
2025-12-23 14:04:17.363 [] WARN  SnakesGame - Retransmitting seq=103 to /10.9.34.254:63265 (retry 5)
2025-12-23 14:04:17.363 [] WARN  SnakesGame - Retransmitting seq=104 to /10.9.34.254:63265 (retry 3)
2025-12-23 14:04:17.363 [] WARN  SnakesGame - Retransmitting seq=105 to /10.9.34.254:63265 (retry 1)
2025-12-23 14:04:17.616 [] ERROR SnakesGame - Message seq=103 to /10.9.34.254:63265 failed after 5 retries
2025-12-23 14:04:17.616 [JavaFX Application Thread] INFO  SnakesGame - Leaving game
2025-12-23 14:04:17.617 [JavaFX Application Thread] INFO  SnakesGame - NORMAL node stopped
2025-12-23 14:04:17.617 [JavaFX Application Thread] INFO  SnakesGame - UDP Transport stopped
2025-12-23 14:04:17.618 [JavaFX Application Thread] INFO  SnakesGame - Found suitable interface: en0 with IPv4: 10.9.34.254
2025-12-23 14:04:17.618 [JavaFX Application Thread] INFO  SnakesGame - Multicast discovery stopped
2025-12-23 14:04:17.618 [] INFO  SnakesGame - Multicast listen loop stopped
2025-12-23 14:04:17.618 [JavaFX Application Thread] INFO  SnakesGame - NetworkManager stopped
2025-12-23 14:04:17.618 [JavaFX Application Thread] INFO  SnakesGame - Left game successfully
2025-12-23 14:14:10.767 [JavaFX Application Thread] INFO  SnakesGame - Starting Snakes Application
2025-12-23 14:14:12.172 [JavaFX Application Thread] INFO  SnakesGame - Opening Create Game dialog
2025-12-23 14:14:14.473 [JavaFX Application Thread] INFO  SnakesGame - Creating new game: 1
2025-12-23 14:14:14.491 [JavaFX Application Thread] INFO  SnakesGame - UDP Transport started on port 9190
2025-12-23 14:14:14.492 [JavaFX Application Thread] INFO  SnakesGame - Looking for suitable multicast interface...
2025-12-23 14:14:14.495 [JavaFX Application Thread] INFO  SnakesGame - Found suitable interface: utun4 with IPv4: 198.18.0.1
2025-12-23 14:14:14.496 [JavaFX Application Thread] INFO  SnakesGame - Joined multicast group using interface: utun4 (utun4)
2025-12-23 14:14:14.496 [JavaFX Application Thread] INFO  SnakesGame - Set multicast send interface to: utun4 (utun4)
2025-12-23 14:14:14.498 [JavaFX Application Thread] INFO  SnakesGame - Multicast discovery started on 239.192.0.4:9192
2025-12-23 14:14:14.499 [] INFO  SnakesGame - Multicast listen loop started
2025-12-23 14:14:14.501 [JavaFX Application Thread] INFO  SnakesGame - NetworkManager started successfully
2025-12-23 14:14:14.503 [JavaFX Application Thread] INFO  SnakesGame - Creating new GameEngine for new game
2025-12-23 14:14:14.508 [JavaFX Application Thread] INFO  SnakesGame - Created snake for player 1: head=Coord[x=33, y=1], tail=Coord[x=32, y=1], direction=RIGHT
2025-12-23 14:14:14.511 [JavaFX Application Thread] INFO  SnakesGame - Player 1 joined the game with snake at Coord[x=34, y=1]
2025-12-23 14:14:14.511 [JavaFX Application Thread] INFO  SnakesGame - Master created with snake at Coord[x=34, y=1]
2025-12-23 14:14:14.512 [JavaFX Application Thread] INFO  SnakesGame - Using existing GameEngine from onStart()
2025-12-23 14:14:14.512 [JavaFX Application Thread] INFO  SnakesGame - Starting timeout checker: timeoutMs=3000, checkInterval=1500ms
2025-12-23 14:14:14.513 [JavaFX Application Thread] INFO  SnakesGame - MASTER node started for player 1
2025-12-23 14:14:14.513 [JavaFX Application Thread] INFO  SnakesGame - MASTER node started for player 1
2025-12-23 14:14:14.513 [JavaFX Application Thread] INFO  SnakesGame - Game created successfully as MASTER
2025-12-23 14:14:14.513 [JavaFX Application Thread] INFO  SnakesGame - Game created: 1
2025-12-23 14:14:14.540 [pool-2-thread-3] INFO  SnakesGame - Sent multicast announcement to 239.192.0.4:9192 (50 bytes)
2025-12-23 14:14:14.541 [JavaFX Application Thread] INFO  SnakesGame - GameController initialized
2025-12-23 14:14:14.541 [JavaFX Application Thread] INFO  SnakesGame - GameService connected to GameController
2025-12-23 14:14:14.545 [] INFO  SnakesGame - Discovered game: 1 from /198.18.0.1:9190
2025-12-23 14:14:15.511 [JavaFX Application Thread] INFO  SnakesGame - Starting Snakes Application
2025-12-23 14:14:15.517 [pool-2-thread-3] INFO  SnakesGame - Sent multicast announcement to 239.192.0.4:9192 (50 bytes)
2025-12-23 14:14:15.518 [] INFO  SnakesGame - Discovered game: 1 from /198.18.0.1:9190
2025-12-23 14:14:16.518 [pool-2-thread-3] INFO  SnakesGame - Sent multicast announcement to 239.192.0.4:9192 (50 bytes)
2025-12-23 14:14:16.518 [] INFO  SnakesGame - Discovered game: 1 from /198.18.0.1:9190
2025-12-23 14:14:17.519 [pool-2-thread-3] INFO  SnakesGame - Sent multicast announcement to 239.192.0.4:9192 (50 bytes)
2025-12-23 14:14:17.520 [] INFO  SnakesGame - Discovered game: 1 from /198.18.0.1:9190
2025-12-23 14:14:18.519 [pool-2-thread-2] INFO  SnakesGame - Sent multicast announcement to 239.192.0.4:9192 (50 bytes)
2025-12-23 14:14:18.528 [] INFO  SnakesGame - Discovered game: 1 from /198.18.0.1:9190
2025-12-23 14:14:19.124 [JavaFX Application Thread] INFO  SnakesGame - Opening Lobby
2025-12-23 14:14:19.158 [JavaFX Application Thread] INFO  SnakesGame - Looking for suitable multicast interface...
2025-12-23 14:14:19.160 [JavaFX Application Thread] INFO  SnakesGame - Found suitable interface: utun4 with IPv4: 198.18.0.1
2025-12-23 14:14:19.161 [JavaFX Application Thread] INFO  SnakesGame - Joined multicast group using interface: utun4 (utun4)
2025-12-23 14:14:19.161 [JavaFX Application Thread] INFO  SnakesGame - Set multicast send interface to: utun4 (utun4)
2025-12-23 14:14:19.162 [JavaFX Application Thread] INFO  SnakesGame - Multicast discovery started on 239.192.0.4:9192
2025-12-23 14:14:19.162 [] INFO  SnakesGame - Multicast listen loop started
2025-12-23 14:14:19.163 [JavaFX Application Thread] INFO  SnakesGame - Discovery service started
2025-12-23 14:14:19.163 [JavaFX Application Thread] INFO  SnakesGame - Discovery started in lobby
2025-12-23 14:14:19.516 [pool-2-thread-2] INFO  SnakesGame - Sent multicast announcement to 239.192.0.4:9192 (50 bytes)
2025-12-23 14:14:19.516 [] INFO  SnakesGame - Discovered game: 1 from /198.18.0.1:9190
2025-12-23 14:14:19.549 [] INFO  SnakesGame - Discovered new game: 1 at /198.18.0.1:9190
2025-12-23 14:14:19.549 [] INFO  SnakesGame - Discovered game: 1 from /198.18.0.1:9190
2025-12-23 14:14:19.550 [JavaFX Application Thread] INFO  SnakesGame - Game added to lobby: 1 at /198.18.0.1:9190
2025-12-23 14:14:20.516 [pool-2-thread-2] INFO  SnakesGame - Sent multicast announcement to 239.192.0.4:9192 (50 bytes)
2025-12-23 14:14:20.517 [] INFO  SnakesGame - Discovered game: 1 from /198.18.0.1:9190
2025-12-23 14:14:20.517 [] INFO  SnakesGame - Discovered game: 1 from /198.18.0.1:9190
2025-12-23 14:14:21.522 [pool-2-thread-3] INFO  SnakesGame - Sent multicast announcement to 239.192.0.4:9192 (50 bytes)
2025-12-23 14:14:21.523 [] INFO  SnakesGame - Discovered game: 1 from /198.18.0.1:9190
2025-12-23 14:14:21.523 [] INFO  SnakesGame - Discovered game: 1 from /198.18.0.1:9190
2025-12-23 14:14:22.516 [pool-2-thread-1] INFO  SnakesGame - Sent multicast announcement to 239.192.0.4:9192 (50 bytes)
2025-12-23 14:14:22.516 [] INFO  SnakesGame - Discovered game: 1 from /198.18.0.1:9190
2025-12-23 14:14:22.517 [] INFO  SnakesGame - Discovered game: 1 from /198.18.0.1:9190
2025-12-23 14:14:23.518 [pool-2-thread-1] INFO  SnakesGame - Sent multicast announcement to 239.192.0.4:9192 (50 bytes)
2025-12-23 14:14:23.518 [] INFO  SnakesGame - Discovered game: 1 from /198.18.0.1:9190
2025-12-23 14:14:23.518 [] INFO  SnakesGame - Discovered game: 1 from /198.18.0.1:9190
2025-12-23 14:14:24.517 [pool-2-thread-1] INFO  SnakesGame - Sent multicast announcement to 239.192.0.4:9192 (50 bytes)
2025-12-23 14:14:24.518 [] INFO  SnakesGame - Discovered game: 1 from /198.18.0.1:9190
2025-12-23 14:14:24.518 [] INFO  SnakesGame - Discovered game: 1 from /198.18.0.1:9190
2025-12-23 14:14:25.519 [pool-2-thread-3] INFO  SnakesGame - Sent multicast announcement to 239.192.0.4:9192 (50 bytes)
2025-12-23 14:14:25.524 [] INFO  SnakesGame - Discovered game: 1 from /198.18.0.1:9190
2025-12-23 14:14:25.524 [] INFO  SnakesGame - Discovered game: 1 from /198.18.0.1:9190
2025-12-23 14:14:25.742 [JavaFX Application Thread] INFO  SnakesGame - Connecting to master at /198.18.0.1:9190
2025-12-23 14:14:25.745 [JavaFX Application Thread] INFO  SnakesGame - Joining game: 1
2025-12-23 14:14:25.750 [JavaFX Application Thread] INFO  SnakesGame - UDP Transport started on port 54785
2025-12-23 14:14:25.750 [JavaFX Application Thread] INFO  SnakesGame - Looking for suitable multicast interface...
2025-12-23 14:14:25.751 [JavaFX Application Thread] INFO  SnakesGame - Found suitable interface: utun4 with IPv4: 198.18.0.1
2025-12-23 14:14:25.751 [JavaFX Application Thread] INFO  SnakesGame - Joined multicast group using interface: utun4 (utun4)
2025-12-23 14:14:25.751 [JavaFX Application Thread] INFO  SnakesGame - Set multicast send interface to: utun4 (utun4)
2025-12-23 14:14:25.751 [JavaFX Application Thread] INFO  SnakesGame - Multicast discovery started on 239.192.0.4:9192
2025-12-23 14:14:25.752 [] INFO  SnakesGame - Multicast listen loop started
2025-12-23 14:14:25.753 [JavaFX Application Thread] INFO  SnakesGame - NetworkManager started successfully
2025-12-23 14:14:25.758 [JavaFX Application Thread] INFO  SnakesGame - NormalNode started, master at /198.18.0.1:9190
2025-12-23 14:14:25.758 [JavaFX Application Thread] INFO  SnakesGame - NORMAL node started for player 2
2025-12-23 14:14:25.763 [JavaFX Application Thread] INFO  SnakesGame - Join request sent to master at /198.18.0.1:9190
2025-12-23 14:14:25.763 [JavaFX Application Thread] INFO  SnakesGame - Client started, waiting for role assignment
2025-12-23 14:14:25.763 [JavaFX Application Thread] INFO  SnakesGame - Joined game: 1
2025-12-23 14:14:25.763 [JavaFX Application Thread] INFO  SnakesGame - Found suitable interface: utun4 with IPv4: 198.18.0.1
2025-12-23 14:14:25.764 [JavaFX Application Thread] INFO  SnakesGame - Multicast discovery stopped
2025-12-23 14:14:25.764 [JavaFX Application Thread] INFO  SnakesGame - Discovery service stopped
2025-12-23 14:14:25.765 [] INFO  SnakesGame - Multicast listen loop stopped
2025-12-23 14:14:25.779 [JavaFX Application Thread] INFO  SnakesGame - GameController initialized
2025-12-23 14:14:25.780 [JavaFX Application Thread] INFO  SnakesGame - GameService connected to GameController
2025-12-23 14:14:26.518 [] WARN  SnakesGame - Retransmitting seq=0 to /198.18.0.1:9190 (retry 1)
2025-12-23 14:14:26.520 [pool-2-thread-3] INFO  SnakesGame - Sent multicast announcement to 239.192.0.4:9192 (50 bytes)
2025-12-23 14:14:26.520 [] INFO  SnakesGame - Discovered game: 1 from /198.18.0.1:9190
2025-12-23 14:14:26.520 [] INFO  SnakesGame - Discovered game: 1 from /198.18.0.1:9190
2025-12-23 14:14:26.773 [] WARN  SnakesGame - Retransmitting seq=0 to /198.18.0.1:9190 (retry 2)
2025-12-23 14:14:27.281 [] WARN  SnakesGame - Retransmitting seq=0 to /198.18.0.1:9190 (retry 3)
2025-12-23 14:14:27.281 [] WARN  SnakesGame - Retransmitting seq=1 to /198.18.0.1:9190 (retry 1)
2025-12-23 14:14:27.516 [pool-2-thread-3] INFO  SnakesGame - Sent multicast announcement to 239.192.0.4:9192 (50 bytes)
2025-12-23 14:14:27.517 [] INFO  SnakesGame - Discovered game: 1 from /198.18.0.1:9190
2025-12-23 14:14:27.517 [] INFO  SnakesGame - Discovered game: 1 from /198.18.0.1:9190
2025-12-23 14:14:27.786 [] WARN  SnakesGame - Retransmitting seq=0 to /198.18.0.1:9190 (retry 4)
2025-12-23 14:14:27.787 [] WARN  SnakesGame - Retransmitting seq=1 to /198.18.0.1:9190 (retry 2)
2025-12-23 14:14:28.296 [] WARN  SnakesGame - Retransmitting seq=0 to /198.18.0.1:9190 (retry 5)
2025-12-23 14:14:28.298 [] WARN  SnakesGame - Retransmitting seq=1 to /198.18.0.1:9190 (retry 3)
2025-12-23 14:14:28.299 [] WARN  SnakesGame - Retransmitting seq=2 to /198.18.0.1:9190 (retry 1)
2025-12-23 14:14:28.516 [pool-2-thread-1] INFO  SnakesGame - Sent multicast announcement to 239.192.0.4:9192 (50 bytes)
2025-12-23 14:14:28.520 [] INFO  SnakesGame - Discovered game: 1 from /198.18.0.1:9190
2025-12-23 14:14:28.520 [] INFO  SnakesGame - Discovered game: 1 from /198.18.0.1:9190
2025-12-23 14:14:28.553 [] ERROR SnakesGame - Message seq=0 to /198.18.0.1:9190 failed after 5 retries
2025-12-23 14:14:28.761 [pool-2-thread-1] WARN  SnakesGame - Master timed out, but deputy is unknown (no state yet?)
2025-12-23 14:14:28.805 [] WARN  SnakesGame - Retransmitting seq=1 to /198.18.0.1:9190 (retry 4)
2025-12-23 14:14:28.806 [] WARN  SnakesGame - Retransmitting seq=2 to /198.18.0.1:9190 (retry 2)
2025-12-23 14:14:28.962 [pool-2-thread-1] WARN  SnakesGame - Master timed out, but deputy is unknown (no state yet?)
2025-12-23 14:14:29.162 [pool-2-thread-1] WARN  SnakesGame - Master timed out, but deputy is unknown (no state yet?)
2025-12-23 14:14:29.314 [] WARN  SnakesGame - Retransmitting seq=1 to /198.18.0.1:9190 (retry 5)
2025-12-23 14:14:29.315 [] WARN  SnakesGame - Retransmitting seq=2 to /198.18.0.1:9190 (retry 3)
2025-12-23 14:14:29.316 [] WARN  SnakesGame - Retransmitting seq=3 to /198.18.0.1:9190 (retry 1)
2025-12-23 14:14:29.362 [pool-2-thread-1] WARN  SnakesGame - Master timed out, but deputy is unknown (no state yet?)
2025-12-23 14:14:29.518 [pool-2-thread-1] INFO  SnakesGame - Sent multicast announcement to 239.192.0.4:9192 (50 bytes)
2025-12-23 14:14:29.518 [] INFO  SnakesGame - Discovered game: 1 from /198.18.0.1:9190
2025-12-23 14:14:29.518 [] INFO  SnakesGame - Discovered game: 1 from /198.18.0.1:9190
2025-12-23 14:14:29.562 [pool-2-thread-1] WARN  SnakesGame - Master timed out, but deputy is unknown (no state yet?)
2025-12-23 14:14:29.570 [] ERROR SnakesGame - Message seq=1 to /198.18.0.1:9190 failed after 5 retries
2025-12-23 14:14:29.764 [pool-2-thread-1] WARN  SnakesGame - Master timed out, but deputy is unknown (no state yet?)
2025-12-23 14:14:29.827 [] WARN  SnakesGame - Retransmitting seq=2 to /198.18.0.1:9190 (retry 4)
2025-12-23 14:14:29.828 [] WARN  SnakesGame - Retransmitting seq=3 to /198.18.0.1:9190 (retry 2)
2025-12-23 14:14:29.964 [pool-2-thread-1] WARN  SnakesGame - Master timed out, but deputy is unknown (no state yet?)
2025-12-23 14:14:30.160 [pool-2-thread-1] WARN  SnakesGame - Master timed out, but deputy is unknown (no state yet?)
2025-12-23 14:14:30.339 [] WARN  SnakesGame - Retransmitting seq=2 to /198.18.0.1:9190 (retry 5)
2025-12-23 14:14:30.339 [] WARN  SnakesGame - Retransmitting seq=3 to /198.18.0.1:9190 (retry 3)
2025-12-23 14:14:30.340 [] WARN  SnakesGame - Retransmitting seq=4 to /198.18.0.1:9190 (retry 1)
2025-12-23 14:14:30.363 [pool-2-thread-1] WARN  SnakesGame - Master timed out, but deputy is unknown (no state yet?)
2025-12-23 14:14:30.519 [pool-2-thread-1] INFO  SnakesGame - Sent multicast announcement to 239.192.0.4:9192 (50 bytes)
2025-12-23 14:14:30.523 [] INFO  SnakesGame - Discovered game: 1 from /198.18.0.1:9190
2025-12-23 14:14:30.523 [] INFO  SnakesGame - Discovered game: 1 from /198.18.0.1:9190
2025-12-23 14:14:30.562 [pool-2-thread-1] WARN  SnakesGame - Master timed out, but deputy is unknown (no state yet?)
2025-12-23 14:14:30.590 [] ERROR SnakesGame - Message seq=2 to /198.18.0.1:9190 failed after 5 retries
2025-12-23 14:14:30.760 [pool-2-thread-1] WARN  SnakesGame - Master timed out, but deputy is unknown (no state yet?)
2025-12-23 14:14:30.846 [] WARN  SnakesGame - Retransmitting seq=3 to /198.18.0.1:9190 (retry 4)
2025-12-23 14:14:30.846 [] WARN  SnakesGame - Retransmitting seq=4 to /198.18.0.1:9190 (retry 2)
2025-12-23 14:14:30.963 [pool-2-thread-1] WARN  SnakesGame - Master timed out, but deputy is unknown (no state yet?)
2025-12-23 14:14:31.168 [pool-2-thread-1] WARN  SnakesGame - Master timed out, but deputy is unknown (no state yet?)
2025-12-23 14:14:31.357 [] WARN  SnakesGame - Retransmitting seq=3 to /198.18.0.1:9190 (retry 5)
2025-12-23 14:14:31.358 [] WARN  SnakesGame - Retransmitting seq=4 to /198.18.0.1:9190 (retry 3)
2025-12-23 14:14:31.359 [] WARN  SnakesGame - Retransmitting seq=5 to /198.18.0.1:9190 (retry 1)
2025-12-23 14:14:31.363 [pool-2-thread-1] WARN  SnakesGame - Master timed out, but deputy is unknown (no state yet?)
2025-12-23 14:14:31.520 [pool-2-thread-3] INFO  SnakesGame - Sent multicast announcement to 239.192.0.4:9192 (50 bytes)
2025-12-23 14:14:31.520 [] INFO  SnakesGame - Discovered game: 1 from /198.18.0.1:9190
2025-12-23 14:14:31.520 [] INFO  SnakesGame - Discovered game: 1 from /198.18.0.1:9190
2025-12-23 14:14:31.563 [pool-2-thread-1] WARN  SnakesGame - Master timed out, but deputy is unknown (no state yet?)
2025-12-23 14:14:31.613 [] ERROR SnakesGame - Message seq=3 to /198.18.0.1:9190 failed after 5 retries
2025-12-23 14:14:31.762 [pool-2-thread-1] WARN  SnakesGame - Master timed out, but deputy is unknown (no state yet?)
2025-12-23 14:14:31.866 [] WARN  SnakesGame - Retransmitting seq=4 to /198.18.0.1:9190 (retry 4)
2025-12-23 14:14:31.866 [] WARN  SnakesGame - Retransmitting seq=5 to /198.18.0.1:9190 (retry 2)
2025-12-23 14:14:31.963 [pool-2-thread-1] WARN  SnakesGame - Master timed out, but deputy is unknown (no state yet?)
2025-12-23 14:14:32.163 [pool-2-thread-1] WARN  SnakesGame - Master timed out, but deputy is unknown (no state yet?)
2025-12-23 14:14:32.360 [pool-2-thread-1] WARN  SnakesGame - Master timed out, but deputy is unknown (no state yet?)
2025-12-23 14:14:32.372 [] WARN  SnakesGame - Retransmitting seq=4 to /198.18.0.1:9190 (retry 5)
2025-12-23 14:14:32.373 [] WARN  SnakesGame - Retransmitting seq=5 to /198.18.0.1:9190 (retry 3)
2025-12-23 14:14:32.373 [] WARN  SnakesGame - Retransmitting seq=6 to /198.18.0.1:9190 (retry 1)
2025-12-23 14:14:32.516 [pool-2-thread-3] INFO  SnakesGame - Sent multicast announcement to 239.192.0.4:9192 (50 bytes)
2025-12-23 14:14:32.517 [] INFO  SnakesGame - Discovered game: 1 from /198.18.0.1:9190
2025-12-23 14:14:32.517 [] INFO  SnakesGame - Discovered game: 1 from /198.18.0.1:9190
2025-12-23 14:14:32.558 [pool-2-thread-1] WARN  SnakesGame - Master timed out, but deputy is unknown (no state yet?)
2025-12-23 14:14:32.629 [] ERROR SnakesGame - Message seq=4 to /198.18.0.1:9190 failed after 5 retries
2025-12-23 14:14:32.764 [pool-2-thread-1] WARN  SnakesGame - Master timed out, but deputy is unknown (no state yet?)
2025-12-23 14:14:32.881 [] WARN  SnakesGame - Retransmitting seq=5 to /198.18.0.1:9190 (retry 4)
2025-12-23 14:14:32.882 [] WARN  SnakesGame - Retransmitting seq=6 to /198.18.0.1:9190 (retry 2)
2025-12-23 14:14:32.960 [pool-2-thread-1] WARN  SnakesGame - Master timed out, but deputy is unknown (no state yet?)
2025-12-23 14:14:33.165 [pool-2-thread-2] WARN  SnakesGame - Master timed out, but deputy is unknown (no state yet?)
2025-12-23 14:14:33.363 [pool-2-thread-2] WARN  SnakesGame - Master timed out, but deputy is unknown (no state yet?)
2025-12-23 14:14:33.389 [] WARN  SnakesGame - Retransmitting seq=5 to /198.18.0.1:9190 (retry 5)
2025-12-23 14:14:33.390 [] WARN  SnakesGame - Retransmitting seq=6 to /198.18.0.1:9190 (retry 3)
2025-12-23 14:14:33.391 [] WARN  SnakesGame - Retransmitting seq=7 to /198.18.0.1:9190 (retry 1)
2025-12-23 14:14:33.518 [pool-2-thread-1] INFO  SnakesGame - Sent multicast announcement to 239.192.0.4:9192 (50 bytes)
2025-12-23 14:14:33.521 [] INFO  SnakesGame - Discovered game: 1 from /198.18.0.1:9190
2025-12-23 14:14:33.521 [] INFO  SnakesGame - Discovered game: 1 from /198.18.0.1:9190
2025-12-23 14:14:33.561 [pool-2-thread-2] WARN  SnakesGame - Master timed out, but deputy is unknown (no state yet?)
2025-12-23 14:14:33.647 [] ERROR SnakesGame - Message seq=5 to /198.18.0.1:9190 failed after 5 retries
2025-12-23 14:14:33.758 [pool-2-thread-2] WARN  SnakesGame - Master timed out, but deputy is unknown (no state yet?)
2025-12-23 14:14:33.901 [] WARN  SnakesGame - Retransmitting seq=6 to /198.18.0.1:9190 (retry 4)
2025-12-23 14:14:33.902 [] WARN  SnakesGame - Retransmitting seq=7 to /198.18.0.1:9190 (retry 2)
2025-12-23 14:14:33.963 [pool-2-thread-2] WARN  SnakesGame - Master timed out, but deputy is unknown (no state yet?)
2025-12-23 14:14:34.163 [pool-2-thread-2] WARN  SnakesGame - Master timed out, but deputy is unknown (no state yet?)
2025-12-23 14:14:34.362 [pool-2-thread-2] WARN  SnakesGame - Master timed out, but deputy is unknown (no state yet?)
2025-12-23 14:14:34.413 [] WARN  SnakesGame - Retransmitting seq=6 to /198.18.0.1:9190 (retry 5)
2025-12-23 14:14:34.414 [] WARN  SnakesGame - Retransmitting seq=7 to /198.18.0.1:9190 (retry 3)
2025-12-23 14:14:34.415 [] WARN  SnakesGame - Retransmitting seq=8 to /198.18.0.1:9190 (retry 1)
2025-12-23 14:14:34.514 [pool-2-thread-1] INFO  SnakesGame - Sent multicast announcement to 239.192.0.4:9192 (50 bytes)
2025-12-23 14:14:34.514 [] INFO  SnakesGame - Discovered game: 1 from /198.18.0.1:9190
2025-12-23 14:14:34.514 [] INFO  SnakesGame - Discovered game: 1 from /198.18.0.1:9190
2025-12-23 14:14:34.559 [pool-2-thread-2] WARN  SnakesGame - Master timed out, but deputy is unknown (no state yet?)
2025-12-23 14:14:34.672 [] ERROR SnakesGame - Message seq=6 to /198.18.0.1:9190 failed after 5 retries
2025-12-23 14:14:34.766 [pool-2-thread-2] WARN  SnakesGame - Master timed out, but deputy is unknown (no state yet?)
2025-12-23 14:14:34.928 [] WARN  SnakesGame - Retransmitting seq=7 to /198.18.0.1:9190 (retry 4)
2025-12-23 14:14:34.932 [] WARN  SnakesGame - Retransmitting seq=8 to /198.18.0.1:9190 (retry 2)
2025-12-23 14:14:34.962 [pool-2-thread-2] WARN  SnakesGame - Master timed out, but deputy is unknown (no state yet?)
2025-12-23 14:14:35.163 [pool-2-thread-2] WARN  SnakesGame - Master timed out, but deputy is unknown (no state yet?)
2025-12-23 14:14:35.364 [pool-2-thread-2] WARN  SnakesGame - Master timed out, but deputy is unknown (no state yet?)
2025-12-23 14:14:35.445 [] WARN  SnakesGame - Retransmitting seq=7 to /198.18.0.1:9190 (retry 5)
2025-12-23 14:14:35.449 [] WARN  SnakesGame - Retransmitting seq=8 to /198.18.0.1:9190 (retry 3)
2025-12-23 14:14:35.453 [] WARN  SnakesGame - Retransmitting seq=9 to /198.18.0.1:9190 (retry 1)
2025-12-23 14:14:35.520 [pool-2-thread-1] INFO  SnakesGame - Sent multicast announcement to 239.192.0.4:9192 (50 bytes)
2025-12-23 14:14:35.522 [] INFO  SnakesGame - Discovered game: 1 from /198.18.0.1:9190
2025-12-23 14:14:35.520 [] INFO  SnakesGame - Discovered game: 1 from /198.18.0.1:9190
2025-12-23 14:14:35.561 [pool-2-thread-2] WARN  SnakesGame - Master timed out, but deputy is unknown (no state yet?)
2025-12-23 14:14:35.706 [] ERROR SnakesGame - Message seq=7 to /198.18.0.1:9190 failed after 5 retries
2025-12-23 14:14:35.766 [pool-2-thread-2] WARN  SnakesGame - Master timed out, but deputy is unknown (no state yet?)
2025-12-23 14:14:35.961 [] WARN  SnakesGame - Retransmitting seq=8 to /198.18.0.1:9190 (retry 4)
2025-12-23 14:14:35.963 [] WARN  SnakesGame - Retransmitting seq=9 to /198.18.0.1:9190 (retry 2)
2025-12-23 14:14:35.964 [pool-2-thread-2] WARN  SnakesGame - Master timed out, but deputy is unknown (no state yet?)
2025-12-23 14:14:36.162 [pool-2-thread-2] WARN  SnakesGame - Master timed out, but deputy is unknown (no state yet?)
2025-12-23 14:14:36.362 [pool-2-thread-2] WARN  SnakesGame - Master timed out, but deputy is unknown (no state yet?)
2025-12-23 14:14:36.471 [] WARN  SnakesGame - Retransmitting seq=8 to /198.18.0.1:9190 (retry 5)
2025-12-23 14:14:36.473 [] WARN  SnakesGame - Retransmitting seq=9 to /198.18.0.1:9190 (retry 3)
2025-12-23 14:14:36.477 [] WARN  SnakesGame - Retransmitting seq=10 to /198.18.0.1:9190 (retry 1)
2025-12-23 14:14:36.520 [pool-2-thread-1] INFO  SnakesGame - Sent multicast announcement to 239.192.0.4:9192 (50 bytes)
2025-12-23 14:14:36.523 [] INFO  SnakesGame - Discovered game: 1 from /198.18.0.1:9190
2025-12-23 14:14:36.527 [] INFO  SnakesGame - Discovered game: 1 from /198.18.0.1:9190
2025-12-23 14:14:36.559 [pool-2-thread-2] WARN  SnakesGame - Master timed out, but deputy is unknown (no state yet?)
2025-12-23 14:14:36.729 [] ERROR SnakesGame - Message seq=8 to /198.18.0.1:9190 failed after 5 retries
2025-12-23 14:14:36.764 [pool-2-thread-2] WARN  SnakesGame - Master timed out, but deputy is unknown (no state yet?)
2025-12-23 14:14:36.962 [pool-2-thread-2] WARN  SnakesGame - Master timed out, but deputy is unknown (no state yet?)
2025-12-23 14:14:36.986 [] WARN  SnakesGame - Retransmitting seq=9 to /198.18.0.1:9190 (retry 4)
2025-12-23 14:14:36.987 [] WARN  SnakesGame - Retransmitting seq=10 to /198.18.0.1:9190 (retry 2)
2025-12-23 14:14:37.164 [pool-2-thread-2] WARN  SnakesGame - Master timed out, but deputy is unknown (no state yet?)
2025-12-23 14:14:37.362 [pool-2-thread-2] WARN  SnakesGame - Master timed out, but deputy is unknown (no state yet?)
2025-12-23 14:14:37.497 [] WARN  SnakesGame - Retransmitting seq=9 to /198.18.0.1:9190 (retry 5)
2025-12-23 14:14:37.498 [] WARN  SnakesGame - Retransmitting seq=10 to /198.18.0.1:9190 (retry 3)
2025-12-23 14:14:37.498 [] WARN  SnakesGame - Retransmitting seq=11 to /198.18.0.1:9190 (retry 1)
2025-12-23 14:14:37.514 [pool-2-thread-2] INFO  SnakesGame - Sent multicast announcement to 239.192.0.4:9192 (50 bytes)
2025-12-23 14:14:37.515 [] INFO  SnakesGame - Discovered game: 1 from /198.18.0.1:9190
2025-12-23 14:14:37.515 [] INFO  SnakesGame - Discovered game: 1 from /198.18.0.1:9190
2025-12-23 14:14:37.559 [pool-2-thread-2] WARN  SnakesGame - Master timed out, but deputy is unknown (no state yet?)
2025-12-23 14:14:37.754 [] ERROR SnakesGame - Message seq=9 to /198.18.0.1:9190 failed after 5 retries
2025-12-23 14:14:37.763 [pool-2-thread-1] WARN  SnakesGame - Master timed out, but deputy is unknown (no state yet?)
2025-12-23 14:14:37.958 [pool-2-thread-1] WARN  SnakesGame - Master timed out, but deputy is unknown (no state yet?)
2025-12-23 14:14:38.010 [] WARN  SnakesGame - Retransmitting seq=10 to /198.18.0.1:9190 (retry 4)
2025-12-23 14:14:38.017 [] WARN  SnakesGame - Retransmitting seq=11 to /198.18.0.1:9190 (retry 2)
2025-12-23 14:14:38.163 [pool-2-thread-1] WARN  SnakesGame - Master timed out, but deputy is unknown (no state yet?)
2025-12-23 14:14:38.273 [] WARN  SnakesGame - Retransmitting seq=10 to /198.18.0.1:9190 (retry 5)
2025-12-23 14:14:38.275 [] WARN  SnakesGame - Retransmitting seq=11 to /198.18.0.1:9190 (retry 3)
2025-12-23 14:14:38.277 [] WARN  SnakesGame - Retransmitting seq=12 to /198.18.0.1:9190 (retry 1)
2025-12-23 14:14:38.360 [pool-2-thread-1] WARN  SnakesGame - Master timed out, but deputy is unknown (no state yet?)
2025-12-23 14:14:38.518 [pool-2-thread-1] INFO  SnakesGame - Sent multicast announcement to 239.192.0.4:9192 (50 bytes)
2025-12-23 14:14:38.520 [] INFO  SnakesGame - Discovered game: 1 from /198.18.0.1:9190
2025-12-23 14:14:38.523 [] INFO  SnakesGame - Discovered game: 1 from /198.18.0.1:9190
2025-12-23 14:14:38.537 [] ERROR SnakesGame - Message seq=10 to /198.18.0.1:9190 failed after 5 retries
2025-12-23 14:14:38.562 [pool-2-thread-1] WARN  SnakesGame - Master timed out, but deputy is unknown (no state yet?)
2025-12-23 14:14:38.764 [pool-2-thread-2] WARN  SnakesGame - Master timed out, but deputy is unknown (no state yet?)
2025-12-23 14:14:38.793 [] WARN  SnakesGame - Retransmitting seq=11 to /198.18.0.1:9190 (retry 4)
2025-12-23 14:14:38.794 [] WARN  SnakesGame - Retransmitting seq=12 to /198.18.0.1:9190 (retry 2)
2025-12-23 14:14:38.959 [pool-2-thread-2] WARN  SnakesGame - Master timed out, but deputy is unknown (no state yet?)
2025-12-23 14:14:39.163 [pool-2-thread-2] WARN  SnakesGame - Master timed out, but deputy is unknown (no state yet?)
2025-12-23 14:14:39.304 [] WARN  SnakesGame - Retransmitting seq=11 to /198.18.0.1:9190 (retry 5)
2025-12-23 14:14:39.304 [] WARN  SnakesGame - Retransmitting seq=12 to /198.18.0.1:9190 (retry 3)
2025-12-23 14:14:39.304 [] WARN  SnakesGame - Retransmitting seq=13 to /198.18.0.1:9190 (retry 1)
2025-12-23 14:14:39.363 [pool-2-thread-2] WARN  SnakesGame - Master timed out, but deputy is unknown (no state yet?)
2025-12-23 14:14:39.533 [pool-2-thread-1] INFO  SnakesGame - Sent multicast announcement to 239.192.0.4:9192 (50 bytes)
2025-12-23 14:14:39.534 [] INFO  SnakesGame - Discovered game: 1 from /198.18.0.1:9190
2025-12-23 14:14:39.534 [] INFO  SnakesGame - Discovered game: 1 from /198.18.0.1:9190
2025-12-23 14:14:39.559 [] ERROR SnakesGame - Message seq=11 to /198.18.0.1:9190 failed after 5 retries
2025-12-23 14:14:39.562 [pool-2-thread-2] WARN  SnakesGame - Master timed out, but deputy is unknown (no state yet?)
2025-12-23 14:14:39.763 [pool-2-thread-2] WARN  SnakesGame - Master timed out, but deputy is unknown (no state yet?)
2025-12-23 14:14:39.812 [] WARN  SnakesGame - Retransmitting seq=12 to /198.18.0.1:9190 (retry 4)
2025-12-23 14:14:39.813 [] WARN  SnakesGame - Retransmitting seq=13 to /198.18.0.1:9190 (retry 2)
2025-12-23 14:14:39.962 [pool-2-thread-2] WARN  SnakesGame - Master timed out, but deputy is unknown (no state yet?)
2025-12-23 14:14:40.163 [pool-2-thread-2] WARN  SnakesGame - Master timed out, but deputy is unknown (no state yet?)
2025-12-23 14:14:40.322 [] WARN  SnakesGame - Retransmitting seq=12 to /198.18.0.1:9190 (retry 5)
2025-12-23 14:14:40.323 [] WARN  SnakesGame - Retransmitting seq=13 to /198.18.0.1:9190 (retry 3)
2025-12-23 14:14:40.325 [] WARN  SnakesGame - Retransmitting seq=14 to /198.18.0.1:9190 (retry 1)
2025-12-23 14:14:40.365 [pool-2-thread-2] WARN  SnakesGame - Master timed out, but deputy is unknown (no state yet?)
2025-12-23 14:14:40.518 [pool-2-thread-1] INFO  SnakesGame - Sent multicast announcement to 239.192.0.4:9192 (50 bytes)
2025-12-23 14:14:40.519 [] INFO  SnakesGame - Discovered game: 1 from /198.18.0.1:9190
2025-12-23 14:14:40.519 [] INFO  SnakesGame - Discovered game: 1 from /198.18.0.1:9190
2025-12-23 14:14:40.562 [pool-2-thread-2] WARN  SnakesGame - Master timed out, but deputy is unknown (no state yet?)
2025-12-23 14:14:40.581 [] ERROR SnakesGame - Message seq=12 to /198.18.0.1:9190 failed after 5 retries
2025-12-23 14:14:40.759 [pool-2-thread-2] WARN  SnakesGame - Master timed out, but deputy is unknown (no state yet?)
2025-12-23 14:14:40.832 [] WARN  SnakesGame - Retransmitting seq=13 to /198.18.0.1:9190 (retry 4)
2025-12-23 14:14:40.833 [] WARN  SnakesGame - Retransmitting seq=14 to /198.18.0.1:9190 (retry 2)
2025-12-23 14:14:40.965 [pool-2-thread-2] WARN  SnakesGame - Master timed out, but deputy is unknown (no state yet?)
2025-12-23 14:14:41.161 [pool-2-thread-2] WARN  SnakesGame - Master timed out, but deputy is unknown (no state yet?)
2025-12-23 14:14:41.343 [] WARN  SnakesGame - Retransmitting seq=13 to /198.18.0.1:9190 (retry 5)
2025-12-23 14:14:41.347 [] WARN  SnakesGame - Retransmitting seq=14 to /198.18.0.1:9190 (retry 3)
2025-12-23 14:14:41.348 [] WARN  SnakesGame - Retransmitting seq=15 to /198.18.0.1:9190 (retry 1)
2025-12-23 14:14:41.358 [pool-2-thread-2] WARN  SnakesGame - Master timed out, but deputy is unknown (no state yet?)
2025-12-23 14:14:41.520 [pool-2-thread-2] INFO  SnakesGame - Sent multicast announcement to 239.192.0.4:9192 (50 bytes)
2025-12-23 14:14:41.523 [] INFO  SnakesGame - Discovered game: 1 from /198.18.0.1:9190
2025-12-23 14:14:41.524 [] INFO  SnakesGame - Discovered game: 1 from /198.18.0.1:9190
2025-12-23 14:14:41.562 [pool-2-thread-2] WARN  SnakesGame - Master timed out, but deputy is unknown (no state yet?)
2025-12-23 14:14:41.605 [] ERROR SnakesGame - Message seq=13 to /198.18.0.1:9190 failed after 5 retries
2025-12-23 14:14:41.758 [pool-2-thread-2] WARN  SnakesGame - Master timed out, but deputy is unknown (no state yet?)
2025-12-23 14:14:41.857 [] WARN  SnakesGame - Retransmitting seq=14 to /198.18.0.1:9190 (retry 4)
2025-12-23 14:14:41.858 [] WARN  SnakesGame - Retransmitting seq=15 to /198.18.0.1:9190 (retry 2)
2025-12-23 14:14:41.958 [pool-2-thread-2] WARN  SnakesGame - Master timed out, but deputy is unknown (no state yet?)
2025-12-23 14:14:42.164 [pool-2-thread-2] WARN  SnakesGame - Master timed out, but deputy is unknown (no state yet?)
2025-12-23 14:14:42.362 [pool-2-thread-2] WARN  SnakesGame - Master timed out, but deputy is unknown (no state yet?)
2025-12-23 14:14:42.365 [] WARN  SnakesGame - Retransmitting seq=16 to /198.18.0.1:9190 (retry 1)
2025-12-23 14:14:42.368 [] WARN  SnakesGame - Retransmitting seq=14 to /198.18.0.1:9190 (retry 5)
2025-12-23 14:14:42.369 [] WARN  SnakesGame - Retransmitting seq=15 to /198.18.0.1:9190 (retry 3)
2025-12-23 14:14:42.525 [pool-2-thread-3] INFO  SnakesGame - Sent multicast announcement to 239.192.0.4:9192 (50 bytes)
2025-12-23 14:14:42.526 [] INFO  SnakesGame - Discovered game: 1 from /198.18.0.1:9190
2025-12-23 14:14:42.526 [] INFO  SnakesGame - Discovered game: 1 from /198.18.0.1:9190
2025-12-23 14:14:42.562 [pool-2-thread-2] WARN  SnakesGame - Master timed out, but deputy is unknown (no state yet?)
2025-12-23 14:14:42.625 [] ERROR SnakesGame - Message seq=14 to /198.18.0.1:9190 failed after 5 retries
2025-12-23 14:14:42.759 [pool-2-thread-2] WARN  SnakesGame - Master timed out, but deputy is unknown (no state yet?)
2025-12-23 14:14:42.877 [] WARN  SnakesGame - Retransmitting seq=16 to /198.18.0.1:9190 (retry 2)
2025-12-23 14:14:42.878 [] WARN  SnakesGame - Retransmitting seq=15 to /198.18.0.1:9190 (retry 4)
2025-12-23 14:14:42.966 [pool-2-thread-2] WARN  SnakesGame - Master timed out, but deputy is unknown (no state yet?)
2025-12-23 14:14:43.158 [pool-2-thread-2] WARN  SnakesGame - Master timed out, but deputy is unknown (no state yet?)
2025-12-23 14:14:43.362 [pool-2-thread-2] WARN  SnakesGame - Master timed out, but deputy is unknown (no state yet?)
2025-12-23 14:14:43.390 [] WARN  SnakesGame - Retransmitting seq=16 to /198.18.0.1:9190 (retry 3)
2025-12-23 14:14:43.391 [] WARN  SnakesGame - Retransmitting seq=17 to /198.18.0.1:9190 (retry 1)
2025-12-23 14:14:43.393 [] WARN  SnakesGame - Retransmitting seq=15 to /198.18.0.1:9190 (retry 5)
2025-12-23 14:14:43.522 [pool-2-thread-1] INFO  SnakesGame - Sent multicast announcement to 239.192.0.4:9192 (50 bytes)
2025-12-23 14:14:43.526 [] INFO  SnakesGame - Discovered game: 1 from /198.18.0.1:9190
2025-12-23 14:14:43.527 [] INFO  SnakesGame - Discovered game: 1 from /198.18.0.1:9190
2025-12-23 14:14:43.563 [pool-2-thread-2] WARN  SnakesGame - Master timed out, but deputy is unknown (no state yet?)
2025-12-23 14:14:43.648 [] ERROR SnakesGame - Message seq=15 to /198.18.0.1:9190 failed after 5 retries
2025-12-23 14:14:43.762 [pool-2-thread-2] WARN  SnakesGame - Master timed out, but deputy is unknown (no state yet?)
2025-12-23 14:14:43.905 [] WARN  SnakesGame - Retransmitting seq=16 to /198.18.0.1:9190 (retry 4)
2025-12-23 14:14:43.906 [] WARN  SnakesGame - Retransmitting seq=17 to /198.18.0.1:9190 (retry 2)
2025-12-23 14:14:43.963 [pool-2-thread-2] WARN  SnakesGame - Master timed out, but deputy is unknown (no state yet?)
2025-12-23 14:14:44.162 [pool-2-thread-2] WARN  SnakesGame - Master timed out, but deputy is unknown (no state yet?)
2025-12-23 14:14:44.362 [pool-2-thread-2] WARN  SnakesGame - Master timed out, but deputy is unknown (no state yet?)
2025-12-23 14:14:44.419 [] WARN  SnakesGame - Retransmitting seq=16 to /198.18.0.1:9190 (retry 5)
2025-12-23 14:14:44.425 [] WARN  SnakesGame - Retransmitting seq=17 to /198.18.0.1:9190 (retry 3)
2025-12-23 14:14:44.426 [] WARN  SnakesGame - Retransmitting seq=18 to /198.18.0.1:9190 (retry 1)
2025-12-23 14:14:44.518 [pool-2-thread-3] INFO  SnakesGame - Sent multicast announcement to 239.192.0.4:9192 (50 bytes)
2025-12-23 14:14:44.523 [] INFO  SnakesGame - Discovered game: 1 from /198.18.0.1:9190
2025-12-23 14:14:44.524 [] INFO  SnakesGame - Discovered game: 1 from /198.18.0.1:9190
2025-12-23 14:14:44.559 [pool-2-thread-2] WARN  SnakesGame - Master timed out, but deputy is unknown (no state yet?)
2025-12-23 14:14:44.678 [] ERROR SnakesGame - Message seq=16 to /198.18.0.1:9190 failed after 5 retries
2025-12-23 14:14:44.763 [pool-2-thread-2] WARN  SnakesGame - Master timed out, but deputy is unknown (no state yet?)
2025-12-23 14:14:44.930 [] WARN  SnakesGame - Retransmitting seq=17 to /198.18.0.1:9190 (retry 4)
2025-12-23 14:14:44.931 [] WARN  SnakesGame - Retransmitting seq=18 to /198.18.0.1:9190 (retry 2)
2025-12-23 14:14:44.963 [pool-2-thread-2] WARN  SnakesGame - Master timed out, but deputy is unknown (no state yet?)
2025-12-23 14:14:45.162 [pool-2-thread-2] WARN  SnakesGame - Master timed out, but deputy is unknown (no state yet?)
2025-12-23 14:14:45.362 [pool-2-thread-2] WARN  SnakesGame - Master timed out, but deputy is unknown (no state yet?)
2025-12-23 14:14:45.448 [] WARN  SnakesGame - Retransmitting seq=17 to /198.18.0.1:9190 (retry 5)
2025-12-23 14:14:45.450 [] WARN  SnakesGame - Retransmitting seq=18 to /198.18.0.1:9190 (retry 3)
2025-12-23 14:14:45.452 [] WARN  SnakesGame - Retransmitting seq=19 to /198.18.0.1:9190 (retry 1)
2025-12-23 14:14:45.519 [pool-2-thread-1] INFO  SnakesGame - Sent multicast announcement to 239.192.0.4:9192 (50 bytes)
2025-12-23 14:14:45.523 [] INFO  SnakesGame - Discovered game: 1 from /198.18.0.1:9190
2025-12-23 14:14:45.530 [] INFO  SnakesGame - Discovered game: 1 from /198.18.0.1:9190
2025-12-23 14:14:45.563 [pool-2-thread-2] WARN  SnakesGame - Master timed out, but deputy is unknown (no state yet?)
2025-12-23 14:14:45.704 [] ERROR SnakesGame - Message seq=17 to /198.18.0.1:9190 failed after 5 retries
2025-12-23 14:14:45.764 [pool-2-thread-2] WARN  SnakesGame - Master timed out, but deputy is unknown (no state yet?)
2025-12-23 14:14:45.960 [] WARN  SnakesGame - Retransmitting seq=18 to /198.18.0.1:9190 (retry 4)
2025-12-23 14:14:45.961 [] WARN  SnakesGame - Retransmitting seq=19 to /198.18.0.1:9190 (retry 2)
2025-12-23 14:14:45.963 [pool-2-thread-2] WARN  SnakesGame - Master timed out, but deputy is unknown (no state yet?)
2025-12-23 14:14:46.161 [pool-2-thread-2] WARN  SnakesGame - Master timed out, but deputy is unknown (no state yet?)
2025-12-23 14:14:46.364 [pool-2-thread-2] WARN  SnakesGame - Master timed out, but deputy is unknown (no state yet?)
2025-12-23 14:14:46.471 [] WARN  SnakesGame - Retransmitting seq=18 to /198.18.0.1:9190 (retry 5)
2025-12-23 14:14:46.474 [] WARN  SnakesGame - Retransmitting seq=19 to /198.18.0.1:9190 (retry 3)
2025-12-23 14:14:46.474 [] WARN  SnakesGame - Retransmitting seq=20 to /198.18.0.1:9190 (retry 1)
2025-12-23 14:14:46.531 [pool-2-thread-2] INFO  SnakesGame - Sent multicast announcement to 239.192.0.4:9192 (50 bytes)
2025-12-23 14:14:46.536 [] INFO  SnakesGame - Discovered game: 1 from /198.18.0.1:9190
2025-12-23 14:14:46.536 [] INFO  SnakesGame - Discovered game: 1 from /198.18.0.1:9190
2025-12-23 14:14:46.562 [pool-2-thread-2] WARN  SnakesGame - Master timed out, but deputy is unknown (no state yet?)
2025-12-23 14:14:46.726 [] ERROR SnakesGame - Message seq=18 to /198.18.0.1:9190 failed after 5 retries
2025-12-23 14:14:46.765 [pool-2-thread-2] WARN  SnakesGame - Master timed out, but deputy is unknown (no state yet?)
2025-12-23 14:14:46.961 [pool-2-thread-2] WARN  SnakesGame - Master timed out, but deputy is unknown (no state yet?)
2025-12-23 14:14:46.980 [] WARN  SnakesGame - Retransmitting seq=19 to /198.18.0.1:9190 (retry 4)
2025-12-23 14:14:46.982 [] WARN  SnakesGame - Retransmitting seq=20 to /198.18.0.1:9190 (retry 2)
2025-12-23 14:14:47.159 [pool-2-thread-2] WARN  SnakesGame - Master timed out, but deputy is unknown (no state yet?)
2025-12-23 14:14:47.361 [pool-2-thread-2] WARN  SnakesGame - Master timed out, but deputy is unknown (no state yet?)
2025-12-23 14:14:47.487 [] WARN  SnakesGame - Retransmitting seq=19 to /198.18.0.1:9190 (retry 5)
2025-12-23 14:14:47.488 [] WARN  SnakesGame - Retransmitting seq=20 to /198.18.0.1:9190 (retry 3)
2025-12-23 14:14:47.489 [] WARN  SnakesGame - Retransmitting seq=21 to /198.18.0.1:9190 (retry 1)
2025-12-23 14:14:47.519 [pool-2-thread-3] INFO  SnakesGame - Sent multicast announcement to 239.192.0.4:9192 (50 bytes)
2025-12-23 14:14:47.522 [] INFO  SnakesGame - Discovered game: 1 from /198.18.0.1:9190
2025-12-23 14:14:47.524 [] INFO  SnakesGame - Discovered game: 1 from /198.18.0.1:9190
2025-12-23 14:14:47.561 [pool-2-thread-2] WARN  SnakesGame - Master timed out, but deputy is unknown (no state yet?)
2025-12-23 14:14:47.740 [] ERROR SnakesGame - Message seq=19 to /198.18.0.1:9190 failed after 5 retries
2025-12-23 14:14:47.764 [pool-2-thread-2] WARN  SnakesGame - Master timed out, but deputy is unknown (no state yet?)
2025-12-23 14:14:47.959 [pool-2-thread-2] WARN  SnakesGame - Master timed out, but deputy is unknown (no state yet?)
2025-12-23 14:14:47.997 [] WARN  SnakesGame - Retransmitting seq=20 to /198.18.0.1:9190 (retry 4)
2025-12-23 14:14:47.999 [] WARN  SnakesGame - Retransmitting seq=21 to /198.18.0.1:9190 (retry 2)
2025-12-23 14:14:48.159 [pool-2-thread-2] WARN  SnakesGame - Master timed out, but deputy is unknown (no state yet?)
2025-12-23 14:14:48.358 [pool-2-thread-2] WARN  SnakesGame - Master timed out, but deputy is unknown (no state yet?)
2025-12-23 14:14:48.513 [] WARN  SnakesGame - Retransmitting seq=20 to /198.18.0.1:9190 (retry 5)
2025-12-23 14:14:48.521 [] WARN  SnakesGame - Retransmitting seq=21 to /198.18.0.1:9190 (retry 3)
2025-12-23 14:14:48.521 [] WARN  SnakesGame - Retransmitting seq=22 to /198.18.0.1:9190 (retry 1)
2025-12-23 14:14:48.532 [pool-2-thread-1] INFO  SnakesGame - Sent multicast announcement to 239.192.0.4:9192 (50 bytes)
2025-12-23 14:14:48.533 [] INFO  SnakesGame - Discovered game: 1 from /198.18.0.1:9190
2025-12-23 14:14:48.533 [] INFO  SnakesGame - Discovered game: 1 from /198.18.0.1:9190
2025-12-23 14:14:48.562 [pool-2-thread-2] WARN  SnakesGame - Master timed out, but deputy is unknown (no state yet?)
2025-12-23 14:14:48.762 [pool-2-thread-2] WARN  SnakesGame - Master timed out, but deputy is unknown (no state yet?)
2025-12-23 14:14:48.782 [] ERROR SnakesGame - Message seq=20 to /198.18.0.1:9190 failed after 5 retries
2025-12-23 14:14:48.782 [] WARN  SnakesGame - Retransmitting seq=21 to /198.18.0.1:9190 (retry 4)
2025-12-23 14:14:48.783 [] WARN  SnakesGame - Retransmitting seq=22 to /198.18.0.1:9190 (retry 2)
2025-12-23 14:14:48.958 [pool-2-thread-2] WARN  SnakesGame - Master timed out, but deputy is unknown (no state yet?)
2025-12-23 14:14:49.163 [pool-2-thread-2] WARN  SnakesGame - Master timed out, but deputy is unknown (no state yet?)
2025-12-23 14:14:49.293 [] WARN  SnakesGame - Retransmitting seq=21 to /198.18.0.1:9190 (retry 5)
2025-12-23 14:14:49.294 [] WARN  SnakesGame - Retransmitting seq=22 to /198.18.0.1:9190 (retry 3)
2025-12-23 14:14:49.295 [] WARN  SnakesGame - Retransmitting seq=23 to /198.18.0.1:9190 (retry 1)
2025-12-23 14:14:49.363 [pool-2-thread-2] WARN  SnakesGame - Master timed out, but deputy is unknown (no state yet?)
2025-12-23 14:14:49.518 [pool-2-thread-1] INFO  SnakesGame - Sent multicast announcement to 239.192.0.4:9192 (50 bytes)
2025-12-23 14:14:49.521 [] INFO  SnakesGame - Discovered game: 1 from /198.18.0.1:9190
2025-12-23 14:14:49.523 [] INFO  SnakesGame - Discovered game: 1 from /198.18.0.1:9190
2025-12-23 14:14:49.548 [] ERROR SnakesGame - Message seq=21 to /198.18.0.1:9190 failed after 5 retries
2025-12-23 14:14:49.561 [pool-2-thread-2] WARN  SnakesGame - Master timed out, but deputy is unknown (no state yet?)
2025-12-23 14:14:49.763 [pool-2-thread-2] WARN  SnakesGame - Master timed out, but deputy is unknown (no state yet?)
2025-12-23 14:14:49.800 [] WARN  SnakesGame - Retransmitting seq=22 to /198.18.0.1:9190 (retry 4)
2025-12-23 14:14:49.802 [] WARN  SnakesGame - Retransmitting seq=23 to /198.18.0.1:9190 (retry 2)
2025-12-23 14:14:49.961 [pool-2-thread-2] WARN  SnakesGame - Master timed out, but deputy is unknown (no state yet?)
2025-12-23 14:14:50.159 [pool-2-thread-2] WARN  SnakesGame - Master timed out, but deputy is unknown (no state yet?)
2025-12-23 14:14:50.324 [] WARN  SnakesGame - Retransmitting seq=22 to /198.18.0.1:9190 (retry 5)
2025-12-23 14:14:50.324 [] WARN  SnakesGame - Retransmitting seq=23 to /198.18.0.1:9190 (retry 3)
2025-12-23 14:14:50.325 [] WARN  SnakesGame - Retransmitting seq=24 to /198.18.0.1:9190 (retry 1)
2025-12-23 14:14:50.360 [pool-2-thread-2] WARN  SnakesGame - Master timed out, but deputy is unknown (no state yet?)
2025-12-23 14:14:50.515 [pool-2-thread-1] INFO  SnakesGame - Sent multicast announcement to 239.192.0.4:9192 (50 bytes)
2025-12-23 14:14:50.518 [] INFO  SnakesGame - Discovered game: 1 from /198.18.0.1:9190
2025-12-23 14:14:50.519 [] INFO  SnakesGame - Discovered game: 1 from /198.18.0.1:9190
2025-12-23 14:14:50.561 [pool-2-thread-2] WARN  SnakesGame - Master timed out, but deputy is unknown (no state yet?)
2025-12-23 14:14:50.580 [] ERROR SnakesGame - Message seq=22 to /198.18.0.1:9190 failed after 5 retries
2025-12-23 14:14:50.758 [pool-2-thread-2] WARN  SnakesGame - Master timed out, but deputy is unknown (no state yet?)
2025-12-23 14:14:50.833 [] WARN  SnakesGame - Retransmitting seq=23 to /198.18.0.1:9190 (retry 4)
2025-12-23 14:14:50.833 [] WARN  SnakesGame - Retransmitting seq=24 to /198.18.0.1:9190 (retry 2)
2025-12-23 14:14:50.958 [pool-2-thread-2] WARN  SnakesGame - Master timed out, but deputy is unknown (no state yet?)
2025-12-23 14:14:51.162 [pool-2-thread-2] WARN  SnakesGame - Master timed out, but deputy is unknown (no state yet?)
2025-12-23 14:14:51.340 [] WARN  SnakesGame - Retransmitting seq=23 to /198.18.0.1:9190 (retry 5)
2025-12-23 14:14:51.340 [] WARN  SnakesGame - Retransmitting seq=24 to /198.18.0.1:9190 (retry 3)
2025-12-23 14:14:51.340 [] WARN  SnakesGame - Retransmitting seq=25 to /198.18.0.1:9190 (retry 1)
2025-12-23 14:14:51.359 [pool-2-thread-2] WARN  SnakesGame - Master timed out, but deputy is unknown (no state yet?)
2025-12-23 14:14:51.515 [pool-2-thread-1] INFO  SnakesGame - Sent multicast announcement to 239.192.0.4:9192 (50 bytes)
2025-12-23 14:14:51.518 [] INFO  SnakesGame - Discovered game: 1 from /198.18.0.1:9190
2025-12-23 14:14:51.518 [] INFO  SnakesGame - Discovered game: 1 from /198.18.0.1:9190
2025-12-23 14:14:51.561 [pool-2-thread-2] WARN  SnakesGame - Master timed out, but deputy is unknown (no state yet?)
2025-12-23 14:14:51.591 [] ERROR SnakesGame - Message seq=23 to /198.18.0.1:9190 failed after 5 retries
2025-12-23 14:14:51.761 [pool-2-thread-2] WARN  SnakesGame - Master timed out, but deputy is unknown (no state yet?)
2025-12-23 14:14:51.845 [] WARN  SnakesGame - Retransmitting seq=24 to /198.18.0.1:9190 (retry 4)
2025-12-23 14:14:51.846 [] WARN  SnakesGame - Retransmitting seq=25 to /198.18.0.1:9190 (retry 2)
2025-12-23 14:14:51.962 [pool-2-thread-2] WARN  SnakesGame - Master timed out, but deputy is unknown (no state yet?)
2025-12-23 14:14:52.162 [pool-2-thread-2] WARN  SnakesGame - Master timed out, but deputy is unknown (no state yet?)
2025-12-23 14:14:52.356 [] WARN  SnakesGame - Retransmitting seq=24 to /198.18.0.1:9190 (retry 5)
2025-12-23 14:14:52.356 [] WARN  SnakesGame - Retransmitting seq=25 to /198.18.0.1:9190 (retry 3)
2025-12-23 14:14:52.356 [] WARN  SnakesGame - Retransmitting seq=26 to /198.18.0.1:9190 (retry 1)
2025-12-23 14:14:52.361 [pool-2-thread-2] WARN  SnakesGame - Master timed out, but deputy is unknown (no state yet?)
2025-12-23 14:14:52.513 [pool-2-thread-3] INFO  SnakesGame - Sent multicast announcement to 239.192.0.4:9192 (50 bytes)
2025-12-23 14:14:52.513 [] INFO  SnakesGame - Discovered game: 1 from /198.18.0.1:9190
2025-12-23 14:14:52.513 [] INFO  SnakesGame - Discovered game: 1 from /198.18.0.1:9190
2025-12-23 14:14:52.561 [pool-2-thread-2] WARN  SnakesGame - Master timed out, but deputy is unknown (no state yet?)
2025-12-23 14:14:52.611 [] ERROR SnakesGame - Message seq=24 to /198.18.0.1:9190 failed after 5 retries
2025-12-23 14:14:52.761 [pool-2-thread-2] WARN  SnakesGame - Master timed out, but deputy is unknown (no state yet?)
2025-12-23 14:14:52.865 [] WARN  SnakesGame - Retransmitting seq=25 to /198.18.0.1:9190 (retry 4)
2025-12-23 14:14:52.867 [] WARN  SnakesGame - Retransmitting seq=26 to /198.18.0.1:9190 (retry 2)
2025-12-23 14:14:52.963 [pool-2-thread-2] WARN  SnakesGame - Master timed out, but deputy is unknown (no state yet?)
2025-12-23 14:14:53.162 [pool-2-thread-2] WARN  SnakesGame - Master timed out, but deputy is unknown (no state yet?)
2025-12-23 14:14:53.362 [pool-2-thread-2] WARN  SnakesGame - Master timed out, but deputy is unknown (no state yet?)
2025-12-23 14:14:53.379 [] WARN  SnakesGame - Retransmitting seq=25 to /198.18.0.1:9190 (retry 5)
2025-12-23 14:14:53.379 [] WARN  SnakesGame - Retransmitting seq=26 to /198.18.0.1:9190 (retry 3)
2025-12-23 14:14:53.379 [] WARN  SnakesGame - Retransmitting seq=27 to /198.18.0.1:9190 (retry 1)
2025-12-23 14:14:53.518 [pool-2-thread-2] INFO  SnakesGame - Sent multicast announcement to 239.192.0.4:9192 (50 bytes)
2025-12-23 14:14:53.520 [] INFO  SnakesGame - Discovered game: 1 from /198.18.0.1:9190
2025-12-23 14:14:53.520 [] INFO  SnakesGame - Discovered game: 1 from /198.18.0.1:9190
2025-12-23 14:14:53.559 [pool-2-thread-2] WARN  SnakesGame - Master timed out, but deputy is unknown (no state yet?)
2025-12-23 14:14:53.634 [] ERROR SnakesGame - Message seq=25 to /198.18.0.1:9190 failed after 5 retries
2025-12-23 14:14:53.762 [pool-2-thread-2] WARN  SnakesGame - Master timed out, but deputy is unknown (no state yet?)
2025-12-23 14:14:53.891 [] WARN  SnakesGame - Retransmitting seq=26 to /198.18.0.1:9190 (retry 4)
2025-12-23 14:14:53.892 [] WARN  SnakesGame - Retransmitting seq=27 to /198.18.0.1:9190 (retry 2)
2025-12-23 14:14:53.962 [pool-2-thread-2] WARN  SnakesGame - Master timed out, but deputy is unknown (no state yet?)
2025-12-23 14:14:54.159 [pool-2-thread-2] WARN  SnakesGame - Master timed out, but deputy is unknown (no state yet?)
2025-12-23 14:14:54.362 [pool-2-thread-2] WARN  SnakesGame - Master timed out, but deputy is unknown (no state yet?)
2025-12-23 14:14:54.398 [] WARN  SnakesGame - Retransmitting seq=26 to /198.18.0.1:9190 (retry 5)
2025-12-23 14:14:54.398 [] WARN  SnakesGame - Retransmitting seq=27 to /198.18.0.1:9190 (retry 3)
2025-12-23 14:14:54.398 [] WARN  SnakesGame - Retransmitting seq=28 to /198.18.0.1:9190 (retry 1)
2025-12-23 14:14:54.517 [pool-2-thread-2] INFO  SnakesGame - Sent multicast announcement to 239.192.0.4:9192 (50 bytes)
2025-12-23 14:14:54.517 [] INFO  SnakesGame - Discovered game: 1 from /198.18.0.1:9190
2025-12-23 14:14:54.518 [] INFO  SnakesGame - Discovered game: 1 from /198.18.0.1:9190
2025-12-23 14:14:54.562 [pool-2-thread-2] WARN  SnakesGame - Master timed out, but deputy is unknown (no state yet?)
2025-12-23 14:14:54.653 [] ERROR SnakesGame - Message seq=26 to /198.18.0.1:9190 failed after 5 retries
2025-12-23 14:14:54.763 [pool-2-thread-2] WARN  SnakesGame - Master timed out, but deputy is unknown (no state yet?)
2025-12-23 14:14:54.910 [] WARN  SnakesGame - Retransmitting seq=27 to /198.18.0.1:9190 (retry 4)
2025-12-23 14:14:54.911 [] WARN  SnakesGame - Retransmitting seq=28 to /198.18.0.1:9190 (retry 2)
2025-12-23 14:14:54.961 [pool-2-thread-2] WARN  SnakesGame - Master timed out, but deputy is unknown (no state yet?)
2025-12-23 14:14:55.163 [pool-2-thread-2] WARN  SnakesGame - Master timed out, but deputy is unknown (no state yet?)
2025-12-23 14:14:55.362 [pool-2-thread-2] WARN  SnakesGame - Master timed out, but deputy is unknown (no state yet?)
2025-12-23 14:14:55.424 [] WARN  SnakesGame - Retransmitting seq=27 to /198.18.0.1:9190 (retry 5)
2025-12-23 14:14:55.425 [] WARN  SnakesGame - Retransmitting seq=28 to /198.18.0.1:9190 (retry 3)
2025-12-23 14:14:55.425 [] WARN  SnakesGame - Retransmitting seq=29 to /198.18.0.1:9190 (retry 1)
2025-12-23 14:14:55.516 [pool-2-thread-3] INFO  SnakesGame - Sent multicast announcement to 239.192.0.4:9192 (50 bytes)
2025-12-23 14:14:55.518 [] INFO  SnakesGame - Discovered game: 1 from /198.18.0.1:9190
2025-12-23 14:14:55.518 [] INFO  SnakesGame - Discovered game: 1 from /198.18.0.1:9190
2025-12-23 14:14:55.558 [pool-2-thread-2] WARN  SnakesGame - Master timed out, but deputy is unknown (no state yet?)
2025-12-23 14:14:55.678 [] ERROR SnakesGame - Message seq=27 to /198.18.0.1:9190 failed after 5 retries
2025-12-23 14:14:55.760 [pool-2-thread-2] WARN  SnakesGame - Master timed out, but deputy is unknown (no state yet?)
2025-12-23 14:14:55.931 [] WARN  SnakesGame - Retransmitting seq=28 to /198.18.0.1:9190 (retry 4)
2025-12-23 14:14:55.932 [] WARN  SnakesGame - Retransmitting seq=29 to /198.18.0.1:9190 (retry 2)
2025-12-23 14:14:55.961 [pool-2-thread-2] WARN  SnakesGame - Master timed out, but deputy is unknown (no state yet?)
2025-12-23 14:14:56.163 [pool-2-thread-2] WARN  SnakesGame - Master timed out, but deputy is unknown (no state yet?)
2025-12-23 14:14:56.362 [pool-2-thread-1] WARN  SnakesGame - Master timed out, but deputy is unknown (no state yet?)
2025-12-23 14:14:56.440 [] WARN  SnakesGame - Retransmitting seq=28 to /198.18.0.1:9190 (retry 5)
2025-12-23 14:14:56.443 [] WARN  SnakesGame - Retransmitting seq=29 to /198.18.0.1:9190 (retry 3)
2025-12-23 14:14:56.445 [] WARN  SnakesGame - Retransmitting seq=30 to /198.18.0.1:9190 (retry 1)
2025-12-23 14:14:56.522 [pool-2-thread-2] INFO  SnakesGame - Sent multicast announcement to 239.192.0.4:9192 (50 bytes)
2025-12-23 14:14:56.523 [] INFO  SnakesGame - Discovered game: 1 from /198.18.0.1:9190
2025-12-23 14:14:56.523 [] INFO  SnakesGame - Discovered game: 1 from /198.18.0.1:9190
2025-12-23 14:14:56.562 [pool-2-thread-1] WARN  SnakesGame - Master timed out, but deputy is unknown (no state yet?)
2025-12-23 14:14:56.697 [] ERROR SnakesGame - Message seq=28 to /198.18.0.1:9190 failed after 5 retries
2025-12-23 14:14:56.762 [pool-2-thread-1] WARN  SnakesGame - Master timed out, but deputy is unknown (no state yet?)
2025-12-23 14:14:56.952 [] WARN  SnakesGame - Retransmitting seq=29 to /198.18.0.1:9190 (retry 4)
2025-12-23 14:14:56.954 [] WARN  SnakesGame - Retransmitting seq=30 to /198.18.0.1:9190 (retry 2)
2025-12-23 14:14:56.962 [pool-2-thread-1] WARN  SnakesGame - Master timed out, but deputy is unknown (no state yet?)
2025-12-23 14:14:57.159 [pool-2-thread-1] WARN  SnakesGame - Master timed out, but deputy is unknown (no state yet?)
2025-12-23 14:14:57.516 [pool-2-thread-2] INFO  SnakesGame - Sent multicast announcement to 239.192.0.4:9192 (50 bytes)
2025-12-23 14:14:57.516 [] INFO  SnakesGame - Discovered game: 1 from /198.18.0.1:9190
2025-12-23 14:14:58.519 [pool-2-thread-2] INFO  SnakesGame - Sent multicast announcement to 239.192.0.4:9192 (50 bytes)
2025-12-23 14:14:58.521 [] INFO  SnakesGame - Discovered game: 1 from /198.18.0.1:9190
2025-12-23 14:14:59.518 [pool-2-thread-1] INFO  SnakesGame - Sent multicast announcement to 239.192.0.4:9192 (50 bytes)
2025-12-23 14:14:59.520 [] INFO  SnakesGame - Discovered game: 1 from /198.18.0.1:9190
2025-12-23 14:15:00.513 [pool-2-thread-1] INFO  SnakesGame - Sent multicast announcement to 239.192.0.4:9192 (50 bytes)
2025-12-23 14:15:00.514 [] INFO  SnakesGame - Discovered game: 1 from /198.18.0.1:9190
2025-12-23 14:15:01.518 [pool-2-thread-2] INFO  SnakesGame - Sent multicast announcement to 239.192.0.4:9192 (50 bytes)
2025-12-23 14:15:01.519 [] INFO  SnakesGame - Discovered game: 1 from /198.18.0.1:9190
2025-12-23 14:15:02.519 [pool-2-thread-2] INFO  SnakesGame - Sent multicast announcement to 239.192.0.4:9192 (50 bytes)
2025-12-23 14:15:02.522 [] INFO  SnakesGame - Discovered game: 1 from /198.18.0.1:9190
2025-12-23 14:15:03.519 [pool-2-thread-1] INFO  SnakesGame - Sent multicast announcement to 239.192.0.4:9192 (50 bytes)
2025-12-23 14:15:03.520 [] INFO  SnakesGame - Discovered game: 1 from /198.18.0.1:9190
2025-12-23 14:19:33.679 [JavaFX Application Thread] INFO  SnakesGame - Starting Snakes Application
2025-12-23 14:19:35.085 [JavaFX Application Thread] INFO  SnakesGame - Opening Create Game dialog
2025-12-23 14:19:38.219 [JavaFX Application Thread] INFO  SnakesGame - Creating new game: 1
2025-12-23 14:19:38.232 [JavaFX Application Thread] INFO  SnakesGame - UDP Transport started on port 9190
2025-12-23 14:19:38.233 [JavaFX Application Thread] INFO  SnakesGame - Looking for suitable multicast interface...
2025-12-23 14:19:38.236 [JavaFX Application Thread] INFO  SnakesGame - Found suitable interface: utun4 with IPv4: 198.18.0.1
2025-12-23 14:19:38.236 [JavaFX Application Thread] INFO  SnakesGame - Joined multicast group using interface: utun4 (utun4)
2025-12-23 14:19:38.236 [JavaFX Application Thread] INFO  SnakesGame - Set multicast send interface to: utun4 (utun4)
2025-12-23 14:19:38.238 [JavaFX Application Thread] INFO  SnakesGame - Multicast discovery started on 239.192.0.4:9192
2025-12-23 14:19:38.238 [] INFO  SnakesGame - Multicast listen loop started
2025-12-23 14:19:38.241 [JavaFX Application Thread] INFO  SnakesGame - NetworkManager started successfully
2025-12-23 14:19:38.242 [JavaFX Application Thread] INFO  SnakesGame - Creating new GameEngine for new game
2025-12-23 14:19:38.247 [JavaFX Application Thread] INFO  SnakesGame - Created snake for player 1: head=Coord[x=15, y=18], tail=Coord[x=14, y=18], direction=RIGHT
2025-12-23 14:19:38.249 [JavaFX Application Thread] INFO  SnakesGame - Player 1 joined the game with snake at Coord[x=16, y=18]
2025-12-23 14:19:38.250 [JavaFX Application Thread] INFO  SnakesGame - Master created with snake at Coord[x=16, y=18]
2025-12-23 14:19:38.251 [JavaFX Application Thread] INFO  SnakesGame - Using existing GameEngine from onStart()
2025-12-23 14:19:38.251 [JavaFX Application Thread] INFO  SnakesGame - Starting timeout checker: timeoutMs=3000, checkInterval=1500ms
2025-12-23 14:19:38.252 [JavaFX Application Thread] INFO  SnakesGame - MASTER node started for player 1
2025-12-23 14:19:38.252 [JavaFX Application Thread] INFO  SnakesGame - MASTER node started for player 1
2025-12-23 14:19:38.252 [JavaFX Application Thread] INFO  SnakesGame - Game created successfully as MASTER
2025-12-23 14:19:38.252 [JavaFX Application Thread] INFO  SnakesGame - Game created: 1
2025-12-23 14:19:38.278 [pool-2-thread-3] INFO  SnakesGame - Sent multicast announcement to 239.192.0.4:9192 (50 bytes)
2025-12-23 14:19:38.282 [JavaFX Application Thread] INFO  SnakesGame - GameController initialized
2025-12-23 14:19:38.283 [JavaFX Application Thread] INFO  SnakesGame - GameService connected to GameController
2025-12-23 14:19:38.283 [] INFO  SnakesGame - Discovered game: 1 from /198.18.0.1:9190
2025-12-23 14:19:38.538 [JavaFX Application Thread] INFO  SnakesGame - Starting Snakes Application
2025-12-23 14:19:39.257 [pool-2-thread-3] INFO  SnakesGame - Sent multicast announcement to 239.192.0.4:9192 (50 bytes)
2025-12-23 14:19:39.257 [] INFO  SnakesGame - Discovered game: 1 from /198.18.0.1:9190
2025-12-23 14:19:40.258 [pool-2-thread-3] INFO  SnakesGame - Sent multicast announcement to 239.192.0.4:9192 (50 bytes)
2025-12-23 14:19:40.260 [] INFO  SnakesGame - Discovered game: 1 from /198.18.0.1:9190
2025-12-23 14:19:41.020 [JavaFX Application Thread] INFO  SnakesGame - Opening Lobby
2025-12-23 14:19:41.056 [JavaFX Application Thread] INFO  SnakesGame - Looking for suitable multicast interface...
2025-12-23 14:19:41.058 [JavaFX Application Thread] INFO  SnakesGame - Found suitable interface: utun4 with IPv4: 198.18.0.1
2025-12-23 14:19:41.059 [JavaFX Application Thread] INFO  SnakesGame - Joined multicast group using interface: utun4 (utun4)
2025-12-23 14:19:41.059 [JavaFX Application Thread] INFO  SnakesGame - Set multicast send interface to: utun4 (utun4)
2025-12-23 14:19:41.060 [JavaFX Application Thread] INFO  SnakesGame - Multicast discovery started on 239.192.0.4:9192
2025-12-23 14:19:41.060 [] INFO  SnakesGame - Multicast listen loop started
2025-12-23 14:19:41.061 [JavaFX Application Thread] INFO  SnakesGame - Discovery service started
2025-12-23 14:19:41.061 [JavaFX Application Thread] INFO  SnakesGame - Discovery started in lobby
2025-12-23 14:19:41.254 [pool-2-thread-3] INFO  SnakesGame - Sent multicast announcement to 239.192.0.4:9192 (50 bytes)
2025-12-23 14:19:41.254 [] INFO  SnakesGame - Discovered game: 1 from /198.18.0.1:9190
2025-12-23 14:19:41.275 [] INFO  SnakesGame - Discovered new game: 1 at /198.18.0.1:9190
2025-12-23 14:19:41.275 [] INFO  SnakesGame - Discovered game: 1 from /198.18.0.1:9190
2025-12-23 14:19:41.275 [JavaFX Application Thread] INFO  SnakesGame - Game added to lobby: 1 at /198.18.0.1:9190
2025-12-23 14:19:42.257 [pool-2-thread-1] INFO  SnakesGame - Sent multicast announcement to 239.192.0.4:9192 (50 bytes)
2025-12-23 14:19:42.257 [] INFO  SnakesGame - Discovered game: 1 from /198.18.0.1:9190
2025-12-23 14:19:42.257 [] INFO  SnakesGame - Discovered game: 1 from /198.18.0.1:9190
2025-12-23 14:19:43.254 [pool-2-thread-2] INFO  SnakesGame - Sent multicast announcement to 239.192.0.4:9192 (50 bytes)
2025-12-23 14:19:43.254 [] INFO  SnakesGame - Discovered game: 1 from /198.18.0.1:9190
2025-12-23 14:19:43.254 [] INFO  SnakesGame - Discovered game: 1 from /198.18.0.1:9190
2025-12-23 14:19:44.255 [pool-2-thread-2] INFO  SnakesGame - Sent multicast announcement to 239.192.0.4:9192 (50 bytes)
2025-12-23 14:19:44.255 [] INFO  SnakesGame - Discovered game: 1 from /198.18.0.1:9190
2025-12-23 14:19:44.255 [] INFO  SnakesGame - Discovered game: 1 from /198.18.0.1:9190
2025-12-23 14:19:45.152 [JavaFX Application Thread] INFO  SnakesGame - Connecting to master at /198.18.0.1:9190
2025-12-23 14:19:45.154 [JavaFX Application Thread] INFO  SnakesGame - Joining game: 1
2025-12-23 14:19:45.158 [JavaFX Application Thread] INFO  SnakesGame - UDP Transport started on port 64506
2025-12-23 14:19:45.159 [JavaFX Application Thread] INFO  SnakesGame - Looking for suitable multicast interface...
2025-12-23 14:19:45.160 [JavaFX Application Thread] INFO  SnakesGame - Found suitable interface: utun4 with IPv4: 198.18.0.1
2025-12-23 14:19:45.160 [JavaFX Application Thread] INFO  SnakesGame - Joined multicast group using interface: utun4 (utun4)
2025-12-23 14:19:45.160 [JavaFX Application Thread] INFO  SnakesGame - Set multicast send interface to: utun4 (utun4)
2025-12-23 14:19:45.160 [JavaFX Application Thread] INFO  SnakesGame - Multicast discovery started on 239.192.0.4:9192
2025-12-23 14:19:45.160 [] INFO  SnakesGame - Multicast listen loop started
2025-12-23 14:19:45.161 [JavaFX Application Thread] INFO  SnakesGame - NetworkManager started successfully
2025-12-23 14:19:45.162 [JavaFX Application Thread] INFO  SnakesGame - [ACK-MGR] Registered NEW peer: /198.18.0.1:9190 with playerId=0
2025-12-23 14:19:45.164 [JavaFX Application Thread] INFO  SnakesGame - NormalNode started, master at /198.18.0.1:9190
2025-12-23 14:19:45.164 [JavaFX Application Thread] INFO  SnakesGame - NORMAL node started for player 111
2025-12-23 14:19:45.167 [JavaFX Application Thread] INFO  SnakesGame - [CLIENT-JOIN] Sending JOIN to /198.18.0.1:9190 (player: 111, role: NORMAL, seq: 0)
2025-12-23 14:19:45.170 [JavaFX Application Thread] INFO  SnakesGame - [UDP-SEND] 18 bytes to /198.18.0.1:9190 (local port: 64506)
2025-12-23 14:19:45.171 [JavaFX Application Thread] INFO  SnakesGame - [ACK-MGR] Sent message seq=0 to /198.18.0.1:9190, waiting for ACK
2025-12-23 14:19:45.171 [JavaFX Application Thread] INFO  SnakesGame - Join request sent to master at /198.18.0.1:9190
2025-12-23 14:19:45.171 [JavaFX Application Thread] INFO  SnakesGame - Client started, waiting for role assignment
2025-12-23 14:19:45.171 [JavaFX Application Thread] INFO  SnakesGame - Joined game: 1
2025-12-23 14:19:45.172 [JavaFX Application Thread] INFO  SnakesGame - Found suitable interface: utun4 with IPv4: 198.18.0.1
2025-12-23 14:19:45.172 [JavaFX Application Thread] INFO  SnakesGame - Multicast discovery stopped
2025-12-23 14:19:45.172 [JavaFX Application Thread] INFO  SnakesGame - Discovery service stopped
2025-12-23 14:19:45.173 [] INFO  SnakesGame - Multicast listen loop stopped
2025-12-23 14:19:45.186 [JavaFX Application Thread] INFO  SnakesGame - GameController initialized
2025-12-23 14:19:45.187 [JavaFX Application Thread] INFO  SnakesGame - GameService connected to GameController
2025-12-23 14:19:45.255 [pool-2-thread-2] INFO  SnakesGame - Sent multicast announcement to 239.192.0.4:9192 (50 bytes)
2025-12-23 14:19:45.256 [] INFO  SnakesGame - Discovered game: 1 from /198.18.0.1:9190
2025-12-23 14:19:45.256 [] INFO  SnakesGame - Discovered game: 1 from /198.18.0.1:9190
2025-12-23 14:19:45.920 [] INFO  SnakesGame - [UDP-SEND] 18 bytes to /198.18.0.1:9190 (local port: 64506)
2025-12-23 14:19:45.922 [] WARN  SnakesGame - [ACK-MGR] ⟳ Retransmitting seq=0 to /198.18.0.1:9190 (retry 1/5)
2025-12-23 14:19:46.176 [pool-2-thread-2] INFO  SnakesGame - [UDP-SEND] 8 bytes to /198.18.0.1:9190 (local port: 64506)
2025-12-23 14:19:46.177 [pool-2-thread-2] INFO  SnakesGame - [ACK-MGR] Sent message seq=1 to /198.18.0.1:9190, waiting for ACK
2025-12-23 14:19:46.181 [] INFO  SnakesGame - [UDP-SEND] 18 bytes to /198.18.0.1:9190 (local port: 64506)
2025-12-23 14:19:46.181 [] WARN  SnakesGame - [ACK-MGR] ⟳ Retransmitting seq=0 to /198.18.0.1:9190 (retry 2/5)
2025-12-23 14:19:46.253 [pool-2-thread-3] INFO  SnakesGame - Sent multicast announcement to 239.192.0.4:9192 (50 bytes)
2025-12-23 14:19:46.254 [] INFO  SnakesGame - Discovered game: 1 from /198.18.0.1:9190
2025-12-23 14:19:46.254 [] INFO  SnakesGame - Discovered game: 1 from /198.18.0.1:9190
2025-12-23 14:19:46.689 [] INFO  SnakesGame - [UDP-SEND] 18 bytes to /198.18.0.1:9190 (local port: 64506)
2025-12-23 14:19:46.689 [] WARN  SnakesGame - [ACK-MGR] ⟳ Retransmitting seq=0 to /198.18.0.1:9190 (retry 3/5)
2025-12-23 14:19:46.690 [] INFO  SnakesGame - [UDP-SEND] 8 bytes to /198.18.0.1:9190 (local port: 64506)
2025-12-23 14:19:46.690 [] WARN  SnakesGame - [ACK-MGR] ⟳ Retransmitting seq=1 to /198.18.0.1:9190 (retry 1/5)
2025-12-23 14:19:47.167 [pool-2-thread-1] INFO  SnakesGame - [UDP-SEND] 8 bytes to /198.18.0.1:9190 (local port: 64506)
2025-12-23 14:19:47.169 [pool-2-thread-1] INFO  SnakesGame - [ACK-MGR] Sent message seq=2 to /198.18.0.1:9190, waiting for ACK
2025-12-23 14:19:47.196 [] INFO  SnakesGame - [UDP-SEND] 18 bytes to /198.18.0.1:9190 (local port: 64506)
2025-12-23 14:19:47.196 [] WARN  SnakesGame - [ACK-MGR] ⟳ Retransmitting seq=0 to /198.18.0.1:9190 (retry 4/5)
2025-12-23 14:19:47.196 [] INFO  SnakesGame - [UDP-SEND] 8 bytes to /198.18.0.1:9190 (local port: 64506)
2025-12-23 14:19:47.197 [] WARN  SnakesGame - [ACK-MGR] ⟳ Retransmitting seq=1 to /198.18.0.1:9190 (retry 2/5)
2025-12-23 14:19:47.257 [pool-2-thread-3] INFO  SnakesGame - Sent multicast announcement to 239.192.0.4:9192 (50 bytes)
2025-12-23 14:19:47.257 [] INFO  SnakesGame - Discovered game: 1 from /198.18.0.1:9190
2025-12-23 14:19:47.257 [] INFO  SnakesGame - Discovered game: 1 from /198.18.0.1:9190
2025-12-23 14:19:47.713 [] INFO  SnakesGame - [UDP-SEND] 18 bytes to /198.18.0.1:9190 (local port: 64506)
2025-12-23 14:19:47.714 [] WARN  SnakesGame - [ACK-MGR] ⟳ Retransmitting seq=0 to /198.18.0.1:9190 (retry 5/5)
2025-12-23 14:19:47.714 [] INFO  SnakesGame - [UDP-SEND] 8 bytes to /198.18.0.1:9190 (local port: 64506)
2025-12-23 14:19:47.714 [] WARN  SnakesGame - [ACK-MGR] ⟳ Retransmitting seq=1 to /198.18.0.1:9190 (retry 3/5)
2025-12-23 14:19:47.715 [] INFO  SnakesGame - [UDP-SEND] 8 bytes to /198.18.0.1:9190 (local port: 64506)
2025-12-23 14:19:47.715 [] WARN  SnakesGame - [ACK-MGR] ⟳ Retransmitting seq=2 to /198.18.0.1:9190 (retry 1/5)
2025-12-23 14:19:47.969 [] ERROR SnakesGame - [ACK-MGR] ✗ Message seq=0 to /198.18.0.1:9190 FAILED after 5 retries
2025-12-23 14:19:48.167 [pool-2-thread-1] WARN  SnakesGame - Master timed out, but deputy is unknown (no state yet?)
2025-12-23 14:19:48.168 [pool-2-thread-2] INFO  SnakesGame - [UDP-SEND] 8 bytes to /198.18.0.1:9190 (local port: 64506)
2025-12-23 14:19:48.171 [pool-2-thread-2] INFO  SnakesGame - [ACK-MGR] Sent message seq=3 to /198.18.0.1:9190, waiting for ACK
2025-12-23 14:19:48.228 [] INFO  SnakesGame - [UDP-SEND] 8 bytes to /198.18.0.1:9190 (local port: 64506)
2025-12-23 14:19:48.228 [] WARN  SnakesGame - [ACK-MGR] ⟳ Retransmitting seq=1 to /198.18.0.1:9190 (retry 4/5)
2025-12-23 14:19:48.228 [] INFO  SnakesGame - [UDP-SEND] 8 bytes to /198.18.0.1:9190 (local port: 64506)
2025-12-23 14:19:48.228 [] WARN  SnakesGame - [ACK-MGR] ⟳ Retransmitting seq=2 to /198.18.0.1:9190 (retry 2/5)
2025-12-23 14:19:48.258 [pool-2-thread-3] INFO  SnakesGame - Sent multicast announcement to 239.192.0.4:9192 (50 bytes)
2025-12-23 14:19:48.259 [] INFO  SnakesGame - Discovered game: 1 from /198.18.0.1:9190
2025-12-23 14:19:48.259 [] INFO  SnakesGame - Discovered game: 1 from /198.18.0.1:9190
2025-12-23 14:19:48.369 [pool-2-thread-1] WARN  SnakesGame - Master timed out, but deputy is unknown (no state yet?)
2025-12-23 14:19:48.566 [pool-2-thread-1] WARN  SnakesGame - Master timed out, but deputy is unknown (no state yet?)
2025-12-23 14:19:48.734 [] INFO  SnakesGame - [UDP-SEND] 8 bytes to /198.18.0.1:9190 (local port: 64506)
2025-12-23 14:19:48.736 [] WARN  SnakesGame - [ACK-MGR] ⟳ Retransmitting seq=1 to /198.18.0.1:9190 (retry 5/5)
2025-12-23 14:19:48.736 [] INFO  SnakesGame - [UDP-SEND] 8 bytes to /198.18.0.1:9190 (local port: 64506)
2025-12-23 14:19:48.739 [] WARN  SnakesGame - [ACK-MGR] ⟳ Retransmitting seq=2 to /198.18.0.1:9190 (retry 3/5)
2025-12-23 14:19:48.739 [] INFO  SnakesGame - [UDP-SEND] 8 bytes to /198.18.0.1:9190 (local port: 64506)
2025-12-23 14:19:48.740 [] WARN  SnakesGame - [ACK-MGR] ⟳ Retransmitting seq=3 to /198.18.0.1:9190 (retry 1/5)
2025-12-23 14:19:48.769 [pool-2-thread-1] WARN  SnakesGame - Master timed out, but deputy is unknown (no state yet?)
2025-12-23 14:19:48.970 [pool-2-thread-1] WARN  SnakesGame - Master timed out, but deputy is unknown (no state yet?)
2025-12-23 14:19:48.994 [] ERROR SnakesGame - [ACK-MGR] ✗ Message seq=1 to /198.18.0.1:9190 FAILED after 5 retries
2025-12-23 14:19:49.170 [pool-2-thread-1] WARN  SnakesGame - Master timed out, but deputy is unknown (no state yet?)
2025-12-23 14:19:49.174 [pool-2-thread-2] INFO  SnakesGame - [UDP-SEND] 8 bytes to /198.18.0.1:9190 (local port: 64506)
2025-12-23 14:19:49.174 [pool-2-thread-2] INFO  SnakesGame - [ACK-MGR] Sent message seq=4 to /198.18.0.1:9190, waiting for ACK
2025-12-23 14:19:49.247 [] INFO  SnakesGame - [UDP-SEND] 8 bytes to /198.18.0.1:9190 (local port: 64506)
2025-12-23 14:19:49.248 [] WARN  SnakesGame - [ACK-MGR] ⟳ Retransmitting seq=2 to /198.18.0.1:9190 (retry 4/5)
2025-12-23 14:19:49.248 [] INFO  SnakesGame - [UDP-SEND] 8 bytes to /198.18.0.1:9190 (local port: 64506)
2025-12-23 14:19:49.248 [] WARN  SnakesGame - [ACK-MGR] ⟳ Retransmitting seq=3 to /198.18.0.1:9190 (retry 2/5)
2025-12-23 14:19:49.257 [pool-2-thread-1] INFO  SnakesGame - Sent multicast announcement to 239.192.0.4:9192 (50 bytes)
2025-12-23 14:19:49.258 [] INFO  SnakesGame - Discovered game: 1 from /198.18.0.1:9190
2025-12-23 14:19:49.258 [] INFO  SnakesGame - Discovered game: 1 from /198.18.0.1:9190
2025-12-23 14:19:49.369 [pool-2-thread-1] WARN  SnakesGame - Master timed out, but deputy is unknown (no state yet?)
2025-12-23 14:19:49.570 [pool-2-thread-1] WARN  SnakesGame - Master timed out, but deputy is unknown (no state yet?)
2025-12-23 14:19:49.752 [] INFO  SnakesGame - [UDP-SEND] 8 bytes to /198.18.0.1:9190 (local port: 64506)
2025-12-23 14:19:49.752 [] WARN  SnakesGame - [ACK-MGR] ⟳ Retransmitting seq=2 to /198.18.0.1:9190 (retry 5/5)
2025-12-23 14:19:49.753 [] INFO  SnakesGame - [UDP-SEND] 8 bytes to /198.18.0.1:9190 (local port: 64506)
2025-12-23 14:19:49.753 [] WARN  SnakesGame - [ACK-MGR] ⟳ Retransmitting seq=3 to /198.18.0.1:9190 (retry 3/5)
2025-12-23 14:19:49.753 [] INFO  SnakesGame - [UDP-SEND] 8 bytes to /198.18.0.1:9190 (local port: 64506)
2025-12-23 14:19:49.753 [] WARN  SnakesGame - [ACK-MGR] ⟳ Retransmitting seq=4 to /198.18.0.1:9190 (retry 1/5)
2025-12-23 14:19:49.765 [pool-2-thread-1] WARN  SnakesGame - Master timed out, but deputy is unknown (no state yet?)
2025-12-23 14:19:49.969 [pool-2-thread-1] WARN  SnakesGame - Master timed out, but deputy is unknown (no state yet?)
2025-12-23 14:19:50.006 [] ERROR SnakesGame - [ACK-MGR] ✗ Message seq=2 to /198.18.0.1:9190 FAILED after 5 retries
2025-12-23 14:19:50.169 [pool-2-thread-1] WARN  SnakesGame - Master timed out, but deputy is unknown (no state yet?)
2025-12-23 14:19:50.169 [pool-2-thread-2] INFO  SnakesGame - [UDP-SEND] 8 bytes to /198.18.0.1:9190 (local port: 64506)
2025-12-23 14:19:50.169 [pool-2-thread-2] INFO  SnakesGame - [ACK-MGR] Sent message seq=5 to /198.18.0.1:9190, waiting for ACK
2025-12-23 14:19:50.268 [] INFO  SnakesGame - [UDP-SEND] 8 bytes to /198.18.0.1:9190 (local port: 64506)
2025-12-23 14:19:50.268 [] WARN  SnakesGame - [ACK-MGR] ⟳ Retransmitting seq=3 to /198.18.0.1:9190 (retry 4/5)
2025-12-23 14:19:50.268 [pool-2-thread-2] INFO  SnakesGame - Sent multicast announcement to 239.192.0.4:9192 (50 bytes)
2025-12-23 14:19:50.268 [] INFO  SnakesGame - [UDP-SEND] 8 bytes to /198.18.0.1:9190 (local port: 64506)
2025-12-23 14:19:50.268 [] WARN  SnakesGame - [ACK-MGR] ⟳ Retransmitting seq=4 to /198.18.0.1:9190 (retry 2/5)
2025-12-23 14:19:50.268 [] INFO  SnakesGame - Discovered game: 1 from /198.18.0.1:9190
2025-12-23 14:19:50.268 [] INFO  SnakesGame - Discovered game: 1 from /198.18.0.1:9190
2025-12-23 14:19:50.369 [pool-2-thread-1] WARN  SnakesGame - Master timed out, but deputy is unknown (no state yet?)
2025-12-23 14:19:50.569 [pool-2-thread-1] WARN  SnakesGame - Master timed out, but deputy is unknown (no state yet?)
2025-12-23 14:19:50.768 [pool-2-thread-1] WARN  SnakesGame - Master timed out, but deputy is unknown (no state yet?)
2025-12-23 14:19:50.776 [] INFO  SnakesGame - [UDP-SEND] 8 bytes to /198.18.0.1:9190 (local port: 64506)
2025-12-23 14:19:50.777 [] WARN  SnakesGame - [ACK-MGR] ⟳ Retransmitting seq=3 to /198.18.0.1:9190 (retry 5/5)
2025-12-23 14:19:50.777 [] INFO  SnakesGame - [UDP-SEND] 8 bytes to /198.18.0.1:9190 (local port: 64506)
2025-12-23 14:19:50.777 [] WARN  SnakesGame - [ACK-MGR] ⟳ Retransmitting seq=4 to /198.18.0.1:9190 (retry 3/5)
2025-12-23 14:19:50.777 [] INFO  SnakesGame - [UDP-SEND] 8 bytes to /198.18.0.1:9190 (local port: 64506)
2025-12-23 14:19:50.777 [] WARN  SnakesGame - [ACK-MGR] ⟳ Retransmitting seq=5 to /198.18.0.1:9190 (retry 1/5)
2025-12-23 14:19:50.969 [pool-2-thread-1] WARN  SnakesGame - Master timed out, but deputy is unknown (no state yet?)
2025-12-23 14:19:51.030 [] ERROR SnakesGame - [ACK-MGR] ✗ Message seq=3 to /198.18.0.1:9190 FAILED after 5 retries
2025-12-23 14:19:51.165 [pool-2-thread-1] WARN  SnakesGame - Master timed out, but deputy is unknown (no state yet?)
2025-12-23 14:19:51.165 [pool-2-thread-2] INFO  SnakesGame - [UDP-SEND] 8 bytes to /198.18.0.1:9190 (local port: 64506)
2025-12-23 14:19:51.165 [pool-2-thread-2] INFO  SnakesGame - [ACK-MGR] Sent message seq=6 to /198.18.0.1:9190, waiting for ACK
2025-12-23 14:19:51.259 [pool-2-thread-1] INFO  SnakesGame - Sent multicast announcement to 239.192.0.4:9192 (50 bytes)
2025-12-23 14:19:51.262 [] INFO  SnakesGame - Discovered game: 1 from /198.18.0.1:9190
2025-12-23 14:19:51.262 [] INFO  SnakesGame - Discovered game: 1 from /198.18.0.1:9190
2025-12-23 14:19:51.282 [] INFO  SnakesGame - [UDP-SEND] 8 bytes to /198.18.0.1:9190 (local port: 64506)
2025-12-23 14:19:51.282 [] WARN  SnakesGame - [ACK-MGR] ⟳ Retransmitting seq=4 to /198.18.0.1:9190 (retry 4/5)
2025-12-23 14:19:51.282 [] INFO  SnakesGame - [UDP-SEND] 8 bytes to /198.18.0.1:9190 (local port: 64506)
2025-12-23 14:19:51.282 [] WARN  SnakesGame - [ACK-MGR] ⟳ Retransmitting seq=5 to /198.18.0.1:9190 (retry 2/5)
2025-12-23 14:19:51.368 [pool-2-thread-1] WARN  SnakesGame - Master timed out, but deputy is unknown (no state yet?)
2025-12-23 14:19:51.569 [pool-2-thread-1] WARN  SnakesGame - Master timed out, but deputy is unknown (no state yet?)
2025-12-23 14:19:51.767 [pool-2-thread-1] WARN  SnakesGame - Master timed out, but deputy is unknown (no state yet?)
2025-12-23 14:19:51.789 [] INFO  SnakesGame - [UDP-SEND] 8 bytes to /198.18.0.1:9190 (local port: 64506)
2025-12-23 14:19:51.789 [] WARN  SnakesGame - [ACK-MGR] ⟳ Retransmitting seq=4 to /198.18.0.1:9190 (retry 5/5)
2025-12-23 14:19:51.789 [] INFO  SnakesGame - [UDP-SEND] 8 bytes to /198.18.0.1:9190 (local port: 64506)
2025-12-23 14:19:51.789 [] WARN  SnakesGame - [ACK-MGR] ⟳ Retransmitting seq=5 to /198.18.0.1:9190 (retry 3/5)
2025-12-23 14:19:51.790 [] INFO  SnakesGame - [UDP-SEND] 8 bytes to /198.18.0.1:9190 (local port: 64506)
2025-12-23 14:19:51.790 [] WARN  SnakesGame - [ACK-MGR] ⟳ Retransmitting seq=6 to /198.18.0.1:9190 (retry 1/5)
2025-12-23 14:19:51.970 [pool-2-thread-1] WARN  SnakesGame - Master timed out, but deputy is unknown (no state yet?)
2025-12-23 14:19:52.040 [] ERROR SnakesGame - [ACK-MGR] ✗ Message seq=4 to /198.18.0.1:9190 FAILED after 5 retries
2025-12-23 14:19:52.167 [pool-2-thread-2] WARN  SnakesGame - Master timed out, but deputy is unknown (no state yet?)
2025-12-23 14:19:52.167 [pool-2-thread-1] INFO  SnakesGame - [UDP-SEND] 8 bytes to /198.18.0.1:9190 (local port: 64506)
2025-12-23 14:19:52.167 [pool-2-thread-1] INFO  SnakesGame - [ACK-MGR] Sent message seq=7 to /198.18.0.1:9190, waiting for ACK
2025-12-23 14:19:52.254 [pool-2-thread-3] INFO  SnakesGame - Sent multicast announcement to 239.192.0.4:9192 (50 bytes)
2025-12-23 14:19:52.255 [] INFO  SnakesGame - Discovered game: 1 from /198.18.0.1:9190
2025-12-23 14:19:52.256 [] INFO  SnakesGame - Discovered game: 1 from /198.18.0.1:9190
2025-12-23 14:19:52.296 [] INFO  SnakesGame - [UDP-SEND] 8 bytes to /198.18.0.1:9190 (local port: 64506)
2025-12-23 14:19:52.296 [] WARN  SnakesGame - [ACK-MGR] ⟳ Retransmitting seq=5 to /198.18.0.1:9190 (retry 4/5)
2025-12-23 14:19:52.296 [] INFO  SnakesGame - [UDP-SEND] 8 bytes to /198.18.0.1:9190 (local port: 64506)
2025-12-23 14:19:52.296 [] WARN  SnakesGame - [ACK-MGR] ⟳ Retransmitting seq=6 to /198.18.0.1:9190 (retry 2/5)
2025-12-23 14:19:52.369 [pool-2-thread-2] WARN  SnakesGame - Master timed out, but deputy is unknown (no state yet?)
2025-12-23 14:19:52.569 [pool-2-thread-2] WARN  SnakesGame - Master timed out, but deputy is unknown (no state yet?)
2025-12-23 14:19:52.769 [pool-2-thread-2] WARN  SnakesGame - Master timed out, but deputy is unknown (no state yet?)
2025-12-23 14:19:52.807 [] INFO  SnakesGame - [UDP-SEND] 8 bytes to /198.18.0.1:9190 (local port: 64506)
2025-12-23 14:19:52.807 [] WARN  SnakesGame - [ACK-MGR] ⟳ Retransmitting seq=5 to /198.18.0.1:9190 (retry 5/5)
2025-12-23 14:19:52.807 [] INFO  SnakesGame - [UDP-SEND] 8 bytes to /198.18.0.1:9190 (local port: 64506)
2025-12-23 14:19:52.807 [] WARN  SnakesGame - [ACK-MGR] ⟳ Retransmitting seq=6 to /198.18.0.1:9190 (retry 3/5)
2025-12-23 14:19:52.807 [] INFO  SnakesGame - [UDP-SEND] 8 bytes to /198.18.0.1:9190 (local port: 64506)
2025-12-23 14:19:52.807 [] WARN  SnakesGame - [ACK-MGR] ⟳ Retransmitting seq=7 to /198.18.0.1:9190 (retry 1/5)
2025-12-23 14:19:52.970 [pool-2-thread-2] WARN  SnakesGame - Master timed out, but deputy is unknown (no state yet?)
2025-12-23 14:19:53.063 [] ERROR SnakesGame - [ACK-MGR] ✗ Message seq=5 to /198.18.0.1:9190 FAILED after 5 retries
2025-12-23 14:19:53.167 [pool-2-thread-1] WARN  SnakesGame - Master timed out, but deputy is unknown (no state yet?)
2025-12-23 14:19:53.167 [pool-2-thread-2] INFO  SnakesGame - [UDP-SEND] 8 bytes to /198.18.0.1:9190 (local port: 64506)
2025-12-23 14:19:53.167 [pool-2-thread-2] INFO  SnakesGame - [ACK-MGR] Sent message seq=8 to /198.18.0.1:9190, waiting for ACK
2025-12-23 14:19:53.252 [pool-2-thread-2] INFO  SnakesGame - Sent multicast announcement to 239.192.0.4:9192 (50 bytes)
2025-12-23 14:19:53.257 [] INFO  SnakesGame - Discovered game: 1 from /198.18.0.1:9190
2025-12-23 14:19:53.256 [] INFO  SnakesGame - Discovered game: 1 from /198.18.0.1:9190
2025-12-23 14:19:53.319 [] INFO  SnakesGame - [UDP-SEND] 8 bytes to /198.18.0.1:9190 (local port: 64506)
2025-12-23 14:19:53.321 [] WARN  SnakesGame - [ACK-MGR] ⟳ Retransmitting seq=6 to /198.18.0.1:9190 (retry 4/5)
2025-12-23 14:19:53.321 [] INFO  SnakesGame - [UDP-SEND] 8 bytes to /198.18.0.1:9190 (local port: 64506)
2025-12-23 14:19:53.322 [] WARN  SnakesGame - [ACK-MGR] ⟳ Retransmitting seq=7 to /198.18.0.1:9190 (retry 2/5)
2025-12-23 14:19:53.369 [pool-2-thread-1] WARN  SnakesGame - Master timed out, but deputy is unknown (no state yet?)
2025-12-23 14:19:53.569 [pool-2-thread-1] WARN  SnakesGame - Master timed out, but deputy is unknown (no state yet?)
2025-12-23 14:19:53.766 [pool-2-thread-1] WARN  SnakesGame - Master timed out, but deputy is unknown (no state yet?)
2025-12-23 14:19:53.825 [] INFO  SnakesGame - [UDP-SEND] 8 bytes to /198.18.0.1:9190 (local port: 64506)
2025-12-23 14:19:53.825 [] WARN  SnakesGame - [ACK-MGR] ⟳ Retransmitting seq=6 to /198.18.0.1:9190 (retry 5/5)
2025-12-23 14:19:53.826 [] INFO  SnakesGame - [UDP-SEND] 8 bytes to /198.18.0.1:9190 (local port: 64506)
2025-12-23 14:19:53.826 [] WARN  SnakesGame - [ACK-MGR] ⟳ Retransmitting seq=7 to /198.18.0.1:9190 (retry 3/5)
2025-12-23 14:19:53.826 [] INFO  SnakesGame - [UDP-SEND] 8 bytes to /198.18.0.1:9190 (local port: 64506)
2025-12-23 14:19:53.826 [] WARN  SnakesGame - [ACK-MGR] ⟳ Retransmitting seq=8 to /198.18.0.1:9190 (retry 1/5)
2025-12-23 14:19:53.966 [pool-2-thread-1] WARN  SnakesGame - Master timed out, but deputy is unknown (no state yet?)
2025-12-23 14:19:54.081 [] ERROR SnakesGame - [ACK-MGR] ✗ Message seq=6 to /198.18.0.1:9190 FAILED after 5 retries
2025-12-23 14:19:54.165 [pool-2-thread-1] WARN  SnakesGame - Master timed out, but deputy is unknown (no state yet?)
2025-12-23 14:19:54.166 [pool-2-thread-2] INFO  SnakesGame - [UDP-SEND] 8 bytes to /198.18.0.1:9190 (local port: 64506)
2025-12-23 14:19:54.166 [pool-2-thread-2] INFO  SnakesGame - [ACK-MGR] Sent message seq=9 to /198.18.0.1:9190, waiting for ACK
2025-12-23 14:19:54.256 [pool-2-thread-2] INFO  SnakesGame - Sent multicast announcement to 239.192.0.4:9192 (50 bytes)
2025-12-23 14:19:54.257 [] INFO  SnakesGame - Discovered game: 1 from /198.18.0.1:9190
2025-12-23 14:19:54.257 [] INFO  SnakesGame - Discovered game: 1 from /198.18.0.1:9190
2025-12-23 14:19:54.334 [] INFO  SnakesGame - [UDP-SEND] 8 bytes to /198.18.0.1:9190 (local port: 64506)
2025-12-23 14:19:54.334 [] WARN  SnakesGame - [ACK-MGR] ⟳ Retransmitting seq=7 to /198.18.0.1:9190 (retry 4/5)
2025-12-23 14:19:54.334 [] INFO  SnakesGame - [UDP-SEND] 8 bytes to /198.18.0.1:9190 (local port: 64506)
2025-12-23 14:19:54.334 [] WARN  SnakesGame - [ACK-MGR] ⟳ Retransmitting seq=8 to /198.18.0.1:9190 (retry 2/5)
2025-12-23 14:19:54.369 [pool-2-thread-1] WARN  SnakesGame - Master timed out, but deputy is unknown (no state yet?)
2025-12-23 14:19:54.569 [pool-2-thread-1] WARN  SnakesGame - Master timed out, but deputy is unknown (no state yet?)
2025-12-23 14:19:54.769 [pool-2-thread-1] WARN  SnakesGame - Master timed out, but deputy is unknown (no state yet?)
2025-12-23 14:19:54.845 [] INFO  SnakesGame - [UDP-SEND] 8 bytes to /198.18.0.1:9190 (local port: 64506)
2025-12-23 14:19:54.846 [] WARN  SnakesGame - [ACK-MGR] ⟳ Retransmitting seq=7 to /198.18.0.1:9190 (retry 5/5)
2025-12-23 14:19:54.846 [] INFO  SnakesGame - [UDP-SEND] 8 bytes to /198.18.0.1:9190 (local port: 64506)
2025-12-23 14:19:54.847 [] WARN  SnakesGame - [ACK-MGR] ⟳ Retransmitting seq=8 to /198.18.0.1:9190 (retry 3/5)
2025-12-23 14:19:54.849 [] INFO  SnakesGame - [UDP-SEND] 8 bytes to /198.18.0.1:9190 (local port: 64506)
2025-12-23 14:19:54.849 [] WARN  SnakesGame - [ACK-MGR] ⟳ Retransmitting seq=9 to /198.18.0.1:9190 (retry 1/5)
2025-12-23 14:19:54.967 [pool-2-thread-1] WARN  SnakesGame - Master timed out, but deputy is unknown (no state yet?)
2025-12-23 14:19:55.104 [] ERROR SnakesGame - [ACK-MGR] ✗ Message seq=7 to /198.18.0.1:9190 FAILED after 5 retries
2025-12-23 14:19:55.169 [pool-2-thread-1] WARN  SnakesGame - Master timed out, but deputy is unknown (no state yet?)
2025-12-23 14:19:55.171 [pool-2-thread-2] INFO  SnakesGame - [UDP-SEND] 8 bytes to /198.18.0.1:9190 (local port: 64506)
2025-12-23 14:19:55.171 [pool-2-thread-2] INFO  SnakesGame - [ACK-MGR] Sent message seq=10 to /198.18.0.1:9190, waiting for ACK
2025-12-23 14:19:55.258 [pool-2-thread-1] INFO  SnakesGame - Sent multicast announcement to 239.192.0.4:9192 (50 bytes)
2025-12-23 14:19:55.258 [] INFO  SnakesGame - Discovered game: 1 from /198.18.0.1:9190
2025-12-23 14:19:55.258 [] INFO  SnakesGame - Discovered game: 1 from /198.18.0.1:9190
2025-12-23 14:19:55.360 [] INFO  SnakesGame - [UDP-SEND] 8 bytes to /198.18.0.1:9190 (local port: 64506)
2025-12-23 14:19:55.360 [] WARN  SnakesGame - [ACK-MGR] ⟳ Retransmitting seq=8 to /198.18.0.1:9190 (retry 4/5)
2025-12-23 14:19:55.360 [] INFO  SnakesGame - [UDP-SEND] 8 bytes to /198.18.0.1:9190 (local port: 64506)
2025-12-23 14:19:55.360 [] WARN  SnakesGame - [ACK-MGR] ⟳ Retransmitting seq=9 to /198.18.0.1:9190 (retry 2/5)
2025-12-23 14:19:55.369 [pool-2-thread-1] WARN  SnakesGame - Master timed out, but deputy is unknown (no state yet?)
2025-12-23 14:19:55.569 [pool-2-thread-1] WARN  SnakesGame - Master timed out, but deputy is unknown (no state yet?)
2025-12-23 14:19:55.766 [pool-2-thread-1] WARN  SnakesGame - Master timed out, but deputy is unknown (no state yet?)
2025-12-23 14:19:55.866 [] INFO  SnakesGame - [UDP-SEND] 8 bytes to /198.18.0.1:9190 (local port: 64506)
2025-12-23 14:19:55.866 [] WARN  SnakesGame - [ACK-MGR] ⟳ Retransmitting seq=8 to /198.18.0.1:9190 (retry 5/5)
2025-12-23 14:19:55.867 [] INFO  SnakesGame - [UDP-SEND] 8 bytes to /198.18.0.1:9190 (local port: 64506)
2025-12-23 14:19:55.867 [] WARN  SnakesGame - [ACK-MGR] ⟳ Retransmitting seq=9 to /198.18.0.1:9190 (retry 3/5)
2025-12-23 14:19:55.867 [] INFO  SnakesGame - [UDP-SEND] 8 bytes to /198.18.0.1:9190 (local port: 64506)
2025-12-23 14:19:55.867 [] WARN  SnakesGame - [ACK-MGR] ⟳ Retransmitting seq=10 to /198.18.0.1:9190 (retry 1/5)
2025-12-23 14:19:55.968 [pool-2-thread-1] WARN  SnakesGame - Master timed out, but deputy is unknown (no state yet?)
2025-12-23 14:19:56.122 [] ERROR SnakesGame - [ACK-MGR] ✗ Message seq=8 to /198.18.0.1:9190 FAILED after 5 retries
2025-12-23 14:19:56.172 [pool-2-thread-2] INFO  SnakesGame - [UDP-SEND] 8 bytes to /198.18.0.1:9190 (local port: 64506)
2025-12-23 14:19:56.172 [pool-2-thread-2] INFO  SnakesGame - [ACK-MGR] Sent message seq=11 to /198.18.0.1:9190, waiting for ACK
2025-12-23 14:19:56.172 [pool-2-thread-2] WARN  SnakesGame - Master timed out, but deputy is unknown (no state yet?)
2025-12-23 14:19:56.255 [pool-2-thread-1] INFO  SnakesGame - Sent multicast announcement to 239.192.0.4:9192 (50 bytes)
2025-12-23 14:19:56.256 [] INFO  SnakesGame - Discovered game: 1 from /198.18.0.1:9190
2025-12-23 14:19:56.256 [] INFO  SnakesGame - Discovered game: 1 from /198.18.0.1:9190
2025-12-23 14:19:56.369 [pool-2-thread-2] WARN  SnakesGame - Master timed out, but deputy is unknown (no state yet?)
2025-12-23 14:19:56.381 [] INFO  SnakesGame - [UDP-SEND] 8 bytes to /198.18.0.1:9190 (local port: 64506)
2025-12-23 14:19:56.381 [] WARN  SnakesGame - [ACK-MGR] ⟳ Retransmitting seq=9 to /198.18.0.1:9190 (retry 4/5)
2025-12-23 14:19:56.382 [] INFO  SnakesGame - [UDP-SEND] 8 bytes to /198.18.0.1:9190 (local port: 64506)
2025-12-23 14:19:56.383 [] WARN  SnakesGame - [ACK-MGR] ⟳ Retransmitting seq=10 to /198.18.0.1:9190 (retry 2/5)
2025-12-23 14:19:56.564 [pool-2-thread-2] WARN  SnakesGame - Master timed out, but deputy is unknown (no state yet?)
2025-12-23 14:19:56.768 [pool-2-thread-2] WARN  SnakesGame - Master timed out, but deputy is unknown (no state yet?)
2025-12-23 14:19:56.888 [] INFO  SnakesGame - [UDP-SEND] 8 bytes to /198.18.0.1:9190 (local port: 64506)
2025-12-23 14:19:56.889 [] WARN  SnakesGame - [ACK-MGR] ⟳ Retransmitting seq=9 to /198.18.0.1:9190 (retry 5/5)
2025-12-23 14:19:56.889 [] INFO  SnakesGame - [UDP-SEND] 8 bytes to /198.18.0.1:9190 (local port: 64506)
2025-12-23 14:19:56.889 [] WARN  SnakesGame - [ACK-MGR] ⟳ Retransmitting seq=10 to /198.18.0.1:9190 (retry 3/5)
2025-12-23 14:19:56.889 [] INFO  SnakesGame - [UDP-SEND] 8 bytes to /198.18.0.1:9190 (local port: 64506)
2025-12-23 14:19:56.889 [] WARN  SnakesGame - [ACK-MGR] ⟳ Retransmitting seq=11 to /198.18.0.1:9190 (retry 1/5)
2025-12-23 14:19:56.968 [pool-2-thread-2] WARN  SnakesGame - Master timed out, but deputy is unknown (no state yet?)
2025-12-23 14:19:57.139 [] ERROR SnakesGame - [ACK-MGR] ✗ Message seq=9 to /198.18.0.1:9190 FAILED after 5 retries
2025-12-23 14:19:57.166 [pool-2-thread-1] WARN  SnakesGame - Master timed out, but deputy is unknown (no state yet?)
2025-12-23 14:19:57.167 [pool-2-thread-2] INFO  SnakesGame - [UDP-SEND] 8 bytes to /198.18.0.1:9190 (local port: 64506)
2025-12-23 14:19:57.170 [pool-2-thread-2] INFO  SnakesGame - [ACK-MGR] Sent message seq=12 to /198.18.0.1:9190, waiting for ACK
2025-12-23 14:19:57.256 [pool-2-thread-1] INFO  SnakesGame - Sent multicast announcement to 239.192.0.4:9192 (50 bytes)
2025-12-23 14:19:57.257 [] INFO  SnakesGame - Discovered game: 1 from /198.18.0.1:9190
2025-12-23 14:19:57.257 [] INFO  SnakesGame - Discovered game: 1 from /198.18.0.1:9190
2025-12-23 14:19:57.368 [pool-2-thread-1] WARN  SnakesGame - Master timed out, but deputy is unknown (no state yet?)
2025-12-23 14:19:57.393 [] INFO  SnakesGame - [UDP-SEND] 8 bytes to /198.18.0.1:9190 (local port: 64506)
2025-12-23 14:19:57.393 [] WARN  SnakesGame - [ACK-MGR] ⟳ Retransmitting seq=10 to /198.18.0.1:9190 (retry 4/5)
2025-12-23 14:19:57.393 [] INFO  SnakesGame - [UDP-SEND] 8 bytes to /198.18.0.1:9190 (local port: 64506)
2025-12-23 14:19:57.393 [] WARN  SnakesGame - [ACK-MGR] ⟳ Retransmitting seq=11 to /198.18.0.1:9190 (retry 2/5)
2025-12-23 14:19:57.572 [pool-2-thread-1] WARN  SnakesGame - Master timed out, but deputy is unknown (no state yet?)
2025-12-23 14:19:57.765 [pool-2-thread-1] WARN  SnakesGame - Master timed out, but deputy is unknown (no state yet?)
2025-12-23 14:19:57.900 [] INFO  SnakesGame - [UDP-SEND] 8 bytes to /198.18.0.1:9190 (local port: 64506)
2025-12-23 14:19:57.904 [] WARN  SnakesGame - [ACK-MGR] ⟳ Retransmitting seq=10 to /198.18.0.1:9190 (retry 5/5)
2025-12-23 14:19:57.905 [] INFO  SnakesGame - [UDP-SEND] 8 bytes to /198.18.0.1:9190 (local port: 64506)
2025-12-23 14:19:57.905 [] WARN  SnakesGame - [ACK-MGR] ⟳ Retransmitting seq=11 to /198.18.0.1:9190 (retry 3/5)
2025-12-23 14:19:57.906 [] INFO  SnakesGame - [UDP-SEND] 8 bytes to /198.18.0.1:9190 (local port: 64506)
2025-12-23 14:19:57.907 [] WARN  SnakesGame - [ACK-MGR] ⟳ Retransmitting seq=12 to /198.18.0.1:9190 (retry 1/5)
2025-12-23 14:19:57.966 [pool-2-thread-1] WARN  SnakesGame - Master timed out, but deputy is unknown (no state yet?)
2025-12-23 14:19:58.160 [] ERROR SnakesGame - [ACK-MGR] ✗ Message seq=10 to /198.18.0.1:9190 FAILED after 5 retries
2025-12-23 14:19:58.165 [pool-2-thread-1] WARN  SnakesGame - Master timed out, but deputy is unknown (no state yet?)
2025-12-23 14:19:58.165 [pool-2-thread-2] INFO  SnakesGame - [UDP-SEND] 8 bytes to /198.18.0.1:9190 (local port: 64506)
2025-12-23 14:19:58.166 [pool-2-thread-2] INFO  SnakesGame - [ACK-MGR] Sent message seq=13 to /198.18.0.1:9190, waiting for ACK
2025-12-23 14:19:58.253 [pool-2-thread-2] INFO  SnakesGame - Sent multicast announcement to 239.192.0.4:9192 (50 bytes)
2025-12-23 14:19:58.254 [] INFO  SnakesGame - Discovered game: 1 from /198.18.0.1:9190
2025-12-23 14:19:58.254 [] INFO  SnakesGame - Discovered game: 1 from /198.18.0.1:9190
2025-12-23 14:19:58.367 [pool-2-thread-1] WARN  SnakesGame - Master timed out, but deputy is unknown (no state yet?)
2025-12-23 14:19:58.419 [] INFO  SnakesGame - [UDP-SEND] 8 bytes to /198.18.0.1:9190 (local port: 64506)
2025-12-23 14:19:58.420 [] WARN  SnakesGame - [ACK-MGR] ⟳ Retransmitting seq=11 to /198.18.0.1:9190 (retry 4/5)
2025-12-23 14:19:58.421 [] INFO  SnakesGame - [UDP-SEND] 8 bytes to /198.18.0.1:9190 (local port: 64506)
2025-12-23 14:19:58.421 [] WARN  SnakesGame - [ACK-MGR] ⟳ Retransmitting seq=12 to /198.18.0.1:9190 (retry 2/5)
2025-12-23 14:19:58.569 [pool-2-thread-1] WARN  SnakesGame - Master timed out, but deputy is unknown (no state yet?)
2025-12-23 14:19:58.678 [] INFO  SnakesGame - [UDP-SEND] 8 bytes to /198.18.0.1:9190 (local port: 64506)
2025-12-23 14:19:58.678 [] WARN  SnakesGame - [ACK-MGR] ⟳ Retransmitting seq=11 to /198.18.0.1:9190 (retry 5/5)
2025-12-23 14:19:58.678 [] INFO  SnakesGame - [UDP-SEND] 8 bytes to /198.18.0.1:9190 (local port: 64506)
2025-12-23 14:19:58.679 [] WARN  SnakesGame - [ACK-MGR] ⟳ Retransmitting seq=12 to /198.18.0.1:9190 (retry 3/5)
2025-12-23 14:19:58.679 [] INFO  SnakesGame - [UDP-SEND] 8 bytes to /198.18.0.1:9190 (local port: 64506)
2025-12-23 14:19:58.680 [] WARN  SnakesGame - [ACK-MGR] ⟳ Retransmitting seq=13 to /198.18.0.1:9190 (retry 1/5)
2025-12-23 14:19:58.769 [pool-2-thread-2] WARN  SnakesGame - Master timed out, but deputy is unknown (no state yet?)
2025-12-23 14:19:58.937 [] ERROR SnakesGame - [ACK-MGR] ✗ Message seq=11 to /198.18.0.1:9190 FAILED after 5 retries
2025-12-23 14:19:58.964 [pool-2-thread-2] WARN  SnakesGame - Master timed out, but deputy is unknown (no state yet?)
2025-12-23 14:19:59.167 [pool-2-thread-2] WARN  SnakesGame - Master timed out, but deputy is unknown (no state yet?)
2025-12-23 14:19:59.167 [pool-2-thread-1] INFO  SnakesGame - [UDP-SEND] 8 bytes to /198.18.0.1:9190 (local port: 64506)
2025-12-23 14:19:59.168 [pool-2-thread-1] INFO  SnakesGame - [ACK-MGR] Sent message seq=14 to /198.18.0.1:9190, waiting for ACK
2025-12-23 14:19:59.193 [] INFO  SnakesGame - [UDP-SEND] 8 bytes to /198.18.0.1:9190 (local port: 64506)
2025-12-23 14:19:59.193 [] WARN  SnakesGame - [ACK-MGR] ⟳ Retransmitting seq=12 to /198.18.0.1:9190 (retry 4/5)
2025-12-23 14:19:59.193 [] INFO  SnakesGame - [UDP-SEND] 8 bytes to /198.18.0.1:9190 (local port: 64506)
2025-12-23 14:19:59.193 [] WARN  SnakesGame - [ACK-MGR] ⟳ Retransmitting seq=13 to /198.18.0.1:9190 (retry 2/5)
2025-12-23 14:19:59.258 [pool-2-thread-3] INFO  SnakesGame - Sent multicast announcement to 239.192.0.4:9192 (50 bytes)
2025-12-23 14:19:59.261 [] INFO  SnakesGame - Discovered game: 1 from /198.18.0.1:9190
2025-12-23 14:19:59.265 [] INFO  SnakesGame - Discovered game: 1 from /198.18.0.1:9190
2025-12-23 14:19:59.368 [pool-2-thread-2] WARN  SnakesGame - Master timed out, but deputy is unknown (no state yet?)
2025-12-23 14:19:59.566 [pool-2-thread-2] WARN  SnakesGame - Master timed out, but deputy is unknown (no state yet?)
2025-12-23 14:19:59.706 [] INFO  SnakesGame - [UDP-SEND] 8 bytes to /198.18.0.1:9190 (local port: 64506)
2025-12-23 14:19:59.707 [] WARN  SnakesGame - [ACK-MGR] ⟳ Retransmitting seq=12 to /198.18.0.1:9190 (retry 5/5)
2025-12-23 14:19:59.708 [] INFO  SnakesGame - [UDP-SEND] 8 bytes to /198.18.0.1:9190 (local port: 64506)
2025-12-23 14:19:59.708 [] WARN  SnakesGame - [ACK-MGR] ⟳ Retransmitting seq=13 to /198.18.0.1:9190 (retry 3/5)
2025-12-23 14:19:59.712 [] INFO  SnakesGame - [UDP-SEND] 8 bytes to /198.18.0.1:9190 (local port: 64506)
2025-12-23 14:19:59.712 [] WARN  SnakesGame - [ACK-MGR] ⟳ Retransmitting seq=14 to /198.18.0.1:9190 (retry 1/5)
2025-12-23 14:19:59.772 [pool-2-thread-2] WARN  SnakesGame - Master timed out, but deputy is unknown (no state yet?)
2025-12-23 14:19:59.967 [pool-2-thread-2] WARN  SnakesGame - Master timed out, but deputy is unknown (no state yet?)
2025-12-23 14:19:59.968 [] ERROR SnakesGame - [ACK-MGR] ✗ Message seq=12 to /198.18.0.1:9190 FAILED after 5 retries
2025-12-23 14:20:00.169 [pool-2-thread-1] INFO  SnakesGame - [UDP-SEND] 8 bytes to /198.18.0.1:9190 (local port: 64506)
2025-12-23 14:20:00.171 [pool-2-thread-1] INFO  SnakesGame - [ACK-MGR] Sent message seq=15 to /198.18.0.1:9190, waiting for ACK
2025-12-23 14:20:00.171 [pool-2-thread-2] WARN  SnakesGame - Master timed out, but deputy is unknown (no state yet?)
2025-12-23 14:20:00.224 [] INFO  SnakesGame - [UDP-SEND] 8 bytes to /198.18.0.1:9190 (local port: 64506)
2025-12-23 14:20:00.225 [] WARN  SnakesGame - [ACK-MGR] ⟳ Retransmitting seq=13 to /198.18.0.1:9190 (retry 4/5)
2025-12-23 14:20:00.226 [] INFO  SnakesGame - [UDP-SEND] 8 bytes to /198.18.0.1:9190 (local port: 64506)
2025-12-23 14:20:00.227 [] WARN  SnakesGame - [ACK-MGR] ⟳ Retransmitting seq=14 to /198.18.0.1:9190 (retry 2/5)
2025-12-23 14:20:00.266 [pool-2-thread-1] INFO  SnakesGame - Sent multicast announcement to 239.192.0.4:9192 (50 bytes)
2025-12-23 14:20:00.267 [] INFO  SnakesGame - Discovered game: 1 from /198.18.0.1:9190
2025-12-23 14:20:00.267 [] INFO  SnakesGame - Discovered game: 1 from /198.18.0.1:9190
2025-12-23 14:20:00.368 [pool-2-thread-2] WARN  SnakesGame - Master timed out, but deputy is unknown (no state yet?)
2025-12-23 14:20:00.567 [pool-2-thread-1] WARN  SnakesGame - Master timed out, but deputy is unknown (no state yet?)
2025-12-23 14:20:00.738 [] INFO  SnakesGame - [UDP-SEND] 8 bytes to /198.18.0.1:9190 (local port: 64506)
2025-12-23 14:20:00.740 [] WARN  SnakesGame - [ACK-MGR] ⟳ Retransmitting seq=13 to /198.18.0.1:9190 (retry 5/5)
2025-12-23 14:20:00.741 [] INFO  SnakesGame - [UDP-SEND] 8 bytes to /198.18.0.1:9190 (local port: 64506)
2025-12-23 14:20:00.741 [] WARN  SnakesGame - [ACK-MGR] ⟳ Retransmitting seq=14 to /198.18.0.1:9190 (retry 3/5)
2025-12-23 14:20:00.741 [] INFO  SnakesGame - [UDP-SEND] 8 bytes to /198.18.0.1:9190 (local port: 64506)
2025-12-23 14:20:00.741 [] WARN  SnakesGame - [ACK-MGR] ⟳ Retransmitting seq=15 to /198.18.0.1:9190 (retry 1/5)
2025-12-23 14:20:00.767 [pool-2-thread-1] WARN  SnakesGame - Master timed out, but deputy is unknown (no state yet?)
2025-12-23 14:20:00.969 [pool-2-thread-1] WARN  SnakesGame - Master timed out, but deputy is unknown (no state yet?)
2025-12-23 14:20:00.993 [] ERROR SnakesGame - [ACK-MGR] ✗ Message seq=13 to /198.18.0.1:9190 FAILED after 5 retries
2025-12-23 14:20:01.168 [pool-2-thread-2] WARN  SnakesGame - Master timed out, but deputy is unknown (no state yet?)
2025-12-23 14:20:01.168 [pool-2-thread-1] INFO  SnakesGame - [UDP-SEND] 8 bytes to /198.18.0.1:9190 (local port: 64506)
2025-12-23 14:20:01.169 [pool-2-thread-1] INFO  SnakesGame - [ACK-MGR] Sent message seq=16 to /198.18.0.1:9190, waiting for ACK
2025-12-23 14:20:01.249 [] INFO  SnakesGame - [UDP-SEND] 8 bytes to /198.18.0.1:9190 (local port: 64506)
2025-12-23 14:20:01.250 [] WARN  SnakesGame - [ACK-MGR] ⟳ Retransmitting seq=14 to /198.18.0.1:9190 (retry 4/5)
2025-12-23 14:20:01.250 [] INFO  SnakesGame - [UDP-SEND] 8 bytes to /198.18.0.1:9190 (local port: 64506)
2025-12-23 14:20:01.251 [] WARN  SnakesGame - [ACK-MGR] ⟳ Retransmitting seq=15 to /198.18.0.1:9190 (retry 2/5)
2025-12-23 14:20:01.257 [pool-2-thread-3] INFO  SnakesGame - Sent multicast announcement to 239.192.0.4:9192 (50 bytes)
2025-12-23 14:20:01.259 [] INFO  SnakesGame - Discovered game: 1 from /198.18.0.1:9190
2025-12-23 14:20:01.260 [] INFO  SnakesGame - Discovered game: 1 from /198.18.0.1:9190
2025-12-23 14:20:01.368 [pool-2-thread-2] WARN  SnakesGame - Master timed out, but deputy is unknown (no state yet?)
2025-12-23 14:20:01.568 [pool-2-thread-2] WARN  SnakesGame - Master timed out, but deputy is unknown (no state yet?)
2025-12-23 14:20:01.760 [] INFO  SnakesGame - [UDP-SEND] 8 bytes to /198.18.0.1:9190 (local port: 64506)
2025-12-23 14:20:01.760 [] WARN  SnakesGame - [ACK-MGR] ⟳ Retransmitting seq=16 to /198.18.0.1:9190 (retry 1/5)
2025-12-23 14:20:01.761 [] INFO  SnakesGame - [UDP-SEND] 8 bytes to /198.18.0.1:9190 (local port: 64506)
2025-12-23 14:20:01.761 [] WARN  SnakesGame - [ACK-MGR] ⟳ Retransmitting seq=14 to /198.18.0.1:9190 (retry 5/5)
2025-12-23 14:20:01.761 [] INFO  SnakesGame - [UDP-SEND] 8 bytes to /198.18.0.1:9190 (local port: 64506)
2025-12-23 14:20:01.761 [] WARN  SnakesGame - [ACK-MGR] ⟳ Retransmitting seq=15 to /198.18.0.1:9190 (retry 3/5)
2025-12-23 14:20:01.768 [pool-2-thread-2] WARN  SnakesGame - Master timed out, but deputy is unknown (no state yet?)
2025-12-23 14:20:01.966 [pool-2-thread-2] WARN  SnakesGame - Master timed out, but deputy is unknown (no state yet?)
2025-12-23 14:20:02.016 [] ERROR SnakesGame - [ACK-MGR] ✗ Message seq=14 to /198.18.0.1:9190 FAILED after 5 retries
2025-12-23 14:20:02.169 [pool-2-thread-2] WARN  SnakesGame - Master timed out, but deputy is unknown (no state yet?)
2025-12-23 14:20:02.170 [pool-2-thread-1] INFO  SnakesGame - [UDP-SEND] 8 bytes to /198.18.0.1:9190 (local port: 64506)
2025-12-23 14:20:02.170 [pool-2-thread-1] INFO  SnakesGame - [ACK-MGR] Sent message seq=17 to /198.18.0.1:9190, waiting for ACK
2025-12-23 14:20:02.255 [pool-2-thread-1] INFO  SnakesGame - Sent multicast announcement to 239.192.0.4:9192 (50 bytes)
2025-12-23 14:20:02.260 [] INFO  SnakesGame - Discovered game: 1 from /198.18.0.1:9190
2025-12-23 14:20:02.260 [] INFO  SnakesGame - Discovered game: 1 from /198.18.0.1:9190
2025-12-23 14:20:02.270 [] INFO  SnakesGame - [UDP-SEND] 8 bytes to /198.18.0.1:9190 (local port: 64506)
2025-12-23 14:20:02.270 [] WARN  SnakesGame - [ACK-MGR] ⟳ Retransmitting seq=16 to /198.18.0.1:9190 (retry 2/5)
2025-12-23 14:20:02.270 [] INFO  SnakesGame - [UDP-SEND] 8 bytes to /198.18.0.1:9190 (local port: 64506)
2025-12-23 14:20:02.270 [] WARN  SnakesGame - [ACK-MGR] ⟳ Retransmitting seq=15 to /198.18.0.1:9190 (retry 4/5)
2025-12-23 14:20:02.368 [pool-2-thread-2] WARN  SnakesGame - Master timed out, but deputy is unknown (no state yet?)
2025-12-23 14:20:02.568 [pool-2-thread-2] WARN  SnakesGame - Master timed out, but deputy is unknown (no state yet?)
2025-12-23 14:20:02.765 [pool-2-thread-2] WARN  SnakesGame - Master timed out, but deputy is unknown (no state yet?)
2025-12-23 14:20:02.772 [] INFO  SnakesGame - [UDP-SEND] 8 bytes to /198.18.0.1:9190 (local port: 64506)
2025-12-23 14:20:02.773 [] WARN  SnakesGame - [ACK-MGR] ⟳ Retransmitting seq=16 to /198.18.0.1:9190 (retry 3/5)
2025-12-23 14:20:02.773 [] INFO  SnakesGame - [UDP-SEND] 8 bytes to /198.18.0.1:9190 (local port: 64506)
2025-12-23 14:20:02.773 [] WARN  SnakesGame - [ACK-MGR] ⟳ Retransmitting seq=17 to /198.18.0.1:9190 (retry 1/5)
2025-12-23 14:20:02.773 [] INFO  SnakesGame - [UDP-SEND] 8 bytes to /198.18.0.1:9190 (local port: 64506)
2025-12-23 14:20:02.773 [] WARN  SnakesGame - [ACK-MGR] ⟳ Retransmitting seq=15 to /198.18.0.1:9190 (retry 5/5)
2025-12-23 14:20:02.965 [pool-2-thread-2] WARN  SnakesGame - Master timed out, but deputy is unknown (no state yet?)
2025-12-23 14:20:03.028 [] ERROR SnakesGame - [ACK-MGR] ✗ Message seq=15 to /198.18.0.1:9190 FAILED after 5 retries
2025-12-23 14:20:03.165 [pool-2-thread-2] WARN  SnakesGame - Master timed out, but deputy is unknown (no state yet?)
2025-12-23 14:20:03.165 [pool-2-thread-1] INFO  SnakesGame - [UDP-SEND] 8 bytes to /198.18.0.1:9190 (local port: 64506)
2025-12-23 14:20:03.165 [pool-2-thread-1] INFO  SnakesGame - [ACK-MGR] Sent message seq=18 to /198.18.0.1:9190, waiting for ACK
2025-12-23 14:20:03.260 [pool-2-thread-2] INFO  SnakesGame - Sent multicast announcement to 239.192.0.4:9192 (50 bytes)
2025-12-23 14:20:03.261 [] INFO  SnakesGame - Discovered game: 1 from /198.18.0.1:9190
2025-12-23 14:20:03.261 [] INFO  SnakesGame - Discovered game: 1 from /198.18.0.1:9190
2025-12-23 14:20:03.280 [] INFO  SnakesGame - [UDP-SEND] 8 bytes to /198.18.0.1:9190 (local port: 64506)
2025-12-23 14:20:03.280 [] WARN  SnakesGame - [ACK-MGR] ⟳ Retransmitting seq=16 to /198.18.0.1:9190 (retry 4/5)
2025-12-23 14:20:03.280 [] INFO  SnakesGame - [UDP-SEND] 8 bytes to /198.18.0.1:9190 (local port: 64506)
2025-12-23 14:20:03.280 [] WARN  SnakesGame - [ACK-MGR] ⟳ Retransmitting seq=17 to /198.18.0.1:9190 (retry 2/5)
2025-12-23 14:20:03.369 [pool-2-thread-2] WARN  SnakesGame - Master timed out, but deputy is unknown (no state yet?)
2025-12-23 14:20:03.568 [pool-2-thread-2] WARN  SnakesGame - Master timed out, but deputy is unknown (no state yet?)
2025-12-23 14:20:03.770 [pool-2-thread-2] WARN  SnakesGame - Master timed out, but deputy is unknown (no state yet?)
2025-12-23 14:20:03.790 [] INFO  SnakesGame - [UDP-SEND] 8 bytes to /198.18.0.1:9190 (local port: 64506)
2025-12-23 14:20:03.791 [] WARN  SnakesGame - [ACK-MGR] ⟳ Retransmitting seq=16 to /198.18.0.1:9190 (retry 5/5)
2025-12-23 14:20:03.791 [] INFO  SnakesGame - [UDP-SEND] 8 bytes to /198.18.0.1:9190 (local port: 64506)
2025-12-23 14:20:03.791 [] WARN  SnakesGame - [ACK-MGR] ⟳ Retransmitting seq=17 to /198.18.0.1:9190 (retry 3/5)
2025-12-23 14:20:03.792 [] INFO  SnakesGame - [UDP-SEND] 8 bytes to /198.18.0.1:9190 (local port: 64506)
2025-12-23 14:20:03.792 [] WARN  SnakesGame - [ACK-MGR] ⟳ Retransmitting seq=18 to /198.18.0.1:9190 (retry 1/5)
2025-12-23 14:20:03.965 [pool-2-thread-2] WARN  SnakesGame - Master timed out, but deputy is unknown (no state yet?)
2025-12-23 14:20:04.047 [] ERROR SnakesGame - [ACK-MGR] ✗ Message seq=16 to /198.18.0.1:9190 FAILED after 5 retries
2025-12-23 14:20:04.168 [pool-2-thread-2] WARN  SnakesGame - Master timed out, but deputy is unknown (no state yet?)
2025-12-23 14:20:04.169 [pool-2-thread-1] INFO  SnakesGame - [UDP-SEND] 8 bytes to /198.18.0.1:9190 (local port: 64506)
2025-12-23 14:20:04.169 [pool-2-thread-1] INFO  SnakesGame - [ACK-MGR] Sent message seq=19 to /198.18.0.1:9190, waiting for ACK
2025-12-23 14:20:04.257 [pool-2-thread-3] INFO  SnakesGame - Sent multicast announcement to 239.192.0.4:9192 (50 bytes)
2025-12-23 14:20:04.258 [] INFO  SnakesGame - Discovered game: 1 from /198.18.0.1:9190
2025-12-23 14:20:04.258 [] INFO  SnakesGame - Discovered game: 1 from /198.18.0.1:9190
2025-12-23 14:20:04.302 [] INFO  SnakesGame - [UDP-SEND] 8 bytes to /198.18.0.1:9190 (local port: 64506)
2025-12-23 14:20:04.302 [] WARN  SnakesGame - [ACK-MGR] ⟳ Retransmitting seq=17 to /198.18.0.1:9190 (retry 4/5)
2025-12-23 14:20:04.302 [] INFO  SnakesGame - [UDP-SEND] 8 bytes to /198.18.0.1:9190 (local port: 64506)
2025-12-23 14:20:04.302 [] WARN  SnakesGame - [ACK-MGR] ⟳ Retransmitting seq=18 to /198.18.0.1:9190 (retry 2/5)
2025-12-23 14:20:04.369 [pool-2-thread-2] WARN  SnakesGame - Master timed out, but deputy is unknown (no state yet?)
2025-12-23 14:20:04.569 [pool-2-thread-2] WARN  SnakesGame - Master timed out, but deputy is unknown (no state yet?)
2025-12-23 14:20:04.771 [pool-2-thread-2] WARN  SnakesGame - Master timed out, but deputy is unknown (no state yet?)
2025-12-23 14:20:04.808 [] INFO  SnakesGame - [UDP-SEND] 8 bytes to /198.18.0.1:9190 (local port: 64506)
2025-12-23 14:20:04.808 [] WARN  SnakesGame - [ACK-MGR] ⟳ Retransmitting seq=17 to /198.18.0.1:9190 (retry 5/5)
2025-12-23 14:20:04.808 [] INFO  SnakesGame - [UDP-SEND] 8 bytes to /198.18.0.1:9190 (local port: 64506)
2025-12-23 14:20:04.809 [] WARN  SnakesGame - [ACK-MGR] ⟳ Retransmitting seq=18 to /198.18.0.1:9190 (retry 3/5)
2025-12-23 14:20:04.809 [] INFO  SnakesGame - [UDP-SEND] 8 bytes to /198.18.0.1:9190 (local port: 64506)
2025-12-23 14:20:04.809 [] WARN  SnakesGame - [ACK-MGR] ⟳ Retransmitting seq=19 to /198.18.0.1:9190 (retry 1/5)
2025-12-23 14:20:04.965 [pool-2-thread-2] WARN  SnakesGame - Master timed out, but deputy is unknown (no state yet?)
2025-12-23 14:20:05.063 [] ERROR SnakesGame - [ACK-MGR] ✗ Message seq=17 to /198.18.0.1:9190 FAILED after 5 retries
2025-12-23 14:20:05.167 [pool-2-thread-2] WARN  SnakesGame - Master timed out, but deputy is unknown (no state yet?)
2025-12-23 14:20:05.167 [pool-2-thread-1] INFO  SnakesGame - [UDP-SEND] 8 bytes to /198.18.0.1:9190 (local port: 64506)
2025-12-23 14:20:05.167 [pool-2-thread-1] INFO  SnakesGame - [ACK-MGR] Sent message seq=20 to /198.18.0.1:9190, waiting for ACK
2025-12-23 14:20:05.258 [pool-2-thread-3] INFO  SnakesGame - Sent multicast announcement to 239.192.0.4:9192 (50 bytes)
2025-12-23 14:20:05.258 [] INFO  SnakesGame - Discovered game: 1 from /198.18.0.1:9190
2025-12-23 14:20:05.258 [] INFO  SnakesGame - Discovered game: 1 from /198.18.0.1:9190
2025-12-23 14:20:05.315 [] INFO  SnakesGame - [UDP-SEND] 8 bytes to /198.18.0.1:9190 (local port: 64506)
2025-12-23 14:20:05.315 [] WARN  SnakesGame - [ACK-MGR] ⟳ Retransmitting seq=18 to /198.18.0.1:9190 (retry 4/5)
2025-12-23 14:20:05.315 [] INFO  SnakesGame - [UDP-SEND] 8 bytes to /198.18.0.1:9190 (local port: 64506)
2025-12-23 14:20:05.315 [] WARN  SnakesGame - [ACK-MGR] ⟳ Retransmitting seq=19 to /198.18.0.1:9190 (retry 2/5)
2025-12-23 14:20:05.366 [pool-2-thread-2] WARN  SnakesGame - Master timed out, but deputy is unknown (no state yet?)
2025-12-23 14:20:05.568 [pool-2-thread-2] WARN  SnakesGame - Master timed out, but deputy is unknown (no state yet?)
2025-12-23 14:20:05.767 [pool-2-thread-2] WARN  SnakesGame - Master timed out, but deputy is unknown (no state yet?)
2025-12-23 14:20:05.820 [] INFO  SnakesGame - [UDP-SEND] 8 bytes to /198.18.0.1:9190 (local port: 64506)
2025-12-23 14:20:05.821 [] WARN  SnakesGame - [ACK-MGR] ⟳ Retransmitting seq=18 to /198.18.0.1:9190 (retry 5/5)
2025-12-23 14:20:05.821 [] INFO  SnakesGame - [UDP-SEND] 8 bytes to /198.18.0.1:9190 (local port: 64506)
2025-12-23 14:20:05.821 [] WARN  SnakesGame - [ACK-MGR] ⟳ Retransmitting seq=19 to /198.18.0.1:9190 (retry 3/5)
2025-12-23 14:20:05.821 [] INFO  SnakesGame - [UDP-SEND] 8 bytes to /198.18.0.1:9190 (local port: 64506)
2025-12-23 14:20:05.822 [] WARN  SnakesGame - [ACK-MGR] ⟳ Retransmitting seq=20 to /198.18.0.1:9190 (retry 1/5)
2025-12-23 14:20:05.969 [pool-2-thread-2] WARN  SnakesGame - Master timed out, but deputy is unknown (no state yet?)
2025-12-23 14:20:06.078 [] ERROR SnakesGame - [ACK-MGR] ✗ Message seq=18 to /198.18.0.1:9190 FAILED after 5 retries
2025-12-23 14:20:06.167 [pool-2-thread-2] WARN  SnakesGame - Master timed out, but deputy is unknown (no state yet?)
2025-12-23 14:20:06.170 [pool-2-thread-1] INFO  SnakesGame - [UDP-SEND] 8 bytes to /198.18.0.1:9190 (local port: 64506)
2025-12-23 14:20:06.170 [pool-2-thread-1] INFO  SnakesGame - [ACK-MGR] Sent message seq=21 to /198.18.0.1:9190, waiting for ACK
2025-12-23 14:20:06.255 [pool-2-thread-3] INFO  SnakesGame - Sent multicast announcement to 239.192.0.4:9192 (50 bytes)
2025-12-23 14:20:06.258 [] INFO  SnakesGame - Discovered game: 1 from /198.18.0.1:9190
2025-12-23 14:20:06.259 [] INFO  SnakesGame - Discovered game: 1 from /198.18.0.1:9190
2025-12-23 14:20:06.329 [] INFO  SnakesGame - [UDP-SEND] 8 bytes to /198.18.0.1:9190 (local port: 64506)
2025-12-23 14:20:06.330 [] WARN  SnakesGame - [ACK-MGR] ⟳ Retransmitting seq=19 to /198.18.0.1:9190 (retry 4/5)
2025-12-23 14:20:06.330 [] INFO  SnakesGame - [UDP-SEND] 8 bytes to /198.18.0.1:9190 (local port: 64506)
2025-12-23 14:20:06.330 [] WARN  SnakesGame - [ACK-MGR] ⟳ Retransmitting seq=20 to /198.18.0.1:9190 (retry 2/5)
2025-12-23 14:20:06.365 [pool-2-thread-2] WARN  SnakesGame - Master timed out, but deputy is unknown (no state yet?)
2025-12-23 14:20:06.569 [pool-2-thread-1] WARN  SnakesGame - Master timed out, but deputy is unknown (no state yet?)
2025-12-23 14:20:06.769 [pool-2-thread-1] WARN  SnakesGame - Master timed out, but deputy is unknown (no state yet?)
2025-12-23 14:20:06.838 [] INFO  SnakesGame - [UDP-SEND] 8 bytes to /198.18.0.1:9190 (local port: 64506)
2025-12-23 14:20:06.839 [] WARN  SnakesGame - [ACK-MGR] ⟳ Retransmitting seq=19 to /198.18.0.1:9190 (retry 5/5)
2025-12-23 14:20:06.841 [] INFO  SnakesGame - [UDP-SEND] 8 bytes to /198.18.0.1:9190 (local port: 64506)
2025-12-23 14:20:06.841 [] WARN  SnakesGame - [ACK-MGR] ⟳ Retransmitting seq=20 to /198.18.0.1:9190 (retry 3/5)
2025-12-23 14:20:06.843 [] INFO  SnakesGame - [UDP-SEND] 8 bytes to /198.18.0.1:9190 (local port: 64506)
2025-12-23 14:20:06.843 [] WARN  SnakesGame - [ACK-MGR] ⟳ Retransmitting seq=21 to /198.18.0.1:9190 (retry 1/5)
2025-12-23 14:20:06.969 [pool-2-thread-1] WARN  SnakesGame - Master timed out, but deputy is unknown (no state yet?)
2025-12-23 14:20:07.099 [] ERROR SnakesGame - [ACK-MGR] ✗ Message seq=19 to /198.18.0.1:9190 FAILED after 5 retries
2025-12-23 14:20:07.168 [pool-2-thread-1] WARN  SnakesGame - Master timed out, but deputy is unknown (no state yet?)
2025-12-23 14:20:07.169 [pool-2-thread-2] INFO  SnakesGame - [UDP-SEND] 8 bytes to /198.18.0.1:9190 (local port: 64506)
2025-12-23 14:20:07.169 [pool-2-thread-2] INFO  SnakesGame - [ACK-MGR] Sent message seq=22 to /198.18.0.1:9190, waiting for ACK
2025-12-23 14:20:07.260 [pool-2-thread-2] INFO  SnakesGame - Sent multicast announcement to 239.192.0.4:9192 (50 bytes)
2025-12-23 14:20:07.262 [] INFO  SnakesGame - Discovered game: 1 from /198.18.0.1:9190
2025-12-23 14:20:07.262 [] INFO  SnakesGame - Discovered game: 1 from /198.18.0.1:9190
2025-12-23 14:20:07.351 [] INFO  SnakesGame - [UDP-SEND] 8 bytes to /198.18.0.1:9190 (local port: 64506)
2025-12-23 14:20:07.351 [] WARN  SnakesGame - [ACK-MGR] ⟳ Retransmitting seq=20 to /198.18.0.1:9190 (retry 4/5)
2025-12-23 14:20:07.351 [] INFO  SnakesGame - [UDP-SEND] 8 bytes to /198.18.0.1:9190 (local port: 64506)
2025-12-23 14:20:07.351 [] WARN  SnakesGame - [ACK-MGR] ⟳ Retransmitting seq=21 to /198.18.0.1:9190 (retry 2/5)
2025-12-23 14:20:07.369 [pool-2-thread-1] WARN  SnakesGame - Master timed out, but deputy is unknown (no state yet?)
2025-12-23 14:20:07.569 [pool-2-thread-1] WARN  SnakesGame - Master timed out, but deputy is unknown (no state yet?)
2025-12-23 14:20:07.764 [pool-2-thread-1] WARN  SnakesGame - Master timed out, but deputy is unknown (no state yet?)
2025-12-23 14:20:07.859 [] INFO  SnakesGame - [UDP-SEND] 8 bytes to /198.18.0.1:9190 (local port: 64506)
2025-12-23 14:20:07.860 [] WARN  SnakesGame - [ACK-MGR] ⟳ Retransmitting seq=20 to /198.18.0.1:9190 (retry 5/5)
2025-12-23 14:20:07.860 [] INFO  SnakesGame - [UDP-SEND] 8 bytes to /198.18.0.1:9190 (local port: 64506)
2025-12-23 14:20:07.860 [] WARN  SnakesGame - [ACK-MGR] ⟳ Retransmitting seq=21 to /198.18.0.1:9190 (retry 3/5)
2025-12-23 14:20:07.860 [] INFO  SnakesGame - [UDP-SEND] 8 bytes to /198.18.0.1:9190 (local port: 64506)
2025-12-23 14:20:07.860 [] WARN  SnakesGame - [ACK-MGR] ⟳ Retransmitting seq=22 to /198.18.0.1:9190 (retry 1/5)
2025-12-23 14:20:07.967 [pool-2-thread-1] WARN  SnakesGame - Master timed out, but deputy is unknown (no state yet?)
2025-12-23 14:20:08.115 [] ERROR SnakesGame - [ACK-MGR] ✗ Message seq=20 to /198.18.0.1:9190 FAILED after 5 retries
2025-12-23 14:20:08.165 [pool-2-thread-1] WARN  SnakesGame - Master timed out, but deputy is unknown (no state yet?)
2025-12-23 14:20:08.166 [pool-2-thread-2] INFO  SnakesGame - [UDP-SEND] 8 bytes to /198.18.0.1:9190 (local port: 64506)
2025-12-23 14:20:08.166 [pool-2-thread-2] INFO  SnakesGame - [ACK-MGR] Sent message seq=23 to /198.18.0.1:9190, waiting for ACK
2025-12-23 14:20:08.252 [pool-2-thread-1] INFO  SnakesGame - Sent multicast announcement to 239.192.0.4:9192 (50 bytes)
2025-12-23 14:20:08.252 [] INFO  SnakesGame - Discovered game: 1 from /198.18.0.1:9190
2025-12-23 14:20:08.252 [] INFO  SnakesGame - Discovered game: 1 from /198.18.0.1:9190
2025-12-23 14:20:08.369 [pool-2-thread-1] WARN  SnakesGame - Master timed out, but deputy is unknown (no state yet?)
2025-12-23 14:20:08.371 [] INFO  SnakesGame - [UDP-SEND] 8 bytes to /198.18.0.1:9190 (local port: 64506)
2025-12-23 14:20:08.371 [] WARN  SnakesGame - [ACK-MGR] ⟳ Retransmitting seq=21 to /198.18.0.1:9190 (retry 4/5)
2025-12-23 14:20:08.371 [] INFO  SnakesGame - [UDP-SEND] 8 bytes to /198.18.0.1:9190 (local port: 64506)
2025-12-23 14:20:08.371 [] WARN  SnakesGame - [ACK-MGR] ⟳ Retransmitting seq=22 to /198.18.0.1:9190 (retry 2/5)
2025-12-23 14:20:08.568 [pool-2-thread-1] WARN  SnakesGame - Master timed out, but deputy is unknown (no state yet?)
2025-12-23 14:20:08.767 [pool-2-thread-1] WARN  SnakesGame - Master timed out, but deputy is unknown (no state yet?)
2025-12-23 14:20:08.877 [] INFO  SnakesGame - [UDP-SEND] 8 bytes to /198.18.0.1:9190 (local port: 64506)
2025-12-23 14:20:08.877 [] WARN  SnakesGame - [ACK-MGR] ⟳ Retransmitting seq=21 to /198.18.0.1:9190 (retry 5/5)
2025-12-23 14:20:08.877 [] INFO  SnakesGame - [UDP-SEND] 8 bytes to /198.18.0.1:9190 (local port: 64506)
2025-12-23 14:20:08.877 [] WARN  SnakesGame - [ACK-MGR] ⟳ Retransmitting seq=22 to /198.18.0.1:9190 (retry 3/5)
2025-12-23 14:20:08.877 [] INFO  SnakesGame - [UDP-SEND] 8 bytes to /198.18.0.1:9190 (local port: 64506)
2025-12-23 14:20:08.877 [] WARN  SnakesGame - [ACK-MGR] ⟳ Retransmitting seq=23 to /198.18.0.1:9190 (retry 1/5)
2025-12-23 14:20:08.968 [pool-2-thread-1] WARN  SnakesGame - Master timed out, but deputy is unknown (no state yet?)
2025-12-23 14:20:09.129 [] ERROR SnakesGame - [ACK-MGR] ✗ Message seq=21 to /198.18.0.1:9190 FAILED after 5 retries
2025-12-23 14:20:09.169 [pool-2-thread-1] WARN  SnakesGame - Master timed out, but deputy is unknown (no state yet?)
2025-12-23 14:20:09.169 [pool-2-thread-2] INFO  SnakesGame - [UDP-SEND] 8 bytes to /198.18.0.1:9190 (local port: 64506)
2025-12-23 14:20:09.169 [pool-2-thread-2] INFO  SnakesGame - [ACK-MGR] Sent message seq=24 to /198.18.0.1:9190, waiting for ACK
2025-12-23 14:20:09.256 [pool-2-thread-1] INFO  SnakesGame - Sent multicast announcement to 239.192.0.4:9192 (50 bytes)
2025-12-23 14:20:09.257 [] INFO  SnakesGame - Discovered game: 1 from /198.18.0.1:9190
2025-12-23 14:20:09.257 [] INFO  SnakesGame - Discovered game: 1 from /198.18.0.1:9190
2025-12-23 14:20:09.368 [pool-2-thread-1] WARN  SnakesGame - Master timed out, but deputy is unknown (no state yet?)
2025-12-23 14:20:09.385 [] INFO  SnakesGame - [UDP-SEND] 8 bytes to /198.18.0.1:9190 (local port: 64506)
2025-12-23 14:20:09.385 [] WARN  SnakesGame - [ACK-MGR] ⟳ Retransmitting seq=22 to /198.18.0.1:9190 (retry 4/5)
2025-12-23 14:20:09.385 [] INFO  SnakesGame - [UDP-SEND] 8 bytes to /198.18.0.1:9190 (local port: 64506)
2025-12-23 14:20:09.385 [] WARN  SnakesGame - [ACK-MGR] ⟳ Retransmitting seq=23 to /198.18.0.1:9190 (retry 2/5)
2025-12-23 14:20:09.569 [pool-2-thread-1] WARN  SnakesGame - Master timed out, but deputy is unknown (no state yet?)
2025-12-23 14:20:09.765 [pool-2-thread-1] WARN  SnakesGame - Master timed out, but deputy is unknown (no state yet?)
2025-12-23 14:20:09.893 [] INFO  SnakesGame - [UDP-SEND] 8 bytes to /198.18.0.1:9190 (local port: 64506)
2025-12-23 14:20:09.893 [] WARN  SnakesGame - [ACK-MGR] ⟳ Retransmitting seq=22 to /198.18.0.1:9190 (retry 5/5)
2025-12-23 14:20:09.894 [] INFO  SnakesGame - [UDP-SEND] 8 bytes to /198.18.0.1:9190 (local port: 64506)
2025-12-23 14:20:09.894 [] WARN  SnakesGame - [ACK-MGR] ⟳ Retransmitting seq=23 to /198.18.0.1:9190 (retry 3/5)
2025-12-23 14:20:09.894 [] INFO  SnakesGame - [UDP-SEND] 8 bytes to /198.18.0.1:9190 (local port: 64506)
2025-12-23 14:20:09.894 [] WARN  SnakesGame - [ACK-MGR] ⟳ Retransmitting seq=24 to /198.18.0.1:9190 (retry 1/5)
2025-12-23 14:20:09.968 [pool-2-thread-1] WARN  SnakesGame - Master timed out, but deputy is unknown (no state yet?)
2025-12-23 14:20:10.150 [] ERROR SnakesGame - [ACK-MGR] ✗ Message seq=22 to /198.18.0.1:9190 FAILED after 5 retries
2025-12-23 14:20:10.169 [pool-2-thread-1] WARN  SnakesGame - Master timed out, but deputy is unknown (no state yet?)
2025-12-23 14:20:10.169 [pool-2-thread-2] INFO  SnakesGame - [UDP-SEND] 8 bytes to /198.18.0.1:9190 (local port: 64506)
2025-12-23 14:20:10.169 [pool-2-thread-2] INFO  SnakesGame - [ACK-MGR] Sent message seq=25 to /198.18.0.1:9190, waiting for ACK
2025-12-23 14:20:10.257 [pool-2-thread-1] INFO  SnakesGame - Sent multicast announcement to 239.192.0.4:9192 (50 bytes)
2025-12-23 14:20:10.257 [] INFO  SnakesGame - Discovered game: 1 from /198.18.0.1:9190
2025-12-23 14:20:10.257 [] INFO  SnakesGame - Discovered game: 1 from /198.18.0.1:9190
2025-12-23 14:20:10.370 [pool-2-thread-1] WARN  SnakesGame - Master timed out, but deputy is unknown (no state yet?)
2025-12-23 14:20:10.403 [] INFO  SnakesGame - [UDP-SEND] 8 bytes to /198.18.0.1:9190 (local port: 64506)
2025-12-23 14:20:10.404 [] WARN  SnakesGame - [ACK-MGR] ⟳ Retransmitting seq=23 to /198.18.0.1:9190 (retry 4/5)
2025-12-23 14:20:10.405 [] INFO  SnakesGame - [UDP-SEND] 8 bytes to /198.18.0.1:9190 (local port: 64506)
2025-12-23 14:20:10.405 [] WARN  SnakesGame - [ACK-MGR] ⟳ Retransmitting seq=24 to /198.18.0.1:9190 (retry 2/5)
2025-12-23 14:20:10.567 [pool-2-thread-1] WARN  SnakesGame - Master timed out, but deputy is unknown (no state yet?)
2025-12-23 14:20:10.766 [pool-2-thread-1] WARN  SnakesGame - Master timed out, but deputy is unknown (no state yet?)
2025-12-23 14:20:10.917 [] INFO  SnakesGame - [UDP-SEND] 8 bytes to /198.18.0.1:9190 (local port: 64506)
2025-12-23 14:20:10.917 [] WARN  SnakesGame - [ACK-MGR] ⟳ Retransmitting seq=23 to /198.18.0.1:9190 (retry 5/5)
2025-12-23 14:20:10.918 [] INFO  SnakesGame - [UDP-SEND] 8 bytes to /198.18.0.1:9190 (local port: 64506)
2025-12-23 14:20:10.918 [] WARN  SnakesGame - [ACK-MGR] ⟳ Retransmitting seq=24 to /198.18.0.1:9190 (retry 3/5)
2025-12-23 14:20:10.918 [] INFO  SnakesGame - [UDP-SEND] 8 bytes to /198.18.0.1:9190 (local port: 64506)
2025-12-23 14:20:10.918 [] WARN  SnakesGame - [ACK-MGR] ⟳ Retransmitting seq=25 to /198.18.0.1:9190 (retry 1/5)
2025-12-23 14:20:10.969 [pool-2-thread-1] WARN  SnakesGame - Master timed out, but deputy is unknown (no state yet?)
2025-12-23 14:20:11.168 [pool-2-thread-1] WARN  SnakesGame - Master timed out, but deputy is unknown (no state yet?)
2025-12-23 14:20:11.170 [pool-2-thread-2] INFO  SnakesGame - [UDP-SEND] 8 bytes to /198.18.0.1:9190 (local port: 64506)
2025-12-23 14:20:11.170 [pool-2-thread-2] INFO  SnakesGame - [ACK-MGR] Sent message seq=26 to /198.18.0.1:9190, waiting for ACK
2025-12-23 14:20:11.172 [] ERROR SnakesGame - [ACK-MGR] ✗ Message seq=23 to /198.18.0.1:9190 FAILED after 5 retries
2025-12-23 14:20:11.172 [] INFO  SnakesGame - [UDP-SEND] 8 bytes to /198.18.0.1:9190 (local port: 64506)
2025-12-23 14:20:11.172 [] WARN  SnakesGame - [ACK-MGR] ⟳ Retransmitting seq=24 to /198.18.0.1:9190 (retry 4/5)
2025-12-23 14:20:11.172 [] INFO  SnakesGame - [UDP-SEND] 8 bytes to /198.18.0.1:9190 (local port: 64506)
2025-12-23 14:20:11.173 [] WARN  SnakesGame - [ACK-MGR] ⟳ Retransmitting seq=25 to /198.18.0.1:9190 (retry 2/5)
2025-12-23 14:20:11.256 [pool-2-thread-1] INFO  SnakesGame - Sent multicast announcement to 239.192.0.4:9192 (50 bytes)
2025-12-23 14:20:11.256 [] INFO  SnakesGame - Discovered game: 1 from /198.18.0.1:9190
2025-12-23 14:20:11.256 [] INFO  SnakesGame - Discovered game: 1 from /198.18.0.1:9190
2025-12-23 14:20:11.369 [pool-2-thread-1] WARN  SnakesGame - Master timed out, but deputy is unknown (no state yet?)
2025-12-23 14:20:11.568 [pool-2-thread-1] WARN  SnakesGame - Master timed out, but deputy is unknown (no state yet?)
2025-12-23 14:20:11.683 [] INFO  SnakesGame - [UDP-SEND] 8 bytes to /198.18.0.1:9190 (local port: 64506)
2025-12-23 14:20:11.683 [] WARN  SnakesGame - [ACK-MGR] ⟳ Retransmitting seq=24 to /198.18.0.1:9190 (retry 5/5)
2025-12-23 14:20:11.684 [] INFO  SnakesGame - [UDP-SEND] 8 bytes to /198.18.0.1:9190 (local port: 64506)
2025-12-23 14:20:11.684 [] WARN  SnakesGame - [ACK-MGR] ⟳ Retransmitting seq=25 to /198.18.0.1:9190 (retry 3/5)
2025-12-23 14:20:11.684 [] INFO  SnakesGame - [UDP-SEND] 8 bytes to /198.18.0.1:9190 (local port: 64506)
2025-12-23 14:20:11.685 [] WARN  SnakesGame - [ACK-MGR] ⟳ Retransmitting seq=26 to /198.18.0.1:9190 (retry 1/5)
2025-12-23 14:20:11.768 [pool-2-thread-1] WARN  SnakesGame - Master timed out, but deputy is unknown (no state yet?)
2025-12-23 14:20:11.936 [] ERROR SnakesGame - [ACK-MGR] ✗ Message seq=24 to /198.18.0.1:9190 FAILED after 5 retries
2025-12-23 14:20:11.968 [pool-2-thread-1] WARN  SnakesGame - Master timed out, but deputy is unknown (no state yet?)
2025-12-23 14:20:12.167 [pool-2-thread-1] WARN  SnakesGame - Master timed out, but deputy is unknown (no state yet?)
2025-12-23 14:20:12.168 [pool-2-thread-2] INFO  SnakesGame - [UDP-SEND] 8 bytes to /198.18.0.1:9190 (local port: 64506)
2025-12-23 14:20:12.168 [pool-2-thread-2] INFO  SnakesGame - [ACK-MGR] Sent message seq=27 to /198.18.0.1:9190, waiting for ACK
2025-12-23 14:20:12.191 [] INFO  SnakesGame - [UDP-SEND] 8 bytes to /198.18.0.1:9190 (local port: 64506)
2025-12-23 14:20:12.191 [] WARN  SnakesGame - [ACK-MGR] ⟳ Retransmitting seq=25 to /198.18.0.1:9190 (retry 4/5)
2025-12-23 14:20:12.195 [] INFO  SnakesGame - [UDP-SEND] 8 bytes to /198.18.0.1:9190 (local port: 64506)
2025-12-23 14:20:12.195 [] WARN  SnakesGame - [ACK-MGR] ⟳ Retransmitting seq=26 to /198.18.0.1:9190 (retry 2/5)
2025-12-23 14:20:12.257 [pool-2-thread-1] INFO  SnakesGame - Sent multicast announcement to 239.192.0.4:9192 (50 bytes)
2025-12-23 14:20:12.257 [] INFO  SnakesGame - Discovered game: 1 from /198.18.0.1:9190
2025-12-23 14:20:12.258 [] INFO  SnakesGame - Discovered game: 1 from /198.18.0.1:9190
2025-12-23 14:20:12.366 [pool-2-thread-1] WARN  SnakesGame - Master timed out, but deputy is unknown (no state yet?)
2025-12-23 14:20:12.567 [pool-2-thread-1] WARN  SnakesGame - Master timed out, but deputy is unknown (no state yet?)
2025-12-23 14:20:12.705 [] INFO  SnakesGame - [UDP-SEND] 8 bytes to /198.18.0.1:9190 (local port: 64506)
2025-12-23 14:20:12.707 [] WARN  SnakesGame - [ACK-MGR] ⟳ Retransmitting seq=25 to /198.18.0.1:9190 (retry 5/5)
2025-12-23 14:20:12.709 [] INFO  SnakesGame - [UDP-SEND] 8 bytes to /198.18.0.1:9190 (local port: 64506)
2025-12-23 14:20:12.709 [] WARN  SnakesGame - [ACK-MGR] ⟳ Retransmitting seq=26 to /198.18.0.1:9190 (retry 3/5)
2025-12-23 14:20:12.713 [] INFO  SnakesGame - [UDP-SEND] 8 bytes to /198.18.0.1:9190 (local port: 64506)
2025-12-23 14:20:12.713 [] WARN  SnakesGame - [ACK-MGR] ⟳ Retransmitting seq=27 to /198.18.0.1:9190 (retry 1/5)
2025-12-23 14:20:12.768 [pool-2-thread-1] WARN  SnakesGame - Master timed out, but deputy is unknown (no state yet?)
2025-12-23 14:20:12.966 [] ERROR SnakesGame - [ACK-MGR] ✗ Message seq=25 to /198.18.0.1:9190 FAILED after 5 retries
2025-12-23 14:20:12.968 [pool-2-thread-1] WARN  SnakesGame - Master timed out, but deputy is unknown (no state yet?)
2025-12-23 14:20:13.173 [pool-2-thread-1] WARN  SnakesGame - Master timed out, but deputy is unknown (no state yet?)
2025-12-23 14:20:13.173 [pool-2-thread-2] INFO  SnakesGame - [UDP-SEND] 8 bytes to /198.18.0.1:9190 (local port: 64506)
2025-12-23 14:20:13.173 [pool-2-thread-2] INFO  SnakesGame - [ACK-MGR] Sent message seq=28 to /198.18.0.1:9190, waiting for ACK
2025-12-23 14:20:13.222 [] INFO  SnakesGame - [UDP-SEND] 8 bytes to /198.18.0.1:9190 (local port: 64506)
2025-12-23 14:20:13.224 [] WARN  SnakesGame - [ACK-MGR] ⟳ Retransmitting seq=26 to /198.18.0.1:9190 (retry 4/5)
2025-12-23 14:20:13.224 [] INFO  SnakesGame - [UDP-SEND] 8 bytes to /198.18.0.1:9190 (local port: 64506)
2025-12-23 14:20:13.224 [] WARN  SnakesGame - [ACK-MGR] ⟳ Retransmitting seq=27 to /198.18.0.1:9190 (retry 2/5)
2025-12-23 14:20:13.266 [pool-2-thread-2] INFO  SnakesGame - Sent multicast announcement to 239.192.0.4:9192 (50 bytes)
2025-12-23 14:20:13.272 [] INFO  SnakesGame - Discovered game: 1 from /198.18.0.1:9190
2025-12-23 14:20:13.273 [] INFO  SnakesGame - Discovered game: 1 from /198.18.0.1:9190
2025-12-23 14:20:13.366 [pool-2-thread-1] WARN  SnakesGame - Master timed out, but deputy is unknown (no state yet?)
2025-12-23 14:20:13.570 [pool-2-thread-1] WARN  SnakesGame - Master timed out, but deputy is unknown (no state yet?)
2025-12-23 14:20:13.732 [] INFO  SnakesGame - [UDP-SEND] 8 bytes to /198.18.0.1:9190 (local port: 64506)
2025-12-23 14:20:13.734 [] WARN  SnakesGame - [ACK-MGR] ⟳ Retransmitting seq=26 to /198.18.0.1:9190 (retry 5/5)
2025-12-23 14:20:13.734 [] INFO  SnakesGame - [UDP-SEND] 8 bytes to /198.18.0.1:9190 (local port: 64506)
2025-12-23 14:20:13.734 [] WARN  SnakesGame - [ACK-MGR] ⟳ Retransmitting seq=27 to /198.18.0.1:9190 (retry 3/5)
2025-12-23 14:20:13.735 [] INFO  SnakesGame - [UDP-SEND] 8 bytes to /198.18.0.1:9190 (local port: 64506)
2025-12-23 14:20:13.735 [] WARN  SnakesGame - [ACK-MGR] ⟳ Retransmitting seq=28 to /198.18.0.1:9190 (retry 1/5)
2025-12-23 14:20:13.768 [pool-2-thread-1] WARN  SnakesGame - Master timed out, but deputy is unknown (no state yet?)
2025-12-23 14:20:13.968 [pool-2-thread-1] WARN  SnakesGame - Master timed out, but deputy is unknown (no state yet?)
2025-12-23 14:20:13.989 [] ERROR SnakesGame - [ACK-MGR] ✗ Message seq=26 to /198.18.0.1:9190 FAILED after 5 retries
2025-12-23 14:20:14.170 [pool-2-thread-1] WARN  SnakesGame - Master timed out, but deputy is unknown (no state yet?)
2025-12-23 14:20:14.170 [pool-2-thread-2] INFO  SnakesGame - [UDP-SEND] 8 bytes to /198.18.0.1:9190 (local port: 64506)
2025-12-23 14:20:14.172 [pool-2-thread-2] INFO  SnakesGame - [ACK-MGR] Sent message seq=29 to /198.18.0.1:9190, waiting for ACK
2025-12-23 14:20:14.247 [] INFO  SnakesGame - [UDP-SEND] 8 bytes to /198.18.0.1:9190 (local port: 64506)
2025-12-23 14:20:14.249 [] WARN  SnakesGame - [ACK-MGR] ⟳ Retransmitting seq=27 to /198.18.0.1:9190 (retry 4/5)
2025-12-23 14:20:14.249 [] INFO  SnakesGame - [UDP-SEND] 8 bytes to /198.18.0.1:9190 (local port: 64506)
2025-12-23 14:20:14.249 [] WARN  SnakesGame - [ACK-MGR] ⟳ Retransmitting seq=28 to /198.18.0.1:9190 (retry 2/5)
2025-12-23 14:20:14.259 [pool-2-thread-3] INFO  SnakesGame - Sent multicast announcement to 239.192.0.4:9192 (50 bytes)
2025-12-23 14:20:14.265 [] INFO  SnakesGame - Discovered game: 1 from /198.18.0.1:9190
2025-12-23 14:20:14.266 [] INFO  SnakesGame - Discovered game: 1 from /198.18.0.1:9190
2025-12-23 14:20:14.365 [pool-2-thread-1] WARN  SnakesGame - Master timed out, but deputy is unknown (no state yet?)
2025-12-23 14:20:14.569 [pool-2-thread-1] WARN  SnakesGame - Master timed out, but deputy is unknown (no state yet?)
2025-12-23 14:20:14.757 [] INFO  SnakesGame - [UDP-SEND] 8 bytes to /198.18.0.1:9190 (local port: 64506)
2025-12-23 14:20:14.760 [] WARN  SnakesGame - [ACK-MGR] ⟳ Retransmitting seq=27 to /198.18.0.1:9190 (retry 5/5)
2025-12-23 14:20:14.761 [] INFO  SnakesGame - [UDP-SEND] 8 bytes to /198.18.0.1:9190 (local port: 64506)
2025-12-23 14:20:14.761 [] WARN  SnakesGame - [ACK-MGR] ⟳ Retransmitting seq=28 to /198.18.0.1:9190 (retry 3/5)
2025-12-23 14:20:14.768 [] INFO  SnakesGame - [UDP-SEND] 8 bytes to /198.18.0.1:9190 (local port: 64506)
2025-12-23 14:20:14.768 [] WARN  SnakesGame - [ACK-MGR] ⟳ Retransmitting seq=29 to /198.18.0.1:9190 (retry 1/5)
2025-12-23 14:20:14.770 [pool-2-thread-1] WARN  SnakesGame - Master timed out, but deputy is unknown (no state yet?)
2025-12-23 14:20:14.965 [pool-2-thread-1] WARN  SnakesGame - Master timed out, but deputy is unknown (no state yet?)
2025-12-23 14:20:15.023 [] ERROR SnakesGame - [ACK-MGR] ✗ Message seq=27 to /198.18.0.1:9190 FAILED after 5 retries
2025-12-23 14:20:15.170 [pool-2-thread-1] WARN  SnakesGame - Master timed out, but deputy is unknown (no state yet?)
2025-12-23 14:20:15.171 [pool-2-thread-2] INFO  SnakesGame - [UDP-SEND] 8 bytes to /198.18.0.1:9190 (local port: 64506)
2025-12-23 14:20:15.172 [pool-2-thread-2] INFO  SnakesGame - [ACK-MGR] Sent message seq=30 to /198.18.0.1:9190, waiting for ACK
2025-12-23 14:20:15.258 [pool-2-thread-1] INFO  SnakesGame - Sent multicast announcement to 239.192.0.4:9192 (50 bytes)
2025-12-23 14:20:15.260 [] INFO  SnakesGame - Discovered game: 1 from /198.18.0.1:9190
2025-12-23 14:20:15.262 [] INFO  SnakesGame - Discovered game: 1 from /198.18.0.1:9190
2025-12-23 14:20:15.281 [] INFO  SnakesGame - [UDP-SEND] 8 bytes to /198.18.0.1:9190 (local port: 64506)
2025-12-23 14:20:15.281 [] WARN  SnakesGame - [ACK-MGR] ⟳ Retransmitting seq=28 to /198.18.0.1:9190 (retry 4/5)
2025-12-23 14:20:15.281 [] INFO  SnakesGame - [UDP-SEND] 8 bytes to /198.18.0.1:9190 (local port: 64506)
2025-12-23 14:20:15.282 [] WARN  SnakesGame - [ACK-MGR] ⟳ Retransmitting seq=29 to /198.18.0.1:9190 (retry 2/5)
2025-12-23 14:20:15.366 [pool-2-thread-1] WARN  SnakesGame - Master timed out, but deputy is unknown (no state yet?)
2025-12-23 14:20:15.569 [pool-2-thread-1] WARN  SnakesGame - Master timed out, but deputy is unknown (no state yet?)
2025-12-23 14:20:15.767 [pool-2-thread-1] WARN  SnakesGame - Master timed out, but deputy is unknown (no state yet?)
2025-12-23 14:20:15.792 [] INFO  SnakesGame - [UDP-SEND] 8 bytes to /198.18.0.1:9190 (local port: 64506)
2025-12-23 14:20:15.792 [] WARN  SnakesGame - [ACK-MGR] ⟳ Retransmitting seq=28 to /198.18.0.1:9190 (retry 5/5)
2025-12-23 14:20:15.793 [] INFO  SnakesGame - [UDP-SEND] 8 bytes to /198.18.0.1:9190 (local port: 64506)
2025-12-23 14:20:15.793 [] WARN  SnakesGame - [ACK-MGR] ⟳ Retransmitting seq=29 to /198.18.0.1:9190 (retry 3/5)
2025-12-23 14:20:15.793 [] INFO  SnakesGame - [UDP-SEND] 8 bytes to /198.18.0.1:9190 (local port: 64506)
2025-12-23 14:20:15.793 [] WARN  SnakesGame - [ACK-MGR] ⟳ Retransmitting seq=30 to /198.18.0.1:9190 (retry 1/5)
2025-12-23 14:20:15.967 [pool-2-thread-1] WARN  SnakesGame - Master timed out, but deputy is unknown (no state yet?)
2025-12-23 14:20:16.047 [] ERROR SnakesGame - [ACK-MGR] ✗ Message seq=28 to /198.18.0.1:9190 FAILED after 5 retries
2025-12-23 14:20:16.167 [pool-2-thread-1] WARN  SnakesGame - Master timed out, but deputy is unknown (no state yet?)
2025-12-23 14:20:16.168 [pool-2-thread-2] INFO  SnakesGame - [UDP-SEND] 8 bytes to /198.18.0.1:9190 (local port: 64506)
2025-12-23 14:20:16.168 [pool-2-thread-2] INFO  SnakesGame - [ACK-MGR] Sent message seq=31 to /198.18.0.1:9190, waiting for ACK
2025-12-23 14:20:16.254 [pool-2-thread-3] INFO  SnakesGame - Sent multicast announcement to 239.192.0.4:9192 (50 bytes)
2025-12-23 14:20:16.255 [] INFO  SnakesGame - Discovered game: 1 from /198.18.0.1:9190
2025-12-23 14:20:16.257 [] INFO  SnakesGame - Discovered game: 1 from /198.18.0.1:9190
2025-12-23 14:20:16.301 [] INFO  SnakesGame - [UDP-SEND] 8 bytes to /198.18.0.1:9190 (local port: 64506)
2025-12-23 14:20:16.301 [] WARN  SnakesGame - [ACK-MGR] ⟳ Retransmitting seq=29 to /198.18.0.1:9190 (retry 4/5)
2025-12-23 14:20:16.301 [] INFO  SnakesGame - [UDP-SEND] 8 bytes to /198.18.0.1:9190 (local port: 64506)
2025-12-23 14:20:16.301 [] WARN  SnakesGame - [ACK-MGR] ⟳ Retransmitting seq=30 to /198.18.0.1:9190 (retry 2/5)
2025-12-23 14:20:16.369 [pool-2-thread-1] WARN  SnakesGame - Master timed out, but deputy is unknown (no state yet?)
2025-12-23 14:20:16.568 [pool-2-thread-1] WARN  SnakesGame - Master timed out, but deputy is unknown (no state yet?)
2025-12-23 14:20:16.767 [pool-2-thread-1] WARN  SnakesGame - Master timed out, but deputy is unknown (no state yet?)
2025-12-23 14:20:16.815 [] INFO  SnakesGame - [UDP-SEND] 8 bytes to /198.18.0.1:9190 (local port: 64506)
2025-12-23 14:20:16.816 [] WARN  SnakesGame - [ACK-MGR] ⟳ Retransmitting seq=29 to /198.18.0.1:9190 (retry 5/5)
2025-12-23 14:20:16.816 [] INFO  SnakesGame - [UDP-SEND] 8 bytes to /198.18.0.1:9190 (local port: 64506)
2025-12-23 14:20:16.816 [] WARN  SnakesGame - [ACK-MGR] ⟳ Retransmitting seq=30 to /198.18.0.1:9190 (retry 3/5)
2025-12-23 14:20:16.817 [] INFO  SnakesGame - [UDP-SEND] 8 bytes to /198.18.0.1:9190 (local port: 64506)
2025-12-23 14:20:16.817 [] WARN  SnakesGame - [ACK-MGR] ⟳ Retransmitting seq=31 to /198.18.0.1:9190 (retry 1/5)
2025-12-23 14:20:16.969 [pool-2-thread-1] WARN  SnakesGame - Master timed out, but deputy is unknown (no state yet?)
2025-12-23 14:20:17.068 [] ERROR SnakesGame - [ACK-MGR] ✗ Message seq=29 to /198.18.0.1:9190 FAILED after 5 retries
2025-12-23 14:20:17.167 [pool-2-thread-2] WARN  SnakesGame - Master timed out, but deputy is unknown (no state yet?)
2025-12-23 14:20:17.170 [pool-2-thread-1] INFO  SnakesGame - [UDP-SEND] 8 bytes to /198.18.0.1:9190 (local port: 64506)
2025-12-23 14:20:17.171 [pool-2-thread-1] INFO  SnakesGame - [ACK-MGR] Sent message seq=32 to /198.18.0.1:9190, waiting for ACK
2025-12-23 14:20:17.263 [pool-2-thread-1] INFO  SnakesGame - Sent multicast announcement to 239.192.0.4:9192 (50 bytes)
2025-12-23 14:20:17.271 [] INFO  SnakesGame - Discovered game: 1 from /198.18.0.1:9190
2025-12-23 14:20:17.271 [] INFO  SnakesGame - Discovered game: 1 from /198.18.0.1:9190
2025-12-23 14:20:17.323 [] INFO  SnakesGame - [UDP-SEND] 8 bytes to /198.18.0.1:9190 (local port: 64506)
2025-12-23 14:20:17.323 [] WARN  SnakesGame - [ACK-MGR] ⟳ Retransmitting seq=30 to /198.18.0.1:9190 (retry 4/5)
2025-12-23 14:20:17.323 [] INFO  SnakesGame - [UDP-SEND] 8 bytes to /198.18.0.1:9190 (local port: 64506)
2025-12-23 14:20:17.323 [] WARN  SnakesGame - [ACK-MGR] ⟳ Retransmitting seq=31 to /198.18.0.1:9190 (retry 2/5)
2025-12-23 14:20:17.368 [pool-2-thread-2] WARN  SnakesGame - Master timed out, but deputy is unknown (no state yet?)
2025-12-23 14:20:17.570 [pool-2-thread-2] WARN  SnakesGame - Master timed out, but deputy is unknown (no state yet?)
2025-12-23 14:20:17.769 [pool-2-thread-2] WARN  SnakesGame - Master timed out, but deputy is unknown (no state yet?)
2025-12-23 14:20:17.838 [] INFO  SnakesGame - [UDP-SEND] 8 bytes to /198.18.0.1:9190 (local port: 64506)
2025-12-23 14:20:17.849 [] WARN  SnakesGame - [ACK-MGR] ⟳ Retransmitting seq=32 to /198.18.0.1:9190 (retry 1/5)
2025-12-23 14:20:17.850 [] INFO  SnakesGame - [UDP-SEND] 8 bytes to /198.18.0.1:9190 (local port: 64506)
2025-12-23 14:20:17.850 [] WARN  SnakesGame - [ACK-MGR] ⟳ Retransmitting seq=30 to /198.18.0.1:9190 (retry 5/5)
2025-12-23 14:20:17.851 [] INFO  SnakesGame - [UDP-SEND] 8 bytes to /198.18.0.1:9190 (local port: 64506)
2025-12-23 14:20:17.851 [] WARN  SnakesGame - [ACK-MGR] ⟳ Retransmitting seq=31 to /198.18.0.1:9190 (retry 3/5)
2025-12-23 14:20:17.968 [pool-2-thread-2] WARN  SnakesGame - Master timed out, but deputy is unknown (no state yet?)
2025-12-23 14:20:18.107 [] ERROR SnakesGame - [ACK-MGR] ✗ Message seq=30 to /198.18.0.1:9190 FAILED after 5 retries
2025-12-23 14:20:18.171 [pool-2-thread-2] INFO  SnakesGame - [UDP-SEND] 8 bytes to /198.18.0.1:9190 (local port: 64506)
2025-12-23 14:20:18.173 [pool-2-thread-2] INFO  SnakesGame - [ACK-MGR] Sent message seq=33 to /198.18.0.1:9190, waiting for ACK
2025-12-23 14:20:18.172 [pool-2-thread-1] WARN  SnakesGame - Master timed out, but deputy is unknown (no state yet?)
2025-12-23 14:20:18.262 [pool-2-thread-1] INFO  SnakesGame - Sent multicast announcement to 239.192.0.4:9192 (50 bytes)
2025-12-23 14:20:18.274 [] INFO  SnakesGame - Discovered game: 1 from /198.18.0.1:9190
2025-12-23 14:20:18.274 [] INFO  SnakesGame - Discovered game: 1 from /198.18.0.1:9190
2025-12-23 14:20:18.363 [] INFO  SnakesGame - [UDP-SEND] 8 bytes to /198.18.0.1:9190 (local port: 64506)
2025-12-23 14:20:18.365 [] WARN  SnakesGame - [ACK-MGR] ⟳ Retransmitting seq=32 to /198.18.0.1:9190 (retry 2/5)
2025-12-23 14:20:18.366 [] INFO  SnakesGame - [UDP-SEND] 8 bytes to /198.18.0.1:9190 (local port: 64506)
2025-12-23 14:20:18.366 [] WARN  SnakesGame - [ACK-MGR] ⟳ Retransmitting seq=31 to /198.18.0.1:9190 (retry 4/5)
2025-12-23 14:20:18.375 [pool-2-thread-1] WARN  SnakesGame - Master timed out, but deputy is unknown (no state yet?)
2025-12-23 14:20:18.567 [pool-2-thread-1] WARN  SnakesGame - Master timed out, but deputy is unknown (no state yet?)
2025-12-23 14:20:18.768 [pool-2-thread-1] WARN  SnakesGame - Master timed out, but deputy is unknown (no state yet?)
2025-12-23 14:20:18.876 [] INFO  SnakesGame - [UDP-SEND] 8 bytes to /198.18.0.1:9190 (local port: 64506)
2025-12-23 14:20:18.877 [] WARN  SnakesGame - [ACK-MGR] ⟳ Retransmitting seq=32 to /198.18.0.1:9190 (retry 3/5)
2025-12-23 14:20:18.877 [] INFO  SnakesGame - [UDP-SEND] 8 bytes to /198.18.0.1:9190 (local port: 64506)
2025-12-23 14:20:18.877 [] WARN  SnakesGame - [ACK-MGR] ⟳ Retransmitting seq=33 to /198.18.0.1:9190 (retry 1/5)
2025-12-23 14:20:18.878 [] INFO  SnakesGame - [UDP-SEND] 8 bytes to /198.18.0.1:9190 (local port: 64506)
2025-12-23 14:20:18.878 [] WARN  SnakesGame - [ACK-MGR] ⟳ Retransmitting seq=31 to /198.18.0.1:9190 (retry 5/5)
2025-12-23 14:20:18.971 [pool-2-thread-1] WARN  SnakesGame - Master timed out, but deputy is unknown (no state yet?)
2025-12-23 14:20:19.132 [] ERROR SnakesGame - [ACK-MGR] ✗ Message seq=31 to /198.18.0.1:9190 FAILED after 5 retries
2025-12-23 14:20:19.167 [pool-2-thread-2] INFO  SnakesGame - [UDP-SEND] 8 bytes to /198.18.0.1:9190 (local port: 64506)
2025-12-23 14:20:19.172 [pool-2-thread-2] INFO  SnakesGame - [ACK-MGR] Sent message seq=34 to /198.18.0.1:9190, waiting for ACK
2025-12-23 14:20:19.168 [pool-2-thread-1] WARN  SnakesGame - Master timed out, but deputy is unknown (no state yet?)
2025-12-23 14:20:19.255 [pool-2-thread-3] INFO  SnakesGame - Sent multicast announcement to 239.192.0.4:9192 (50 bytes)
2025-12-23 14:20:19.257 [] INFO  SnakesGame - Discovered game: 1 from /198.18.0.1:9190
2025-12-23 14:20:19.262 [] INFO  SnakesGame - Discovered game: 1 from /198.18.0.1:9190
2025-12-23 14:20:19.365 [pool-2-thread-1] WARN  SnakesGame - Master timed out, but deputy is unknown (no state yet?)
2025-12-23 14:20:19.387 [] INFO  SnakesGame - [UDP-SEND] 8 bytes to /198.18.0.1:9190 (local port: 64506)
2025-12-23 14:20:19.387 [] WARN  SnakesGame - [ACK-MGR] ⟳ Retransmitting seq=32 to /198.18.0.1:9190 (retry 4/5)
2025-12-23 14:20:19.388 [] INFO  SnakesGame - [UDP-SEND] 8 bytes to /198.18.0.1:9190 (local port: 64506)
2025-12-23 14:20:19.391 [] WARN  SnakesGame - [ACK-MGR] ⟳ Retransmitting seq=33 to /198.18.0.1:9190 (retry 2/5)
2025-12-23 14:20:19.567 [pool-2-thread-1] WARN  SnakesGame - Master timed out, but deputy is unknown (no state yet?)
2025-12-23 14:20:19.771 [pool-2-thread-1] WARN  SnakesGame - Master timed out, but deputy is unknown (no state yet?)
2025-12-23 14:20:19.899 [] INFO  SnakesGame - [UDP-SEND] 8 bytes to /198.18.0.1:9190 (local port: 64506)
2025-12-23 14:20:19.900 [] WARN  SnakesGame - [ACK-MGR] ⟳ Retransmitting seq=32 to /198.18.0.1:9190 (retry 5/5)
2025-12-23 14:20:19.900 [] INFO  SnakesGame - [UDP-SEND] 8 bytes to /198.18.0.1:9190 (local port: 64506)
2025-12-23 14:20:19.900 [] WARN  SnakesGame - [ACK-MGR] ⟳ Retransmitting seq=33 to /198.18.0.1:9190 (retry 3/5)
2025-12-23 14:20:19.900 [] INFO  SnakesGame - [UDP-SEND] 8 bytes to /198.18.0.1:9190 (local port: 64506)
2025-12-23 14:20:19.900 [] WARN  SnakesGame - [ACK-MGR] ⟳ Retransmitting seq=34 to /198.18.0.1:9190 (retry 1/5)
2025-12-23 14:20:19.967 [pool-2-thread-1] WARN  SnakesGame - Master timed out, but deputy is unknown (no state yet?)
2025-12-23 14:20:20.152 [] ERROR SnakesGame - [ACK-MGR] ✗ Message seq=32 to /198.18.0.1:9190 FAILED after 5 retries
2025-12-23 14:20:20.169 [pool-2-thread-1] INFO  SnakesGame - [UDP-SEND] 8 bytes to /198.18.0.1:9190 (local port: 64506)
2025-12-23 14:20:20.169 [pool-2-thread-1] INFO  SnakesGame - [ACK-MGR] Sent message seq=35 to /198.18.0.1:9190, waiting for ACK
2025-12-23 14:20:20.169 [pool-2-thread-1] WARN  SnakesGame - Master timed out, but deputy is unknown (no state yet?)
2025-12-23 14:20:20.266 [pool-2-thread-2] INFO  SnakesGame - Sent multicast announcement to 239.192.0.4:9192 (50 bytes)
2025-12-23 14:20:20.266 [] INFO  SnakesGame - Discovered game: 1 from /198.18.0.1:9190
2025-12-23 14:20:20.266 [] INFO  SnakesGame - Discovered game: 1 from /198.18.0.1:9190
2025-12-23 14:20:20.369 [pool-2-thread-1] WARN  SnakesGame - Master timed out, but deputy is unknown (no state yet?)
2025-12-23 14:20:20.403 [] INFO  SnakesGame - [UDP-SEND] 8 bytes to /198.18.0.1:9190 (local port: 64506)
2025-12-23 14:20:20.403 [] WARN  SnakesGame - [ACK-MGR] ⟳ Retransmitting seq=33 to /198.18.0.1:9190 (retry 4/5)
2025-12-23 14:20:20.403 [] INFO  SnakesGame - [UDP-SEND] 8 bytes to /198.18.0.1:9190 (local port: 64506)
2025-12-23 14:20:20.403 [] WARN  SnakesGame - [ACK-MGR] ⟳ Retransmitting seq=34 to /198.18.0.1:9190 (retry 2/5)
2025-12-23 14:20:20.567 [pool-2-thread-1] WARN  SnakesGame - Master timed out, but deputy is unknown (no state yet?)
2025-12-23 14:20:20.769 [pool-2-thread-1] WARN  SnakesGame - Master timed out, but deputy is unknown (no state yet?)
2025-12-23 14:20:20.909 [] INFO  SnakesGame - [UDP-SEND] 8 bytes to /198.18.0.1:9190 (local port: 64506)
2025-12-23 14:20:20.910 [] WARN  SnakesGame - [ACK-MGR] ⟳ Retransmitting seq=33 to /198.18.0.1:9190 (retry 5/5)
2025-12-23 14:20:20.911 [] INFO  SnakesGame - [UDP-SEND] 8 bytes to /198.18.0.1:9190 (local port: 64506)
2025-12-23 14:20:20.911 [] WARN  SnakesGame - [ACK-MGR] ⟳ Retransmitting seq=34 to /198.18.0.1:9190 (retry 3/5)
2025-12-23 14:20:20.912 [] INFO  SnakesGame - [UDP-SEND] 8 bytes to /198.18.0.1:9190 (local port: 64506)
2025-12-23 14:20:20.912 [] WARN  SnakesGame - [ACK-MGR] ⟳ Retransmitting seq=35 to /198.18.0.1:9190 (retry 1/5)
2025-12-23 14:20:20.967 [pool-2-thread-1] WARN  SnakesGame - Master timed out, but deputy is unknown (no state yet?)
2025-12-23 14:20:21.168 [pool-2-thread-2] INFO  SnakesGame - [UDP-SEND] 8 bytes to /198.18.0.1:9190 (local port: 64506)
2025-12-23 14:20:21.169 [pool-2-thread-2] INFO  SnakesGame - [ACK-MGR] Sent message seq=36 to /198.18.0.1:9190, waiting for ACK
2025-12-23 14:20:21.167 [] ERROR SnakesGame - [ACK-MGR] ✗ Message seq=33 to /198.18.0.1:9190 FAILED after 5 retries
2025-12-23 14:20:21.169 [] INFO  SnakesGame - [UDP-SEND] 8 bytes to /198.18.0.1:9190 (local port: 64506)
2025-12-23 14:20:21.169 [] WARN  SnakesGame - [ACK-MGR] ⟳ Retransmitting seq=34 to /198.18.0.1:9190 (retry 4/5)
2025-12-23 14:20:21.168 [pool-2-thread-1] WARN  SnakesGame - Master timed out, but deputy is unknown (no state yet?)
2025-12-23 14:20:21.178 [] INFO  SnakesGame - [UDP-SEND] 8 bytes to /198.18.0.1:9190 (local port: 64506)
2025-12-23 14:20:21.178 [] WARN  SnakesGame - [ACK-MGR] ⟳ Retransmitting seq=35 to /198.18.0.1:9190 (retry 2/5)
2025-12-23 14:20:21.256 [pool-2-thread-2] INFO  SnakesGame - Sent multicast announcement to 239.192.0.4:9192 (50 bytes)
2025-12-23 14:20:21.256 [] INFO  SnakesGame - Discovered game: 1 from /198.18.0.1:9190
2025-12-23 14:20:21.256 [] INFO  SnakesGame - Discovered game: 1 from /198.18.0.1:9190
2025-12-23 14:20:21.364 [pool-2-thread-1] WARN  SnakesGame - Master timed out, but deputy is unknown (no state yet?)
2025-12-23 14:20:21.566 [pool-2-thread-1] WARN  SnakesGame - Master timed out, but deputy is unknown (no state yet?)
2025-12-23 14:20:21.684 [] INFO  SnakesGame - [UDP-SEND] 8 bytes to /198.18.0.1:9190 (local port: 64506)
2025-12-23 14:20:21.685 [] WARN  SnakesGame - [ACK-MGR] ⟳ Retransmitting seq=34 to /198.18.0.1:9190 (retry 5/5)
2025-12-23 14:20:21.685 [] INFO  SnakesGame - [UDP-SEND] 8 bytes to /198.18.0.1:9190 (local port: 64506)
2025-12-23 14:20:21.686 [] WARN  SnakesGame - [ACK-MGR] ⟳ Retransmitting seq=35 to /198.18.0.1:9190 (retry 3/5)
2025-12-23 14:20:21.688 [] INFO  SnakesGame - [UDP-SEND] 8 bytes to /198.18.0.1:9190 (local port: 64506)
2025-12-23 14:20:21.688 [] WARN  SnakesGame - [ACK-MGR] ⟳ Retransmitting seq=36 to /198.18.0.1:9190 (retry 1/5)
2025-12-23 14:20:21.769 [pool-2-thread-1] WARN  SnakesGame - Master timed out, but deputy is unknown (no state yet?)
2025-12-23 14:20:21.946 [] ERROR SnakesGame - [ACK-MGR] ✗ Message seq=34 to /198.18.0.1:9190 FAILED after 5 retries
2025-12-23 14:20:21.967 [pool-2-thread-1] WARN  SnakesGame - Master timed out, but deputy is unknown (no state yet?)
2025-12-23 14:20:22.166 [pool-2-thread-1] WARN  SnakesGame - Master timed out, but deputy is unknown (no state yet?)
2025-12-23 14:20:22.167 [pool-2-thread-2] INFO  SnakesGame - [UDP-SEND] 8 bytes to /198.18.0.1:9190 (local port: 64506)
2025-12-23 14:20:22.167 [pool-2-thread-2] INFO  SnakesGame - [ACK-MGR] Sent message seq=37 to /198.18.0.1:9190, waiting for ACK
2025-12-23 14:20:22.201 [] INFO  SnakesGame - [UDP-SEND] 8 bytes to /198.18.0.1:9190 (local port: 64506)
2025-12-23 14:20:22.202 [] WARN  SnakesGame - [ACK-MGR] ⟳ Retransmitting seq=35 to /198.18.0.1:9190 (retry 4/5)
2025-12-23 14:20:22.202 [] INFO  SnakesGame - [UDP-SEND] 8 bytes to /198.18.0.1:9190 (local port: 64506)
2025-12-23 14:20:22.202 [] WARN  SnakesGame - [ACK-MGR] ⟳ Retransmitting seq=36 to /198.18.0.1:9190 (retry 2/5)
2025-12-23 14:20:22.258 [pool-2-thread-3] INFO  SnakesGame - Sent multicast announcement to 239.192.0.4:9192 (50 bytes)
2025-12-23 14:20:22.262 [] INFO  SnakesGame - Discovered game: 1 from /198.18.0.1:9190
2025-12-23 14:20:22.267 [] INFO  SnakesGame - Discovered game: 1 from /198.18.0.1:9190
2025-12-23 14:20:22.366 [pool-2-thread-1] WARN  SnakesGame - Master timed out, but deputy is unknown (no state yet?)
2025-12-23 14:20:22.569 [pool-2-thread-1] WARN  SnakesGame - Master timed out, but deputy is unknown (no state yet?)
2025-12-23 14:20:22.711 [] INFO  SnakesGame - [UDP-SEND] 8 bytes to /198.18.0.1:9190 (local port: 64506)
2025-12-23 14:20:22.711 [] WARN  SnakesGame - [ACK-MGR] ⟳ Retransmitting seq=35 to /198.18.0.1:9190 (retry 5/5)
2025-12-23 14:20:22.712 [] INFO  SnakesGame - [UDP-SEND] 8 bytes to /198.18.0.1:9190 (local port: 64506)
2025-12-23 14:20:22.713 [] WARN  SnakesGame - [ACK-MGR] ⟳ Retransmitting seq=36 to /198.18.0.1:9190 (retry 3/5)
2025-12-23 14:20:22.713 [] INFO  SnakesGame - [UDP-SEND] 8 bytes to /198.18.0.1:9190 (local port: 64506)
2025-12-23 14:20:22.713 [] WARN  SnakesGame - [ACK-MGR] ⟳ Retransmitting seq=37 to /198.18.0.1:9190 (retry 1/5)
2025-12-23 14:20:22.768 [pool-2-thread-1] WARN  SnakesGame - Master timed out, but deputy is unknown (no state yet?)
2025-12-23 14:20:22.968 [pool-2-thread-1] WARN  SnakesGame - Master timed out, but deputy is unknown (no state yet?)
2025-12-23 14:20:22.968 [] ERROR SnakesGame - [ACK-MGR] ✗ Message seq=35 to /198.18.0.1:9190 FAILED after 5 retries
2025-12-23 14:20:23.165 [pool-2-thread-2] WARN  SnakesGame - Master timed out, but deputy is unknown (no state yet?)
2025-12-23 14:20:23.165 [pool-2-thread-1] INFO  SnakesGame - [UDP-SEND] 8 bytes to /198.18.0.1:9190 (local port: 64506)
2025-12-23 14:20:23.165 [pool-2-thread-1] INFO  SnakesGame - [ACK-MGR] Sent message seq=38 to /198.18.0.1:9190, waiting for ACK
2025-12-23 14:20:23.222 [] INFO  SnakesGame - [UDP-SEND] 8 bytes to /198.18.0.1:9190 (local port: 64506)
2025-12-23 14:20:23.223 [] WARN  SnakesGame - [ACK-MGR] ⟳ Retransmitting seq=36 to /198.18.0.1:9190 (retry 4/5)
2025-12-23 14:20:23.224 [] INFO  SnakesGame - [UDP-SEND] 8 bytes to /198.18.0.1:9190 (local port: 64506)
2025-12-23 14:20:23.225 [] WARN  SnakesGame - [ACK-MGR] ⟳ Retransmitting seq=37 to /198.18.0.1:9190 (retry 2/5)
2025-12-23 14:20:23.256 [pool-2-thread-2] INFO  SnakesGame - Sent multicast announcement to 239.192.0.4:9192 (50 bytes)
2025-12-23 14:20:23.258 [] INFO  SnakesGame - Discovered game: 1 from /198.18.0.1:9190
2025-12-23 14:20:23.260 [] INFO  SnakesGame - Discovered game: 1 from /198.18.0.1:9190
2025-12-23 14:20:23.369 [pool-2-thread-2] WARN  SnakesGame - Master timed out, but deputy is unknown (no state yet?)
2025-12-23 14:20:23.565 [pool-2-thread-2] WARN  SnakesGame - Master timed out, but deputy is unknown (no state yet?)
2025-12-23 14:20:23.738 [] INFO  SnakesGame - [UDP-SEND] 8 bytes to /198.18.0.1:9190 (local port: 64506)
2025-12-23 14:20:23.738 [] WARN  SnakesGame - [ACK-MGR] ⟳ Retransmitting seq=36 to /198.18.0.1:9190 (retry 5/5)
2025-12-23 14:20:23.740 [] INFO  SnakesGame - [UDP-SEND] 8 bytes to /198.18.0.1:9190 (local port: 64506)
2025-12-23 14:20:23.741 [] WARN  SnakesGame - [ACK-MGR] ⟳ Retransmitting seq=37 to /198.18.0.1:9190 (retry 3/5)
2025-12-23 14:20:23.743 [] INFO  SnakesGame - [UDP-SEND] 8 bytes to /198.18.0.1:9190 (local port: 64506)
2025-12-23 14:20:23.744 [] WARN  SnakesGame - [ACK-MGR] ⟳ Retransmitting seq=38 to /198.18.0.1:9190 (retry 1/5)
2025-12-23 14:20:23.766 [pool-2-thread-2] WARN  SnakesGame - Master timed out, but deputy is unknown (no state yet?)
2025-12-23 14:20:23.968 [pool-2-thread-2] WARN  SnakesGame - Master timed out, but deputy is unknown (no state yet?)
2025-12-23 14:20:23.998 [] ERROR SnakesGame - [ACK-MGR] ✗ Message seq=36 to /198.18.0.1:9190 FAILED after 5 retries
2025-12-23 14:20:24.167 [pool-2-thread-2] WARN  SnakesGame - Master timed out, but deputy is unknown (no state yet?)
2025-12-23 14:20:24.167 [pool-2-thread-1] INFO  SnakesGame - [UDP-SEND] 8 bytes to /198.18.0.1:9190 (local port: 64506)
2025-12-23 14:20:24.167 [pool-2-thread-1] INFO  SnakesGame - [ACK-MGR] Sent message seq=39 to /198.18.0.1:9190, waiting for ACK
2025-12-23 14:20:24.253 [] INFO  SnakesGame - [UDP-SEND] 8 bytes to /198.18.0.1:9190 (local port: 64506)
2025-12-23 14:20:24.253 [] WARN  SnakesGame - [ACK-MGR] ⟳ Retransmitting seq=37 to /198.18.0.1:9190 (retry 4/5)
2025-12-23 14:20:24.254 [] INFO  SnakesGame - [UDP-SEND] 8 bytes to /198.18.0.1:9190 (local port: 64506)
2025-12-23 14:20:24.254 [] WARN  SnakesGame - [ACK-MGR] ⟳ Retransmitting seq=38 to /198.18.0.1:9190 (retry 2/5)
2025-12-23 14:20:24.260 [pool-2-thread-3] INFO  SnakesGame - Sent multicast announcement to 239.192.0.4:9192 (50 bytes)
2025-12-23 14:20:24.262 [] INFO  SnakesGame - Discovered game: 1 from /198.18.0.1:9190
2025-12-23 14:20:24.263 [] INFO  SnakesGame - Discovered game: 1 from /198.18.0.1:9190
2025-12-23 14:20:24.367 [pool-2-thread-2] WARN  SnakesGame - Master timed out, but deputy is unknown (no state yet?)
2025-12-23 14:20:24.567 [pool-2-thread-2] WARN  SnakesGame - Master timed out, but deputy is unknown (no state yet?)
2025-12-23 14:20:24.763 [] INFO  SnakesGame - [UDP-SEND] 8 bytes to /198.18.0.1:9190 (local port: 64506)
2025-12-23 14:20:24.764 [] WARN  SnakesGame - [ACK-MGR] ⟳ Retransmitting seq=37 to /198.18.0.1:9190 (retry 5/5)
2025-12-23 14:20:24.764 [] INFO  SnakesGame - [UDP-SEND] 8 bytes to /198.18.0.1:9190 (local port: 64506)
2025-12-23 14:20:24.764 [] WARN  SnakesGame - [ACK-MGR] ⟳ Retransmitting seq=38 to /198.18.0.1:9190 (retry 3/5)
2025-12-23 14:20:24.766 [] INFO  SnakesGame - [UDP-SEND] 8 bytes to /198.18.0.1:9190 (local port: 64506)
2025-12-23 14:20:24.767 [] WARN  SnakesGame - [ACK-MGR] ⟳ Retransmitting seq=39 to /198.18.0.1:9190 (retry 1/5)
2025-12-23 14:20:24.767 [pool-2-thread-2] WARN  SnakesGame - Master timed out, but deputy is unknown (no state yet?)
2025-12-23 14:20:24.965 [pool-2-thread-2] WARN  SnakesGame - Master timed out, but deputy is unknown (no state yet?)
2025-12-23 14:20:25.028 [] ERROR SnakesGame - [ACK-MGR] ✗ Message seq=37 to /198.18.0.1:9190 FAILED after 5 retries
2025-12-23 14:20:25.168 [pool-2-thread-1] WARN  SnakesGame - Master timed out, but deputy is unknown (no state yet?)
2025-12-23 14:20:25.166 [pool-2-thread-2] INFO  SnakesGame - [UDP-SEND] 8 bytes to /198.18.0.1:9190 (local port: 64506)
2025-12-23 14:20:25.170 [pool-2-thread-2] INFO  SnakesGame - [ACK-MGR] Sent message seq=40 to /198.18.0.1:9190, waiting for ACK
2025-12-23 14:20:25.257 [pool-2-thread-1] INFO  SnakesGame - Sent multicast announcement to 239.192.0.4:9192 (50 bytes)
2025-12-23 14:20:25.260 [] INFO  SnakesGame - Discovered game: 1 from /198.18.0.1:9190
2025-12-23 14:20:25.261 [] INFO  SnakesGame - Discovered game: 1 from /198.18.0.1:9190
2025-12-23 14:20:25.284 [] INFO  SnakesGame - [UDP-SEND] 8 bytes to /198.18.0.1:9190 (local port: 64506)
2025-12-23 14:20:25.284 [] WARN  SnakesGame - [ACK-MGR] ⟳ Retransmitting seq=38 to /198.18.0.1:9190 (retry 4/5)
2025-12-23 14:20:25.284 [] INFO  SnakesGame - [UDP-SEND] 8 bytes to /198.18.0.1:9190 (local port: 64506)
2025-12-23 14:20:25.284 [] WARN  SnakesGame - [ACK-MGR] ⟳ Retransmitting seq=39 to /198.18.0.1:9190 (retry 2/5)
2025-12-23 14:20:25.369 [pool-2-thread-1] WARN  SnakesGame - Master timed out, but deputy is unknown (no state yet?)
2025-12-23 14:20:25.566 [pool-2-thread-1] WARN  SnakesGame - Master timed out, but deputy is unknown (no state yet?)
2025-12-23 14:20:25.767 [pool-2-thread-1] WARN  SnakesGame - Master timed out, but deputy is unknown (no state yet?)
2025-12-23 14:20:25.790 [] INFO  SnakesGame - [UDP-SEND] 8 bytes to /198.18.0.1:9190 (local port: 64506)
2025-12-23 14:20:25.790 [] WARN  SnakesGame - [ACK-MGR] ⟳ Retransmitting seq=38 to /198.18.0.1:9190 (retry 5/5)
2025-12-23 14:20:25.791 [] INFO  SnakesGame - [UDP-SEND] 8 bytes to /198.18.0.1:9190 (local port: 64506)
2025-12-23 14:20:25.791 [] WARN  SnakesGame - [ACK-MGR] ⟳ Retransmitting seq=39 to /198.18.0.1:9190 (retry 3/5)
2025-12-23 14:20:25.792 [] INFO  SnakesGame - [UDP-SEND] 8 bytes to /198.18.0.1:9190 (local port: 64506)
2025-12-23 14:20:25.792 [] WARN  SnakesGame - [ACK-MGR] ⟳ Retransmitting seq=40 to /198.18.0.1:9190 (retry 1/5)
2025-12-23 14:20:25.969 [pool-2-thread-1] WARN  SnakesGame - Master timed out, but deputy is unknown (no state yet?)
2025-12-23 14:20:26.045 [] ERROR SnakesGame - [ACK-MGR] ✗ Message seq=38 to /198.18.0.1:9190 FAILED after 5 retries
2025-12-23 14:20:26.168 [pool-2-thread-1] WARN  SnakesGame - Master timed out, but deputy is unknown (no state yet?)
2025-12-23 14:20:26.168 [pool-2-thread-2] INFO  SnakesGame - [UDP-SEND] 8 bytes to /198.18.0.1:9190 (local port: 64506)
2025-12-23 14:20:26.168 [pool-2-thread-2] INFO  SnakesGame - [ACK-MGR] Sent message seq=41 to /198.18.0.1:9190, waiting for ACK
2025-12-23 14:20:26.257 [pool-2-thread-1] INFO  SnakesGame - Sent multicast announcement to 239.192.0.4:9192 (50 bytes)
2025-12-23 14:20:26.264 [] INFO  SnakesGame - Discovered game: 1 from /198.18.0.1:9190
2025-12-23 14:20:26.265 [] INFO  SnakesGame - Discovered game: 1 from /198.18.0.1:9190
2025-12-23 14:20:26.298 [] INFO  SnakesGame - [UDP-SEND] 8 bytes to /198.18.0.1:9190 (local port: 64506)
2025-12-23 14:20:26.299 [] WARN  SnakesGame - [ACK-MGR] ⟳ Retransmitting seq=39 to /198.18.0.1:9190 (retry 4/5)
2025-12-23 14:20:26.299 [] INFO  SnakesGame - [UDP-SEND] 8 bytes to /198.18.0.1:9190 (local port: 64506)
2025-12-23 14:20:26.300 [] WARN  SnakesGame - [ACK-MGR] ⟳ Retransmitting seq=40 to /198.18.0.1:9190 (retry 2/5)
2025-12-23 14:20:26.367 [pool-2-thread-1] WARN  SnakesGame - Master timed out, but deputy is unknown (no state yet?)
2025-12-23 14:20:26.568 [pool-2-thread-1] WARN  SnakesGame - Master timed out, but deputy is unknown (no state yet?)
2025-12-23 14:20:26.770 [pool-2-thread-1] WARN  SnakesGame - Master timed out, but deputy is unknown (no state yet?)
2025-12-23 14:20:26.806 [] INFO  SnakesGame - [UDP-SEND] 8 bytes to /198.18.0.1:9190 (local port: 64506)
2025-12-23 14:20:26.807 [] WARN  SnakesGame - [ACK-MGR] ⟳ Retransmitting seq=39 to /198.18.0.1:9190 (retry 5/5)
2025-12-23 14:20:26.807 [] INFO  SnakesGame - [UDP-SEND] 8 bytes to /198.18.0.1:9190 (local port: 64506)
2025-12-23 14:20:26.807 [] WARN  SnakesGame - [ACK-MGR] ⟳ Retransmitting seq=40 to /198.18.0.1:9190 (retry 3/5)
2025-12-23 14:20:26.809 [] INFO  SnakesGame - [UDP-SEND] 8 bytes to /198.18.0.1:9190 (local port: 64506)
2025-12-23 14:20:26.809 [] WARN  SnakesGame - [ACK-MGR] ⟳ Retransmitting seq=41 to /198.18.0.1:9190 (retry 1/5)
2025-12-23 14:20:26.969 [pool-2-thread-1] WARN  SnakesGame - Master timed out, but deputy is unknown (no state yet?)
2025-12-23 14:20:27.061 [] ERROR SnakesGame - [ACK-MGR] ✗ Message seq=39 to /198.18.0.1:9190 FAILED after 5 retries
2025-12-23 14:20:27.169 [pool-2-thread-2] INFO  SnakesGame - [UDP-SEND] 8 bytes to /198.18.0.1:9190 (local port: 64506)
2025-12-23 14:20:27.176 [pool-2-thread-2] INFO  SnakesGame - [ACK-MGR] Sent message seq=42 to /198.18.0.1:9190, waiting for ACK
2025-12-23 14:20:27.176 [pool-2-thread-2] WARN  SnakesGame - Master timed out, but deputy is unknown (no state yet?)
2025-12-23 14:20:27.269 [pool-2-thread-2] INFO  SnakesGame - Sent multicast announcement to 239.192.0.4:9192 (50 bytes)
2025-12-23 14:20:27.271 [] INFO  SnakesGame - Discovered game: 1 from /198.18.0.1:9190
2025-12-23 14:20:27.271 [] INFO  SnakesGame - Discovered game: 1 from /198.18.0.1:9190
2025-12-23 14:20:27.313 [] INFO  SnakesGame - [UDP-SEND] 8 bytes to /198.18.0.1:9190 (local port: 64506)
2025-12-23 14:20:27.313 [] WARN  SnakesGame - [ACK-MGR] ⟳ Retransmitting seq=40 to /198.18.0.1:9190 (retry 4/5)
2025-12-23 14:20:27.313 [] INFO  SnakesGame - [UDP-SEND] 8 bytes to /198.18.0.1:9190 (local port: 64506)
2025-12-23 14:20:27.314 [] WARN  SnakesGame - [ACK-MGR] ⟳ Retransmitting seq=41 to /198.18.0.1:9190 (retry 2/5)
2025-12-23 14:20:27.366 [pool-2-thread-2] WARN  SnakesGame - Master timed out, but deputy is unknown (no state yet?)
2025-12-23 14:20:27.567 [pool-2-thread-2] WARN  SnakesGame - Master timed out, but deputy is unknown (no state yet?)
2025-12-23 14:20:27.769 [pool-2-thread-1] WARN  SnakesGame - Master timed out, but deputy is unknown (no state yet?)
2025-12-23 14:20:27.821 [] INFO  SnakesGame - [UDP-SEND] 8 bytes to /198.18.0.1:9190 (local port: 64506)
2025-12-23 14:20:27.825 [] WARN  SnakesGame - [ACK-MGR] ⟳ Retransmitting seq=40 to /198.18.0.1:9190 (retry 5/5)
2025-12-23 14:20:27.826 [] INFO  SnakesGame - [UDP-SEND] 8 bytes to /198.18.0.1:9190 (local port: 64506)
2025-12-23 14:20:27.826 [] WARN  SnakesGame - [ACK-MGR] ⟳ Retransmitting seq=41 to /198.18.0.1:9190 (retry 3/5)
2025-12-23 14:20:27.833 [] INFO  SnakesGame - [UDP-SEND] 8 bytes to /198.18.0.1:9190 (local port: 64506)
2025-12-23 14:20:27.833 [] WARN  SnakesGame - [ACK-MGR] ⟳ Retransmitting seq=42 to /198.18.0.1:9190 (retry 1/5)
2025-12-23 14:20:27.967 [pool-2-thread-2] WARN  SnakesGame - Master timed out, but deputy is unknown (no state yet?)
2025-12-23 14:20:28.088 [] ERROR SnakesGame - [ACK-MGR] ✗ Message seq=40 to /198.18.0.1:9190 FAILED after 5 retries
2025-12-23 14:20:28.169 [pool-2-thread-2] WARN  SnakesGame - Master timed out, but deputy is unknown (no state yet?)
2025-12-23 14:20:28.175 [pool-2-thread-1] INFO  SnakesGame - [UDP-SEND] 8 bytes to /198.18.0.1:9190 (local port: 64506)
2025-12-23 14:20:28.176 [pool-2-thread-1] INFO  SnakesGame - [ACK-MGR] Sent message seq=43 to /198.18.0.1:9190, waiting for ACK
2025-12-23 14:20:28.267 [pool-2-thread-1] INFO  SnakesGame - Sent multicast announcement to 239.192.0.4:9192 (50 bytes)
2025-12-23 14:20:28.268 [] INFO  SnakesGame - Discovered game: 1 from /198.18.0.1:9190
2025-12-23 14:20:28.268 [] INFO  SnakesGame - Discovered game: 1 from /198.18.0.1:9190
2025-12-23 14:20:28.347 [] INFO  SnakesGame - [UDP-SEND] 8 bytes to /198.18.0.1:9190 (local port: 64506)
2025-12-23 14:20:28.348 [] WARN  SnakesGame - [ACK-MGR] ⟳ Retransmitting seq=41 to /198.18.0.1:9190 (retry 4/5)
2025-12-23 14:20:28.350 [] INFO  SnakesGame - [UDP-SEND] 8 bytes to /198.18.0.1:9190 (local port: 64506)
2025-12-23 14:20:28.350 [] WARN  SnakesGame - [ACK-MGR] ⟳ Retransmitting seq=42 to /198.18.0.1:9190 (retry 2/5)
2025-12-23 14:20:28.368 [pool-2-thread-2] WARN  SnakesGame - Master timed out, but deputy is unknown (no state yet?)
2025-12-23 14:20:28.567 [pool-2-thread-2] WARN  SnakesGame - Master timed out, but deputy is unknown (no state yet?)
2025-12-23 14:20:28.767 [pool-2-thread-2] WARN  SnakesGame - Master timed out, but deputy is unknown (no state yet?)
2025-12-23 14:20:28.854 [] INFO  SnakesGame - [UDP-SEND] 8 bytes to /198.18.0.1:9190 (local port: 64506)
2025-12-23 14:20:28.863 [] WARN  SnakesGame - [ACK-MGR] ⟳ Retransmitting seq=41 to /198.18.0.1:9190 (retry 5/5)
2025-12-23 14:20:28.863 [] INFO  SnakesGame - [UDP-SEND] 8 bytes to /198.18.0.1:9190 (local port: 64506)
2025-12-23 14:20:28.863 [] WARN  SnakesGame - [ACK-MGR] ⟳ Retransmitting seq=42 to /198.18.0.1:9190 (retry 3/5)
2025-12-23 14:20:28.864 [] INFO  SnakesGame - [UDP-SEND] 8 bytes to /198.18.0.1:9190 (local port: 64506)
2025-12-23 14:20:28.865 [] WARN  SnakesGame - [ACK-MGR] ⟳ Retransmitting seq=43 to /198.18.0.1:9190 (retry 1/5)
2025-12-23 14:20:28.968 [pool-2-thread-2] WARN  SnakesGame - Master timed out, but deputy is unknown (no state yet?)
2025-12-23 14:20:29.117 [] ERROR SnakesGame - [ACK-MGR] ✗ Message seq=41 to /198.18.0.1:9190 FAILED after 5 retries
2025-12-23 14:20:29.169 [pool-2-thread-1] WARN  SnakesGame - Master timed out, but deputy is unknown (no state yet?)
2025-12-23 14:20:29.169 [pool-2-thread-2] INFO  SnakesGame - [UDP-SEND] 8 bytes to /198.18.0.1:9190 (local port: 64506)
2025-12-23 14:20:29.170 [pool-2-thread-2] INFO  SnakesGame - [ACK-MGR] Sent message seq=44 to /198.18.0.1:9190, waiting for ACK
2025-12-23 14:20:29.267 [pool-2-thread-2] INFO  SnakesGame - Sent multicast announcement to 239.192.0.4:9192 (50 bytes)
2025-12-23 14:20:29.271 [] INFO  SnakesGame - Discovered game: 1 from /198.18.0.1:9190
2025-12-23 14:20:29.271 [] INFO  SnakesGame - Discovered game: 1 from /198.18.0.1:9190
2025-12-23 14:20:29.369 [pool-2-thread-1] WARN  SnakesGame - Master timed out, but deputy is unknown (no state yet?)
2025-12-23 14:20:29.372 [] INFO  SnakesGame - [UDP-SEND] 8 bytes to /198.18.0.1:9190 (local port: 64506)
2025-12-23 14:20:29.374 [] WARN  SnakesGame - [ACK-MGR] ⟳ Retransmitting seq=42 to /198.18.0.1:9190 (retry 4/5)
2025-12-23 14:20:29.374 [] INFO  SnakesGame - [UDP-SEND] 8 bytes to /198.18.0.1:9190 (local port: 64506)
2025-12-23 14:20:29.374 [] WARN  SnakesGame - [ACK-MGR] ⟳ Retransmitting seq=43 to /198.18.0.1:9190 (retry 2/5)
2025-12-23 14:20:29.569 [pool-2-thread-1] WARN  SnakesGame - Master timed out, but deputy is unknown (no state yet?)
2025-12-23 14:20:29.768 [pool-2-thread-1] WARN  SnakesGame - Master timed out, but deputy is unknown (no state yet?)
2025-12-23 14:20:29.885 [] INFO  SnakesGame - [UDP-SEND] 8 bytes to /198.18.0.1:9190 (local port: 64506)
2025-12-23 14:20:29.885 [] WARN  SnakesGame - [ACK-MGR] ⟳ Retransmitting seq=42 to /198.18.0.1:9190 (retry 5/5)
2025-12-23 14:20:29.885 [] INFO  SnakesGame - [UDP-SEND] 8 bytes to /198.18.0.1:9190 (local port: 64506)
2025-12-23 14:20:29.886 [] WARN  SnakesGame - [ACK-MGR] ⟳ Retransmitting seq=43 to /198.18.0.1:9190 (retry 3/5)
2025-12-23 14:20:29.886 [] INFO  SnakesGame - [UDP-SEND] 8 bytes to /198.18.0.1:9190 (local port: 64506)
2025-12-23 14:20:29.886 [] WARN  SnakesGame - [ACK-MGR] ⟳ Retransmitting seq=44 to /198.18.0.1:9190 (retry 1/5)
2025-12-23 14:20:29.968 [pool-2-thread-1] WARN  SnakesGame - Master timed out, but deputy is unknown (no state yet?)
2025-12-23 14:20:30.141 [] ERROR SnakesGame - [ACK-MGR] ✗ Message seq=42 to /198.18.0.1:9190 FAILED after 5 retries
2025-12-23 14:20:30.168 [pool-2-thread-2] WARN  SnakesGame - Master timed out, but deputy is unknown (no state yet?)
2025-12-23 14:20:30.169 [pool-2-thread-1] INFO  SnakesGame - [UDP-SEND] 8 bytes to /198.18.0.1:9190 (local port: 64506)
2025-12-23 14:20:30.169 [pool-2-thread-1] INFO  SnakesGame - [ACK-MGR] Sent message seq=45 to /198.18.0.1:9190, waiting for ACK
2025-12-23 14:20:30.271 [] INFO  SnakesGame - Discovered game: 1 from /198.18.0.1:9190
2025-12-23 14:20:30.272 [] INFO  SnakesGame - Discovered game: 1 from /198.18.0.1:9190
2025-12-23 14:20:30.258 [pool-2-thread-2] INFO  SnakesGame - Sent multicast announcement to 239.192.0.4:9192 (50 bytes)
2025-12-23 14:20:30.369 [pool-2-thread-2] WARN  SnakesGame - Master timed out, but deputy is unknown (no state yet?)
2025-12-23 14:20:30.393 [] INFO  SnakesGame - [UDP-SEND] 8 bytes to /198.18.0.1:9190 (local port: 64506)
2025-12-23 14:20:30.395 [] WARN  SnakesGame - [ACK-MGR] ⟳ Retransmitting seq=43 to /198.18.0.1:9190 (retry 4/5)
2025-12-23 14:20:30.395 [] INFO  SnakesGame - [UDP-SEND] 8 bytes to /198.18.0.1:9190 (local port: 64506)
2025-12-23 14:20:30.395 [] WARN  SnakesGame - [ACK-MGR] ⟳ Retransmitting seq=44 to /198.18.0.1:9190 (retry 2/5)
2025-12-23 14:20:30.565 [pool-2-thread-2] WARN  SnakesGame - Master timed out, but deputy is unknown (no state yet?)
2025-12-23 14:20:30.766 [pool-2-thread-2] WARN  SnakesGame - Master timed out, but deputy is unknown (no state yet?)
2025-12-23 14:20:30.909 [] INFO  SnakesGame - [UDP-SEND] 8 bytes to /198.18.0.1:9190 (local port: 64506)
2025-12-23 14:20:30.912 [] WARN  SnakesGame - [ACK-MGR] ⟳ Retransmitting seq=43 to /198.18.0.1:9190 (retry 5/5)
2025-12-23 14:20:30.913 [] INFO  SnakesGame - [UDP-SEND] 8 bytes to /198.18.0.1:9190 (local port: 64506)
2025-12-23 14:20:30.913 [] WARN  SnakesGame - [ACK-MGR] ⟳ Retransmitting seq=44 to /198.18.0.1:9190 (retry 3/5)
2025-12-23 14:20:30.914 [] INFO  SnakesGame - [UDP-SEND] 8 bytes to /198.18.0.1:9190 (local port: 64506)
2025-12-23 14:20:30.915 [] WARN  SnakesGame - [ACK-MGR] ⟳ Retransmitting seq=45 to /198.18.0.1:9190 (retry 1/5)
2025-12-23 14:20:30.966 [pool-2-thread-2] WARN  SnakesGame - Master timed out, but deputy is unknown (no state yet?)
2025-12-23 14:20:31.165 [] ERROR SnakesGame - [ACK-MGR] ✗ Message seq=43 to /198.18.0.1:9190 FAILED after 5 retries
2025-12-23 14:20:31.169 [pool-2-thread-2] WARN  SnakesGame - Master timed out, but deputy is unknown (no state yet?)
2025-12-23 14:20:31.169 [pool-2-thread-1] INFO  SnakesGame - [UDP-SEND] 8 bytes to /198.18.0.1:9190 (local port: 64506)
2025-12-23 14:20:31.169 [pool-2-thread-1] INFO  SnakesGame - [ACK-MGR] Sent message seq=46 to /198.18.0.1:9190, waiting for ACK
2025-12-23 14:20:31.254 [pool-2-thread-3] INFO  SnakesGame - Sent multicast announcement to 239.192.0.4:9192 (50 bytes)
2025-12-23 14:20:31.255 [] INFO  SnakesGame - Discovered game: 1 from /198.18.0.1:9190
2025-12-23 14:20:31.255 [] INFO  SnakesGame - Discovered game: 1 from /198.18.0.1:9190
2025-12-23 14:20:31.369 [pool-2-thread-2] WARN  SnakesGame - Master timed out, but deputy is unknown (no state yet?)
2025-12-23 14:20:31.419 [] INFO  SnakesGame - [UDP-SEND] 8 bytes to /198.18.0.1:9190 (local port: 64506)
2025-12-23 14:20:31.420 [] WARN  SnakesGame - [ACK-MGR] ⟳ Retransmitting seq=44 to /198.18.0.1:9190 (retry 4/5)
2025-12-23 14:20:31.421 [] INFO  SnakesGame - [UDP-SEND] 8 bytes to /198.18.0.1:9190 (local port: 64506)
2025-12-23 14:20:31.422 [] WARN  SnakesGame - [ACK-MGR] ⟳ Retransmitting seq=45 to /198.18.0.1:9190 (retry 2/5)
2025-12-23 14:20:31.568 [pool-2-thread-2] WARN  SnakesGame - Master timed out, but deputy is unknown (no state yet?)
2025-12-23 14:20:31.679 [] INFO  SnakesGame - [UDP-SEND] 8 bytes to /198.18.0.1:9190 (local port: 64506)
2025-12-23 14:20:31.680 [] WARN  SnakesGame - [ACK-MGR] ⟳ Retransmitting seq=44 to /198.18.0.1:9190 (retry 5/5)
2025-12-23 14:20:31.680 [] INFO  SnakesGame - [UDP-SEND] 8 bytes to /198.18.0.1:9190 (local port: 64506)
2025-12-23 14:20:31.680 [] WARN  SnakesGame - [ACK-MGR] ⟳ Retransmitting seq=45 to /198.18.0.1:9190 (retry 3/5)
2025-12-23 14:20:31.686 [] INFO  SnakesGame - [UDP-SEND] 8 bytes to /198.18.0.1:9190 (local port: 64506)
2025-12-23 14:20:31.687 [] WARN  SnakesGame - [ACK-MGR] ⟳ Retransmitting seq=46 to /198.18.0.1:9190 (retry 1/5)
2025-12-23 14:20:31.768 [pool-2-thread-2] WARN  SnakesGame - Master timed out, but deputy is unknown (no state yet?)
2025-12-23 14:20:31.942 [] ERROR SnakesGame - [ACK-MGR] ✗ Message seq=44 to /198.18.0.1:9190 FAILED after 5 retries
2025-12-23 14:20:31.967 [pool-2-thread-2] WARN  SnakesGame - Master timed out, but deputy is unknown (no state yet?)
2025-12-23 14:20:32.167 [pool-2-thread-2] WARN  SnakesGame - Master timed out, but deputy is unknown (no state yet?)
2025-12-23 14:20:32.168 [pool-2-thread-1] INFO  SnakesGame - [UDP-SEND] 8 bytes to /198.18.0.1:9190 (local port: 64506)
2025-12-23 14:20:32.168 [pool-2-thread-1] INFO  SnakesGame - [ACK-MGR] Sent message seq=47 to /198.18.0.1:9190, waiting for ACK
2025-12-23 14:20:32.194 [] INFO  SnakesGame - [UDP-SEND] 8 bytes to /198.18.0.1:9190 (local port: 64506)
2025-12-23 14:20:32.194 [] WARN  SnakesGame - [ACK-MGR] ⟳ Retransmitting seq=45 to /198.18.0.1:9190 (retry 4/5)
2025-12-23 14:20:32.195 [] INFO  SnakesGame - [UDP-SEND] 8 bytes to /198.18.0.1:9190 (local port: 64506)
2025-12-23 14:20:32.195 [] WARN  SnakesGame - [ACK-MGR] ⟳ Retransmitting seq=46 to /198.18.0.1:9190 (retry 2/5)
2025-12-23 14:20:32.258 [pool-2-thread-1] INFO  SnakesGame - Sent multicast announcement to 239.192.0.4:9192 (50 bytes)
2025-12-23 14:20:32.262 [] INFO  SnakesGame - Discovered game: 1 from /198.18.0.1:9190
2025-12-23 14:20:32.268 [] INFO  SnakesGame - Discovered game: 1 from /198.18.0.1:9190
2025-12-23 14:20:32.368 [pool-2-thread-2] WARN  SnakesGame - Master timed out, but deputy is unknown (no state yet?)
2025-12-23 14:20:32.569 [pool-2-thread-2] WARN  SnakesGame - Master timed out, but deputy is unknown (no state yet?)
2025-12-23 14:20:32.703 [] INFO  SnakesGame - [UDP-SEND] 8 bytes to /198.18.0.1:9190 (local port: 64506)
2025-12-23 14:20:32.704 [] WARN  SnakesGame - [ACK-MGR] ⟳ Retransmitting seq=45 to /198.18.0.1:9190 (retry 5/5)
2025-12-23 14:20:32.704 [] INFO  SnakesGame - [UDP-SEND] 8 bytes to /198.18.0.1:9190 (local port: 64506)
2025-12-23 14:20:32.704 [] WARN  SnakesGame - [ACK-MGR] ⟳ Retransmitting seq=46 to /198.18.0.1:9190 (retry 3/5)
2025-12-23 14:20:32.704 [] INFO  SnakesGame - [UDP-SEND] 8 bytes to /198.18.0.1:9190 (local port: 64506)
2025-12-23 14:20:32.705 [] WARN  SnakesGame - [ACK-MGR] ⟳ Retransmitting seq=47 to /198.18.0.1:9190 (retry 1/5)
2025-12-23 14:20:32.768 [pool-2-thread-2] WARN  SnakesGame - Master timed out, but deputy is unknown (no state yet?)
2025-12-23 14:20:32.956 [] ERROR SnakesGame - [ACK-MGR] ✗ Message seq=45 to /198.18.0.1:9190 FAILED after 5 retries
2025-12-23 14:20:32.967 [pool-2-thread-2] WARN  SnakesGame - Master timed out, but deputy is unknown (no state yet?)
2025-12-23 14:20:33.167 [pool-2-thread-2] WARN  SnakesGame - Master timed out, but deputy is unknown (no state yet?)
2025-12-23 14:20:33.172 [pool-2-thread-1] INFO  SnakesGame - [UDP-SEND] 8 bytes to /198.18.0.1:9190 (local port: 64506)
2025-12-23 14:20:33.172 [pool-2-thread-1] INFO  SnakesGame - [ACK-MGR] Sent message seq=48 to /198.18.0.1:9190, waiting for ACK
2025-12-23 14:20:33.213 [] INFO  SnakesGame - [UDP-SEND] 8 bytes to /198.18.0.1:9190 (local port: 64506)
2025-12-23 14:20:33.214 [] WARN  SnakesGame - [ACK-MGR] ⟳ Retransmitting seq=46 to /198.18.0.1:9190 (retry 4/5)
2025-12-23 14:20:33.214 [] INFO  SnakesGame - [UDP-SEND] 8 bytes to /198.18.0.1:9190 (local port: 64506)
2025-12-23 14:20:33.214 [] WARN  SnakesGame - [ACK-MGR] ⟳ Retransmitting seq=47 to /198.18.0.1:9190 (retry 2/5)
2025-12-23 14:20:33.259 [pool-2-thread-2] INFO  SnakesGame - Sent multicast announcement to 239.192.0.4:9192 (50 bytes)
2025-12-23 14:20:33.271 [] INFO  SnakesGame - Discovered game: 1 from /198.18.0.1:9190
2025-12-23 14:20:33.271 [] INFO  SnakesGame - Discovered game: 1 from /198.18.0.1:9190
2025-12-23 14:20:33.380 [pool-2-thread-2] WARN  SnakesGame - Master timed out, but deputy is unknown (no state yet?)
2025-12-23 14:20:33.568 [pool-2-thread-2] WARN  SnakesGame - Master timed out, but deputy is unknown (no state yet?)
2025-12-23 14:20:33.720 [] INFO  SnakesGame - [UDP-SEND] 8 bytes to /198.18.0.1:9190 (local port: 64506)
2025-12-23 14:20:33.720 [] WARN  SnakesGame - [ACK-MGR] ⟳ Retransmitting seq=48 to /198.18.0.1:9190 (retry 1/5)
2025-12-23 14:20:33.721 [] INFO  SnakesGame - [UDP-SEND] 8 bytes to /198.18.0.1:9190 (local port: 64506)
2025-12-23 14:20:33.721 [] WARN  SnakesGame - [ACK-MGR] ⟳ Retransmitting seq=46 to /198.18.0.1:9190 (retry 5/5)
2025-12-23 14:20:33.721 [] INFO  SnakesGame - [UDP-SEND] 8 bytes to /198.18.0.1:9190 (local port: 64506)
2025-12-23 14:20:33.721 [] WARN  SnakesGame - [ACK-MGR] ⟳ Retransmitting seq=47 to /198.18.0.1:9190 (retry 3/5)
2025-12-23 14:20:33.770 [pool-2-thread-2] WARN  SnakesGame - Master timed out, but deputy is unknown (no state yet?)
2025-12-23 14:20:33.968 [pool-2-thread-2] WARN  SnakesGame - Master timed out, but deputy is unknown (no state yet?)
2025-12-23 14:20:33.975 [] ERROR SnakesGame - [ACK-MGR] ✗ Message seq=46 to /198.18.0.1:9190 FAILED after 5 retries
2025-12-23 14:20:34.169 [pool-2-thread-1] INFO  SnakesGame - [UDP-SEND] 8 bytes to /198.18.0.1:9190 (local port: 64506)
2025-12-23 14:20:34.169 [pool-2-thread-1] INFO  SnakesGame - [ACK-MGR] Sent message seq=49 to /198.18.0.1:9190, waiting for ACK
2025-12-23 14:20:34.169 [pool-2-thread-2] WARN  SnakesGame - Master timed out, but deputy is unknown (no state yet?)
2025-12-23 14:20:34.229 [] INFO  SnakesGame - [UDP-SEND] 8 bytes to /198.18.0.1:9190 (local port: 64506)
2025-12-23 14:20:34.229 [] WARN  SnakesGame - [ACK-MGR] ⟳ Retransmitting seq=48 to /198.18.0.1:9190 (retry 2/5)
2025-12-23 14:20:34.230 [] INFO  SnakesGame - [UDP-SEND] 8 bytes to /198.18.0.1:9190 (local port: 64506)
2025-12-23 14:20:34.230 [] WARN  SnakesGame - [ACK-MGR] ⟳ Retransmitting seq=47 to /198.18.0.1:9190 (retry 4/5)
2025-12-23 14:20:34.258 [pool-2-thread-3] INFO  SnakesGame - Sent multicast announcement to 239.192.0.4:9192 (50 bytes)
2025-12-23 14:20:34.260 [] INFO  SnakesGame - Discovered game: 1 from /198.18.0.1:9190
2025-12-23 14:20:34.260 [] INFO  SnakesGame - Discovered game: 1 from /198.18.0.1:9190
2025-12-23 14:20:34.368 [pool-2-thread-2] WARN  SnakesGame - Master timed out, but deputy is unknown (no state yet?)
2025-12-23 14:20:34.566 [pool-2-thread-2] WARN  SnakesGame - Master timed out, but deputy is unknown (no state yet?)
2025-12-23 14:20:34.737 [] INFO  SnakesGame - [UDP-SEND] 8 bytes to /198.18.0.1:9190 (local port: 64506)
2025-12-23 14:20:34.738 [] WARN  SnakesGame - [ACK-MGR] ⟳ Retransmitting seq=48 to /198.18.0.1:9190 (retry 3/5)
2025-12-23 14:20:34.742 [] INFO  SnakesGame - [UDP-SEND] 8 bytes to /198.18.0.1:9190 (local port: 64506)
2025-12-23 14:20:34.742 [] WARN  SnakesGame - [ACK-MGR] ⟳ Retransmitting seq=49 to /198.18.0.1:9190 (retry 1/5)
2025-12-23 14:20:34.746 [] INFO  SnakesGame - [UDP-SEND] 8 bytes to /198.18.0.1:9190 (local port: 64506)
2025-12-23 14:20:34.746 [] WARN  SnakesGame - [ACK-MGR] ⟳ Retransmitting seq=47 to /198.18.0.1:9190 (retry 5/5)
2025-12-23 14:20:34.769 [pool-2-thread-2] WARN  SnakesGame - Master timed out, but deputy is unknown (no state yet?)
2025-12-23 14:20:34.970 [pool-2-thread-2] WARN  SnakesGame - Master timed out, but deputy is unknown (no state yet?)
2025-12-23 14:20:35.003 [] ERROR SnakesGame - [ACK-MGR] ✗ Message seq=47 to /198.18.0.1:9190 FAILED after 5 retries
2025-12-23 14:20:35.165 [pool-2-thread-2] WARN  SnakesGame - Master timed out, but deputy is unknown (no state yet?)
2025-12-23 14:20:35.166 [pool-2-thread-1] INFO  SnakesGame - [UDP-SEND] 8 bytes to /198.18.0.1:9190 (local port: 64506)
2025-12-23 14:20:35.167 [pool-2-thread-1] INFO  SnakesGame - [ACK-MGR] Sent message seq=50 to /198.18.0.1:9190, waiting for ACK
2025-12-23 14:20:35.253 [pool-2-thread-3] INFO  SnakesGame - Sent multicast announcement to 239.192.0.4:9192 (50 bytes)
2025-12-23 14:20:35.255 [] INFO  SnakesGame - [UDP-SEND] 8 bytes to /198.18.0.1:9190 (local port: 64506)
2025-12-23 14:20:35.255 [] WARN  SnakesGame - [ACK-MGR] ⟳ Retransmitting seq=48 to /198.18.0.1:9190 (retry 4/5)
2025-12-23 14:20:35.255 [] INFO  SnakesGame - [UDP-SEND] 8 bytes to /198.18.0.1:9190 (local port: 64506)
2025-12-23 14:20:35.255 [] WARN  SnakesGame - [ACK-MGR] ⟳ Retransmitting seq=49 to /198.18.0.1:9190 (retry 2/5)
2025-12-23 14:20:35.369 [pool-2-thread-2] WARN  SnakesGame - Master timed out, but deputy is unknown (no state yet?)
2025-12-23 14:20:35.598 [pool-2-thread-2] WARN  SnakesGame - Master timed out, but deputy is unknown (no state yet?)
2025-12-23 14:20:35.764 [] INFO  SnakesGame - [UDP-SEND] 8 bytes to /198.18.0.1:9190 (local port: 64506)
2025-12-23 14:20:35.764 [] WARN  SnakesGame - [ACK-MGR] ⟳ Retransmitting seq=48 to /198.18.0.1:9190 (retry 5/5)
2025-12-23 14:20:35.764 [] INFO  SnakesGame - [UDP-SEND] 8 bytes to /198.18.0.1:9190 (local port: 64506)
2025-12-23 14:20:35.764 [] WARN  SnakesGame - [ACK-MGR] ⟳ Retransmitting seq=49 to /198.18.0.1:9190 (retry 3/5)
2025-12-23 14:20:35.764 [] INFO  SnakesGame - [UDP-SEND] 8 bytes to /198.18.0.1:9190 (local port: 64506)
2025-12-23 14:20:35.764 [] WARN  SnakesGame - [ACK-MGR] ⟳ Retransmitting seq=50 to /198.18.0.1:9190 (retry 1/5)
2025-12-23 14:20:35.768 [pool-2-thread-2] WARN  SnakesGame - Master timed out, but deputy is unknown (no state yet?)
2025-12-23 14:20:35.976 [pool-2-thread-2] WARN  SnakesGame - Master timed out, but deputy is unknown (no state yet?)
2025-12-23 14:20:36.015 [] ERROR SnakesGame - [ACK-MGR] ✗ Message seq=48 to /198.18.0.1:9190 FAILED after 5 retries
2025-12-23 14:20:36.167 [pool-2-thread-2] WARN  SnakesGame - Master timed out, but deputy is unknown (no state yet?)
2025-12-23 14:20:36.168 [pool-2-thread-1] INFO  SnakesGame - [UDP-SEND] 8 bytes to /198.18.0.1:9190 (local port: 64506)
2025-12-23 14:20:36.168 [pool-2-thread-1] INFO  SnakesGame - [ACK-MGR] Sent message seq=51 to /198.18.0.1:9190, waiting for ACK
2025-12-23 14:20:36.259 [pool-2-thread-3] INFO  SnakesGame - Sent multicast announcement to 239.192.0.4:9192 (50 bytes)
2025-12-23 14:20:36.269 [] INFO  SnakesGame - [UDP-SEND] 8 bytes to /198.18.0.1:9190 (local port: 64506)
2025-12-23 14:20:36.270 [] WARN  SnakesGame - [ACK-MGR] ⟳ Retransmitting seq=49 to /198.18.0.1:9190 (retry 4/5)
2025-12-23 14:20:36.270 [] INFO  SnakesGame - [UDP-SEND] 8 bytes to /198.18.0.1:9190 (local port: 64506)
2025-12-23 14:20:36.270 [] WARN  SnakesGame - [ACK-MGR] ⟳ Retransmitting seq=50 to /198.18.0.1:9190 (retry 2/5)
2025-12-23 14:20:36.369 [pool-2-thread-2] WARN  SnakesGame - Master timed out, but deputy is unknown (no state yet?)
2025-12-23 14:20:36.566 [pool-2-thread-2] WARN  SnakesGame - Master timed out, but deputy is unknown (no state yet?)
2025-12-23 14:20:36.768 [pool-2-thread-2] WARN  SnakesGame - Master timed out, but deputy is unknown (no state yet?)
2025-12-23 14:20:36.787 [] INFO  SnakesGame - [UDP-SEND] 8 bytes to /198.18.0.1:9190 (local port: 64506)
2025-12-23 14:20:36.788 [] WARN  SnakesGame - [ACK-MGR] ⟳ Retransmitting seq=49 to /198.18.0.1:9190 (retry 5/5)
2025-12-23 14:20:36.788 [] INFO  SnakesGame - [UDP-SEND] 8 bytes to /198.18.0.1:9190 (local port: 64506)
2025-12-23 14:20:36.788 [] WARN  SnakesGame - [ACK-MGR] ⟳ Retransmitting seq=50 to /198.18.0.1:9190 (retry 3/5)
2025-12-23 14:20:36.791 [] INFO  SnakesGame - [UDP-SEND] 8 bytes to /198.18.0.1:9190 (local port: 64506)
2025-12-23 14:20:36.791 [] WARN  SnakesGame - [ACK-MGR] ⟳ Retransmitting seq=51 to /198.18.0.1:9190 (retry 1/5)
2025-12-23 14:20:36.965 [pool-2-thread-2] WARN  SnakesGame - Master timed out, but deputy is unknown (no state yet?)
2025-12-23 14:20:37.049 [] ERROR SnakesGame - [ACK-MGR] ✗ Message seq=49 to /198.18.0.1:9190 FAILED after 5 retries
2025-12-23 14:20:37.168 [pool-2-thread-1] WARN  SnakesGame - Master timed out, but deputy is unknown (no state yet?)
2025-12-23 14:20:37.169 [pool-2-thread-2] INFO  SnakesGame - [UDP-SEND] 8 bytes to /198.18.0.1:9190 (local port: 64506)
2025-12-23 14:20:37.170 [pool-2-thread-2] INFO  SnakesGame - [ACK-MGR] Sent message seq=52 to /198.18.0.1:9190, waiting for ACK
2025-12-23 14:20:37.257 [pool-2-thread-2] INFO  SnakesGame - Sent multicast announcement to 239.192.0.4:9192 (50 bytes)
2025-12-23 14:20:37.307 [] INFO  SnakesGame - [UDP-SEND] 8 bytes to /198.18.0.1:9190 (local port: 64506)
2025-12-23 14:20:37.308 [] WARN  SnakesGame - [ACK-MGR] ⟳ Retransmitting seq=50 to /198.18.0.1:9190 (retry 4/5)
2025-12-23 14:20:37.308 [] INFO  SnakesGame - [UDP-SEND] 8 bytes to /198.18.0.1:9190 (local port: 64506)
2025-12-23 14:20:37.308 [] WARN  SnakesGame - [ACK-MGR] ⟳ Retransmitting seq=51 to /198.18.0.1:9190 (retry 2/5)
2025-12-23 14:20:37.368 [pool-2-thread-1] WARN  SnakesGame - Master timed out, but deputy is unknown (no state yet?)
2025-12-23 14:20:37.569 [pool-2-thread-1] WARN  SnakesGame - Master timed out, but deputy is unknown (no state yet?)
2025-12-23 14:20:37.767 [pool-2-thread-1] WARN  SnakesGame - Master timed out, but deputy is unknown (no state yet?)
2025-12-23 14:20:37.819 [] INFO  SnakesGame - [UDP-SEND] 8 bytes to /198.18.0.1:9190 (local port: 64506)
2025-12-23 14:20:37.819 [] WARN  SnakesGame - [ACK-MGR] ⟳ Retransmitting seq=50 to /198.18.0.1:9190 (retry 5/5)
2025-12-23 14:20:37.820 [] INFO  SnakesGame - [UDP-SEND] 8 bytes to /198.18.0.1:9190 (local port: 64506)
2025-12-23 14:20:37.820 [] WARN  SnakesGame - [ACK-MGR] ⟳ Retransmitting seq=51 to /198.18.0.1:9190 (retry 3/5)
2025-12-23 14:20:37.820 [] INFO  SnakesGame - [UDP-SEND] 8 bytes to /198.18.0.1:9190 (local port: 64506)
2025-12-23 14:20:37.820 [] WARN  SnakesGame - [ACK-MGR] ⟳ Retransmitting seq=52 to /198.18.0.1:9190 (retry 1/5)
2025-12-23 14:20:37.968 [pool-2-thread-1] WARN  SnakesGame - Master timed out, but deputy is unknown (no state yet?)
2025-12-23 14:20:38.075 [] ERROR SnakesGame - [ACK-MGR] ✗ Message seq=50 to /198.18.0.1:9190 FAILED after 5 retries
2025-12-23 14:20:38.168 [pool-2-thread-1] WARN  SnakesGame - Master timed out, but deputy is unknown (no state yet?)
2025-12-23 14:20:38.168 [pool-2-thread-2] INFO  SnakesGame - [UDP-SEND] 8 bytes to /198.18.0.1:9190 (local port: 64506)
2025-12-23 14:20:38.168 [pool-2-thread-2] INFO  SnakesGame - [ACK-MGR] Sent message seq=53 to /198.18.0.1:9190, waiting for ACK
2025-12-23 14:20:38.257 [pool-2-thread-3] INFO  SnakesGame - Sent multicast announcement to 239.192.0.4:9192 (50 bytes)
2025-12-23 14:20:38.326 [] INFO  SnakesGame - [UDP-SEND] 8 bytes to /198.18.0.1:9190 (local port: 64506)
2025-12-23 14:20:38.327 [] WARN  SnakesGame - [ACK-MGR] ⟳ Retransmitting seq=51 to /198.18.0.1:9190 (retry 4/5)
2025-12-23 14:20:38.327 [] INFO  SnakesGame - [UDP-SEND] 8 bytes to /198.18.0.1:9190 (local port: 64506)
2025-12-23 14:20:38.327 [] WARN  SnakesGame - [ACK-MGR] ⟳ Retransmitting seq=52 to /198.18.0.1:9190 (retry 2/5)
2025-12-23 14:20:38.368 [pool-2-thread-1] WARN  SnakesGame - Master timed out, but deputy is unknown (no state yet?)
2025-12-23 14:20:38.568 [pool-2-thread-1] WARN  SnakesGame - Master timed out, but deputy is unknown (no state yet?)
2025-12-23 14:20:38.767 [pool-2-thread-1] WARN  SnakesGame - Master timed out, but deputy is unknown (no state yet?)
2025-12-23 14:20:38.831 [] INFO  SnakesGame - [UDP-SEND] 8 bytes to /198.18.0.1:9190 (local port: 64506)
2025-12-23 14:20:38.832 [] WARN  SnakesGame - [ACK-MGR] ⟳ Retransmitting seq=51 to /198.18.0.1:9190 (retry 5/5)
2025-12-23 14:20:38.832 [] INFO  SnakesGame - [UDP-SEND] 8 bytes to /198.18.0.1:9190 (local port: 64506)
2025-12-23 14:20:38.832 [] WARN  SnakesGame - [ACK-MGR] ⟳ Retransmitting seq=52 to /198.18.0.1:9190 (retry 3/5)
2025-12-23 14:20:38.832 [] INFO  SnakesGame - [UDP-SEND] 8 bytes to /198.18.0.1:9190 (local port: 64506)
2025-12-23 14:20:38.833 [] WARN  SnakesGame - [ACK-MGR] ⟳ Retransmitting seq=53 to /198.18.0.1:9190 (retry 1/5)
2025-12-23 14:20:38.967 [pool-2-thread-1] WARN  SnakesGame - Master timed out, but deputy is unknown (no state yet?)
2025-12-23 14:20:39.085 [] ERROR SnakesGame - [ACK-MGR] ✗ Message seq=51 to /198.18.0.1:9190 FAILED after 5 retries
2025-12-23 14:20:39.169 [pool-2-thread-2] INFO  SnakesGame - [UDP-SEND] 8 bytes to /198.18.0.1:9190 (local port: 64506)
2025-12-23 14:20:39.171 [pool-2-thread-1] WARN  SnakesGame - Master timed out, but deputy is unknown (no state yet?)
2025-12-23 14:20:39.171 [pool-2-thread-2] INFO  SnakesGame - [ACK-MGR] Sent message seq=54 to /198.18.0.1:9190, waiting for ACK
2025-12-23 14:20:39.256 [pool-2-thread-3] INFO  SnakesGame - Sent multicast announcement to 239.192.0.4:9192 (50 bytes)
2025-12-23 14:20:39.336 [] INFO  SnakesGame - [UDP-SEND] 8 bytes to /198.18.0.1:9190 (local port: 64506)
2025-12-23 14:20:39.336 [] WARN  SnakesGame - [ACK-MGR] ⟳ Retransmitting seq=52 to /198.18.0.1:9190 (retry 4/5)
2025-12-23 14:20:39.336 [] INFO  SnakesGame - [UDP-SEND] 8 bytes to /198.18.0.1:9190 (local port: 64506)
2025-12-23 14:20:39.336 [] WARN  SnakesGame - [ACK-MGR] ⟳ Retransmitting seq=53 to /198.18.0.1:9190 (retry 2/5)
2025-12-23 14:20:39.368 [pool-2-thread-1] WARN  SnakesGame - Master timed out, but deputy is unknown (no state yet?)
2025-12-23 14:20:39.567 [pool-2-thread-1] WARN  SnakesGame - Master timed out, but deputy is unknown (no state yet?)
2025-12-23 14:20:39.767 [pool-2-thread-1] WARN  SnakesGame - Master timed out, but deputy is unknown (no state yet?)
2025-12-23 14:20:39.844 [] INFO  SnakesGame - [UDP-SEND] 8 bytes to /198.18.0.1:9190 (local port: 64506)
2025-12-23 14:20:39.845 [] WARN  SnakesGame - [ACK-MGR] ⟳ Retransmitting seq=52 to /198.18.0.1:9190 (retry 5/5)
2025-12-23 14:20:39.846 [] INFO  SnakesGame - [UDP-SEND] 8 bytes to /198.18.0.1:9190 (local port: 64506)
2025-12-23 14:20:39.846 [] WARN  SnakesGame - [ACK-MGR] ⟳ Retransmitting seq=53 to /198.18.0.1:9190 (retry 3/5)
2025-12-23 14:20:39.846 [] INFO  SnakesGame - [UDP-SEND] 8 bytes to /198.18.0.1:9190 (local port: 64506)
2025-12-23 14:20:39.846 [] WARN  SnakesGame - [ACK-MGR] ⟳ Retransmitting seq=54 to /198.18.0.1:9190 (retry 1/5)
2025-12-23 14:20:39.968 [pool-2-thread-1] WARN  SnakesGame - Master timed out, but deputy is unknown (no state yet?)
2025-12-23 14:20:40.100 [] ERROR SnakesGame - [ACK-MGR] ✗ Message seq=52 to /198.18.0.1:9190 FAILED after 5 retries
2025-12-23 14:20:40.165 [pool-2-thread-1] WARN  SnakesGame - Master timed out, but deputy is unknown (no state yet?)
2025-12-23 14:20:40.165 [pool-2-thread-2] INFO  SnakesGame - [UDP-SEND] 8 bytes to /198.18.0.1:9190 (local port: 64506)
2025-12-23 14:20:40.165 [pool-2-thread-2] INFO  SnakesGame - [ACK-MGR] Sent message seq=55 to /198.18.0.1:9190, waiting for ACK
2025-12-23 14:20:40.258 [pool-2-thread-1] INFO  SnakesGame - Sent multicast announcement to 239.192.0.4:9192 (50 bytes)
2025-12-23 14:20:40.360 [] INFO  SnakesGame - [UDP-SEND] 8 bytes to /198.18.0.1:9190 (local port: 64506)
2025-12-23 14:20:40.360 [] WARN  SnakesGame - [ACK-MGR] ⟳ Retransmitting seq=53 to /198.18.0.1:9190 (retry 4/5)
2025-12-23 14:20:40.360 [] INFO  SnakesGame - [UDP-SEND] 8 bytes to /198.18.0.1:9190 (local port: 64506)
2025-12-23 14:20:40.360 [] WARN  SnakesGame - [ACK-MGR] ⟳ Retransmitting seq=54 to /198.18.0.1:9190 (retry 2/5)
2025-12-23 14:20:40.368 [pool-2-thread-1] WARN  SnakesGame - Master timed out, but deputy is unknown (no state yet?)
2025-12-23 14:20:40.568 [pool-2-thread-1] WARN  SnakesGame - Master timed out, but deputy is unknown (no state yet?)
2025-12-23 14:20:40.768 [pool-2-thread-1] WARN  SnakesGame - Master timed out, but deputy is unknown (no state yet?)
2025-12-23 14:20:40.865 [] INFO  SnakesGame - [UDP-SEND] 8 bytes to /198.18.0.1:9190 (local port: 64506)
2025-12-23 14:20:40.865 [] WARN  SnakesGame - [ACK-MGR] ⟳ Retransmitting seq=53 to /198.18.0.1:9190 (retry 5/5)
2025-12-23 14:20:40.866 [] INFO  SnakesGame - [UDP-SEND] 8 bytes to /198.18.0.1:9190 (local port: 64506)
2025-12-23 14:20:40.866 [] WARN  SnakesGame - [ACK-MGR] ⟳ Retransmitting seq=54 to /198.18.0.1:9190 (retry 3/5)
2025-12-23 14:20:40.866 [] INFO  SnakesGame - [UDP-SEND] 8 bytes to /198.18.0.1:9190 (local port: 64506)
2025-12-23 14:20:40.866 [] WARN  SnakesGame - [ACK-MGR] ⟳ Retransmitting seq=55 to /198.18.0.1:9190 (retry 1/5)
2025-12-23 14:20:40.969 [pool-2-thread-1] WARN  SnakesGame - Master timed out, but deputy is unknown (no state yet?)
2025-12-23 14:20:41.118 [] ERROR SnakesGame - [ACK-MGR] ✗ Message seq=53 to /198.18.0.1:9190 FAILED after 5 retries
2025-12-23 14:20:41.168 [pool-2-thread-2] WARN  SnakesGame - Master timed out, but deputy is unknown (no state yet?)
2025-12-23 14:20:41.170 [pool-2-thread-1] INFO  SnakesGame - [UDP-SEND] 8 bytes to /198.18.0.1:9190 (local port: 64506)
2025-12-23 14:20:41.170 [pool-2-thread-1] INFO  SnakesGame - [ACK-MGR] Sent message seq=56 to /198.18.0.1:9190, waiting for ACK
2025-12-23 14:20:41.258 [pool-2-thread-2] INFO  SnakesGame - Sent multicast announcement to 239.192.0.4:9192 (50 bytes)
2025-12-23 14:20:41.366 [pool-2-thread-2] WARN  SnakesGame - Master timed out, but deputy is unknown (no state yet?)
2025-12-23 14:20:41.372 [] INFO  SnakesGame - [UDP-SEND] 8 bytes to /198.18.0.1:9190 (local port: 64506)
2025-12-23 14:20:41.372 [] WARN  SnakesGame - [ACK-MGR] ⟳ Retransmitting seq=54 to /198.18.0.1:9190 (retry 4/5)
2025-12-23 14:20:41.372 [] INFO  SnakesGame - [UDP-SEND] 8 bytes to /198.18.0.1:9190 (local port: 64506)
2025-12-23 14:20:41.372 [] WARN  SnakesGame - [ACK-MGR] ⟳ Retransmitting seq=55 to /198.18.0.1:9190 (retry 2/5)
2025-12-23 14:20:41.571 [pool-2-thread-2] WARN  SnakesGame - Master timed out, but deputy is unknown (no state yet?)
2025-12-23 14:20:41.768 [pool-2-thread-2] WARN  SnakesGame - Master timed out, but deputy is unknown (no state yet?)
2025-12-23 14:20:41.879 [] INFO  SnakesGame - [UDP-SEND] 8 bytes to /198.18.0.1:9190 (local port: 64506)
2025-12-23 14:20:41.880 [] WARN  SnakesGame - [ACK-MGR] ⟳ Retransmitting seq=54 to /198.18.0.1:9190 (retry 5/5)
2025-12-23 14:20:41.882 [] INFO  SnakesGame - [UDP-SEND] 8 bytes to /198.18.0.1:9190 (local port: 64506)
2025-12-23 14:20:41.882 [] WARN  SnakesGame - [ACK-MGR] ⟳ Retransmitting seq=55 to /198.18.0.1:9190 (retry 3/5)
2025-12-23 14:20:41.883 [] INFO  SnakesGame - [UDP-SEND] 8 bytes to /198.18.0.1:9190 (local port: 64506)
2025-12-23 14:20:41.883 [] WARN  SnakesGame - [ACK-MGR] ⟳ Retransmitting seq=56 to /198.18.0.1:9190 (retry 1/5)
2025-12-23 14:20:41.964 [pool-2-thread-2] WARN  SnakesGame - Master timed out, but deputy is unknown (no state yet?)
2025-12-23 14:20:42.134 [] ERROR SnakesGame - [ACK-MGR] ✗ Message seq=54 to /198.18.0.1:9190 FAILED after 5 retries
2025-12-23 14:20:42.169 [pool-2-thread-2] WARN  SnakesGame - Master timed out, but deputy is unknown (no state yet?)
2025-12-23 14:20:42.169 [pool-2-thread-1] INFO  SnakesGame - [UDP-SEND] 8 bytes to /198.18.0.1:9190 (local port: 64506)
2025-12-23 14:20:42.169 [pool-2-thread-1] INFO  SnakesGame - [ACK-MGR] Sent message seq=57 to /198.18.0.1:9190, waiting for ACK
2025-12-23 14:20:42.253 [pool-2-thread-2] INFO  SnakesGame - Sent multicast announcement to 239.192.0.4:9192 (51 bytes)
2025-12-23 14:20:42.367 [pool-2-thread-2] WARN  SnakesGame - Master timed out, but deputy is unknown (no state yet?)
2025-12-23 14:20:42.388 [] INFO  SnakesGame - [UDP-SEND] 8 bytes to /198.18.0.1:9190 (local port: 64506)
2025-12-23 14:20:42.389 [] WARN  SnakesGame - [ACK-MGR] ⟳ Retransmitting seq=55 to /198.18.0.1:9190 (retry 4/5)
2025-12-23 14:20:42.389 [] INFO  SnakesGame - [UDP-SEND] 8 bytes to /198.18.0.1:9190 (local port: 64506)
2025-12-23 14:20:42.389 [] WARN  SnakesGame - [ACK-MGR] ⟳ Retransmitting seq=56 to /198.18.0.1:9190 (retry 2/5)
2025-12-23 14:20:42.568 [pool-2-thread-2] WARN  SnakesGame - Master timed out, but deputy is unknown (no state yet?)
2025-12-23 14:20:42.769 [pool-2-thread-2] WARN  SnakesGame - Master timed out, but deputy is unknown (no state yet?)
2025-12-23 14:20:42.898 [] INFO  SnakesGame - [UDP-SEND] 8 bytes to /198.18.0.1:9190 (local port: 64506)
2025-12-23 14:20:42.899 [] WARN  SnakesGame - [ACK-MGR] ⟳ Retransmitting seq=55 to /198.18.0.1:9190 (retry 5/5)
2025-12-23 14:20:42.899 [] INFO  SnakesGame - [UDP-SEND] 8 bytes to /198.18.0.1:9190 (local port: 64506)
2025-12-23 14:20:42.899 [] WARN  SnakesGame - [ACK-MGR] ⟳ Retransmitting seq=56 to /198.18.0.1:9190 (retry 3/5)
2025-12-23 14:20:42.899 [] INFO  SnakesGame - [UDP-SEND] 8 bytes to /198.18.0.1:9190 (local port: 64506)
2025-12-23 14:20:42.899 [] WARN  SnakesGame - [ACK-MGR] ⟳ Retransmitting seq=57 to /198.18.0.1:9190 (retry 1/5)
2025-12-23 14:20:42.971 [pool-2-thread-2] WARN  SnakesGame - Master timed out, but deputy is unknown (no state yet?)
2025-12-23 14:20:43.151 [] ERROR SnakesGame - [ACK-MGR] ✗ Message seq=55 to /198.18.0.1:9190 FAILED after 5 retries
2025-12-23 14:20:43.170 [pool-2-thread-1] WARN  SnakesGame - Master timed out, but deputy is unknown (no state yet?)
2025-12-23 14:20:43.172 [pool-2-thread-2] INFO  SnakesGame - [UDP-SEND] 8 bytes to /198.18.0.1:9190 (local port: 64506)
2025-12-23 14:20:43.173 [pool-2-thread-2] INFO  SnakesGame - [ACK-MGR] Sent message seq=58 to /198.18.0.1:9190, waiting for ACK
2025-12-23 14:20:43.257 [pool-2-thread-3] INFO  SnakesGame - Sent multicast announcement to 239.192.0.4:9192 (51 bytes)
2025-12-23 14:20:43.368 [pool-2-thread-1] WARN  SnakesGame - Master timed out, but deputy is unknown (no state yet?)
2025-12-23 14:20:43.408 [] INFO  SnakesGame - [UDP-SEND] 8 bytes to /198.18.0.1:9190 (local port: 64506)
2025-12-23 14:20:43.408 [] WARN  SnakesGame - [ACK-MGR] ⟳ Retransmitting seq=56 to /198.18.0.1:9190 (retry 4/5)
2025-12-23 14:20:43.409 [] INFO  SnakesGame - [UDP-SEND] 8 bytes to /198.18.0.1:9190 (local port: 64506)
2025-12-23 14:20:43.409 [] WARN  SnakesGame - [ACK-MGR] ⟳ Retransmitting seq=57 to /198.18.0.1:9190 (retry 2/5)
2025-12-23 14:20:43.567 [pool-2-thread-1] WARN  SnakesGame - Master timed out, but deputy is unknown (no state yet?)
2025-12-23 14:20:43.770 [pool-2-thread-1] WARN  SnakesGame - Master timed out, but deputy is unknown (no state yet?)
2025-12-23 14:20:43.842 [JavaFX Application Thread] INFO  SnakesGame - Leaving game
2025-12-23 14:20:43.843 [JavaFX Application Thread] INFO  SnakesGame - [UDP-SEND] 10 bytes to /198.18.0.1:9190 (local port: 64506)
2025-12-23 14:20:43.843 [JavaFX Application Thread] INFO  SnakesGame - [ACK-MGR] Sent message seq=59 to /198.18.0.1:9190, waiting for ACK
2025-12-23 14:20:43.843 [JavaFX Application Thread] INFO  SnakesGame - NORMAL node stopped
2025-12-23 14:20:43.844 [JavaFX Application Thread] INFO  SnakesGame - UDP Transport stopped
2025-12-23 14:20:43.844 [JavaFX Application Thread] INFO  SnakesGame - Found suitable interface: en0 with IPv4: 10.9.34.254
2025-12-23 14:20:43.844 [JavaFX Application Thread] INFO  SnakesGame - Multicast discovery stopped
2025-12-23 14:20:43.844 [] INFO  SnakesGame - Multicast listen loop stopped
2025-12-23 14:20:43.844 [JavaFX Application Thread] INFO  SnakesGame - NetworkManager stopped
2025-12-23 14:20:43.844 [JavaFX Application Thread] INFO  SnakesGame - Left game successfully
2025-12-23 14:20:43.844 [JavaFX Application Thread] INFO  SnakesGame - Exiting to main menu
2025-12-23 14:20:44.255 [pool-2-thread-2] INFO  SnakesGame - Sent multicast announcement to 239.192.0.4:9192 (51 bytes)
2025-12-23 14:20:45.256 [pool-2-thread-2] INFO  SnakesGame - Sent multicast announcement to 239.192.0.4:9192 (51 bytes)
2025-12-23 14:20:45.545 [JavaFX Application Thread] INFO  SnakesGame - Opening Lobby
2025-12-23 14:20:45.554 [JavaFX Application Thread] INFO  SnakesGame - Looking for suitable multicast interface...
2025-12-23 14:20:45.555 [JavaFX Application Thread] INFO  SnakesGame - Found suitable interface: en0 with IPv4: 10.9.34.254
2025-12-23 14:20:45.555 [JavaFX Application Thread] INFO  SnakesGame - Joined multicast group using interface: en0 (en0)
2025-12-23 14:20:45.555 [JavaFX Application Thread] INFO  SnakesGame - Set multicast send interface to: en0 (en0)
2025-12-23 14:20:45.555 [JavaFX Application Thread] INFO  SnakesGame - Multicast discovery started on 239.192.0.4:9192
2025-12-23 14:20:45.555 [JavaFX Application Thread] INFO  SnakesGame - Discovery service started
2025-12-23 14:20:45.555 [JavaFX Application Thread] INFO  SnakesGame - Discovery started in lobby
2025-12-23 14:20:45.555 [] INFO  SnakesGame - Multicast listen loop started
2025-12-23 14:20:46.253 [pool-2-thread-1] INFO  SnakesGame - Sent multicast announcement to 239.192.0.4:9192 (51 bytes)
2025-12-23 14:20:46.253 [] INFO  SnakesGame - Discovered new game: 1 at /10.9.34.254:9190
2025-12-23 14:20:46.254 [] INFO  SnakesGame - Discovered game: 1 from /10.9.34.254:9190
2025-12-23 14:20:46.254 [JavaFX Application Thread] INFO  SnakesGame - Game added to lobby: 1 at /10.9.34.254:9190
2025-12-23 14:20:47.255 [pool-2-thread-1] INFO  SnakesGame - Sent multicast announcement to 239.192.0.4:9192 (51 bytes)
2025-12-23 14:20:47.256 [] INFO  SnakesGame - Discovered game: 1 from /10.9.34.254:9190
2025-12-23 14:20:48.256 [pool-2-thread-1] INFO  SnakesGame - Sent multicast announcement to 239.192.0.4:9192 (51 bytes)
2025-12-23 14:20:48.257 [] INFO  SnakesGame - Discovered game: 1 from /10.9.34.254:9190
2025-12-23 14:20:49.260 [pool-2-thread-3] INFO  SnakesGame - Sent multicast announcement to 239.192.0.4:9192 (51 bytes)
2025-12-23 14:20:49.262 [] INFO  SnakesGame - Discovered game: 1 from /10.9.34.254:9190
2025-12-23 14:20:49.766 [JavaFX Application Thread] INFO  SnakesGame - Connecting to master at /10.9.34.254:9190
2025-12-23 14:20:49.767 [JavaFX Application Thread] INFO  SnakesGame - Joining game: 1
2025-12-23 14:20:49.768 [JavaFX Application Thread] INFO  SnakesGame - UDP Transport started on port 53400
2025-12-23 14:20:49.768 [JavaFX Application Thread] INFO  SnakesGame - Looking for suitable multicast interface...
2025-12-23 14:20:49.769 [JavaFX Application Thread] INFO  SnakesGame - Found suitable interface: en0 with IPv4: 10.9.34.254
2025-12-23 14:20:49.769 [JavaFX Application Thread] INFO  SnakesGame - Joined multicast group using interface: en0 (en0)
2025-12-23 14:20:49.769 [JavaFX Application Thread] INFO  SnakesGame - Set multicast send interface to: en0 (en0)
2025-12-23 14:20:49.769 [JavaFX Application Thread] INFO  SnakesGame - Multicast discovery started on 239.192.0.4:9192
2025-12-23 14:20:49.769 [] INFO  SnakesGame - Multicast listen loop started
2025-12-23 14:20:49.769 [JavaFX Application Thread] INFO  SnakesGame - NetworkManager started successfully
2025-12-23 14:20:49.770 [JavaFX Application Thread] INFO  SnakesGame - [ACK-MGR] Registered NEW peer: /10.9.34.254:9190 with playerId=0
2025-12-23 14:20:49.770 [JavaFX Application Thread] INFO  SnakesGame - NormalNode started, master at /10.9.34.254:9190
2025-12-23 14:20:49.770 [JavaFX Application Thread] INFO  SnakesGame - NORMAL node started for player йййй
2025-12-23 14:20:49.770 [JavaFX Application Thread] INFO  SnakesGame - [CLIENT-JOIN] Sending JOIN to /10.9.34.254:9190 (player: йййй, role: NORMAL, seq: 60)
2025-12-23 14:20:49.771 [JavaFX Application Thread] INFO  SnakesGame - [UDP-SEND] 23 bytes to /10.9.34.254:9190 (local port: 53400)
2025-12-23 14:20:49.771 [JavaFX Application Thread] INFO  SnakesGame - [ACK-MGR] Sent message seq=60 to /10.9.34.254:9190, waiting for ACK
2025-12-23 14:20:49.771 [JavaFX Application Thread] INFO  SnakesGame - Join request sent to master at /10.9.34.254:9190
2025-12-23 14:20:49.771 [JavaFX Application Thread] INFO  SnakesGame - Client started, waiting for role assignment
2025-12-23 14:20:49.771 [JavaFX Application Thread] INFO  SnakesGame - Joined game: 1
2025-12-23 14:20:49.771 [JavaFX Application Thread] INFO  SnakesGame - Found suitable interface: en0 with IPv4: 10.9.34.254
2025-12-23 14:20:49.772 [JavaFX Application Thread] INFO  SnakesGame - Multicast discovery stopped
2025-12-23 14:20:49.772 [JavaFX Application Thread] INFO  SnakesGame - Discovery service stopped
2025-12-23 14:20:49.772 [] INFO  SnakesGame - Multicast listen loop stopped
2025-12-23 14:20:49.772 [] INFO  SnakesGame - [UDP-RECV] 23 bytes from /10.9.34.254:53400 (local port: 9190)
2025-12-23 14:20:49.774 [] INFO  SnakesGame - [DISPATCH] JOIN seq=60 from /10.9.34.254:53400 | sender_id=0 receiver_id=none
2025-12-23 14:20:49.775 [] INFO  SnakesGame - [MASTER-JOIN] Received JOIN from /10.9.34.254:53400 (player: йййй, msg_seq=60)
2025-12-23 14:20:49.776 [] INFO  SnakesGame - [ACK-MGR] Registered NEW peer: /10.9.34.254:53400 with playerId=2
2025-12-23 14:20:49.781 [JavaFX Application Thread] INFO  SnakesGame - GameController initialized
2025-12-23 14:20:49.781 [JavaFX Application Thread] INFO  SnakesGame - GameService connected to GameController
2025-12-23 14:20:49.782 [] INFO  SnakesGame - Created snake for player 2: head=Coord[x=8, y=4], tail=Coord[x=8, y=5], direction=UP
2025-12-23 14:20:49.782 [] INFO  SnakesGame - Player йййй joined the game with snake at Coord[x=8, y=3]
2025-12-23 14:20:49.782 [] INFO  SnakesGame - Player йййй joined the game as NORMAL with ID 2
2025-12-23 14:20:49.784 [] INFO  SnakesGame - [UDP-SEND] 11 bytes to /10.9.34.254:53400 (local port: 9190)
2025-12-23 14:20:49.784 [] INFO  SnakesGame - [ACK-MGR] Sent message seq=144 to /10.9.34.254:53400, waiting for ACK
2025-12-23 14:20:49.784 [] INFO  SnakesGame - Assigned йййй as deputy
2025-12-23 14:20:49.785 [] INFO  SnakesGame - [UDP-SEND] 8 bytes to /10.9.34.254:53400 (local port: 9190)
2025-12-23 14:20:49.785 [] INFO  SnakesGame - [ACK-MGR] Sent ACK for seq=60 to /10.9.34.254:53400 (receiver_id=0)
2025-12-23 14:20:49.785 [] INFO  SnakesGame - [MASTER-JOIN] Sent ACK for JOIN seq=60 to /10.9.34.254:53400 (playerId=2)
2025-12-23 14:20:49.785 [] INFO  SnakesGame - [UDP-SEND] 11 bytes to /10.9.34.254:53400 (local port: 9190)
2025-12-23 14:20:49.785 [] INFO  SnakesGame - [ACK-MGR] Sent message seq=145 to /10.9.34.254:53400, waiting for ACK
2025-12-23 14:20:49.785 [] INFO  SnakesGame - [MASTER-JOIN] Sent RoleChange to /10.9.34.254:53400: role=NORMAL, id=2, seq=145
2025-12-23 14:20:49.785 [] INFO  SnakesGame - [UDP-RECV] 11 bytes from /10.9.34.254:9190 (local port: 53400)
2025-12-23 14:20:49.785 [] INFO  SnakesGame - [MASTER-JOIN] Sent RoleChange to /10.9.34.254:53400: role=NORMAL, id=2, seq=145
2025-12-23 14:20:49.785 [] INFO  SnakesGame - [UDP-RECV] 8 bytes from /10.9.34.254:9190 (local port: 53400)
2025-12-23 14:20:49.785 [] INFO  SnakesGame - [UDP-RECV] 11 bytes from /10.9.34.254:9190 (local port: 53400)
2025-12-23 14:20:49.785 [] INFO  SnakesGame - [DISPATCH] ROLE_CHANGE seq=144 from /10.9.34.254:9190 | sender_id=1 receiver_id=2
2025-12-23 14:20:49.785 [] INFO  SnakesGame - Assigned playerId 2 (was 0)
2025-12-23 14:20:49.786 [] INFO  SnakesGame - Role changed from NORMAL to DEPUTY
2025-12-23 14:20:49.786 [] INFO  SnakesGame - Promoted to DEPUTY, notifying GameService to switch node
2025-12-23 14:20:49.786 [] INFO  SnakesGame - Switching node from DEPUTY to DEPUTY
2025-12-23 14:20:49.786 [] INFO  SnakesGame - DEPUTY node stopped
2025-12-23 14:20:49.787 [] INFO  SnakesGame - DeputyNode.onStart() called
2025-12-23 14:20:49.787 [] INFO  SnakesGame - Ping task started
2025-12-23 14:20:49.787 [] INFO  SnakesGame - startMasterTimeoutChecker: timeoutMs=3000, checkInterval=200ms
2025-12-23 14:20:49.788 [] INFO  SnakesGame - Master timeout checker started
2025-12-23 14:20:49.788 [] INFO  SnakesGame - DeputyNode started, monitoring master at /10.9.34.254:9190
2025-12-23 14:20:49.788 [] INFO  SnakesGame - DEPUTY node started for player йййй
2025-12-23 14:20:49.788 [] INFO  SnakesGame - Node switched successfully to DEPUTY
2025-12-23 14:20:49.789 [] INFO  SnakesGame - [UDP-SEND] 9 bytes to /10.9.34.254:9190 (local port: 53400)
2025-12-23 14:20:49.789 [] INFO  SnakesGame - [ACK-MGR] Sent ACK for seq=144 to /10.9.34.254:9190 (receiver_id=1)
2025-12-23 14:20:49.789 [] INFO  SnakesGame - [DISPATCH] ACK seq=60 from /10.9.34.254:9190 | sender_id=1 receiver_id=0
2025-12-23 14:20:49.789 [] INFO  SnakesGame - [ACK-MGR] ✓ Received ACK for seq=60 from /10.9.34.254:9190
2025-12-23 14:20:49.789 [] INFO  SnakesGame - [DISPATCH] ROLE_CHANGE seq=145 from /10.9.34.254:9190 | sender_id=1 receiver_id=2
2025-12-23 14:20:49.789 [] INFO  SnakesGame - [UDP-SEND] 9 bytes to /10.9.34.254:9190 (local port: 53400)
2025-12-23 14:20:49.789 [] INFO  SnakesGame - [ACK-MGR] Sent ACK for seq=145 to /10.9.34.254:9190 (receiver_id=1)
2025-12-23 14:20:49.789 [] INFO  SnakesGame - [UDP-RECV] 9 bytes from /10.9.34.254:53400 (local port: 9190)
2025-12-23 14:20:49.789 [] INFO  SnakesGame - [DISPATCH] ACK seq=144 from /10.9.34.254:53400 | sender_id=2 receiver_id=1
2025-12-23 14:20:49.789 [] INFO  SnakesGame - [UDP-RECV] 9 bytes from /10.9.34.254:53400 (local port: 9190)
2025-12-23 14:20:49.789 [] INFO  SnakesGame - [ACK-MGR] ✓ Received ACK for seq=144 from /10.9.34.254:53400
2025-12-23 14:20:49.789 [] INFO  SnakesGame - [DISPATCH] ACK seq=145 from /10.9.34.254:53400 | sender_id=2 receiver_id=1
2025-12-23 14:20:49.789 [] INFO  SnakesGame - [ACK-MGR] ✓ Received ACK for seq=145 from /10.9.34.254:53400
2025-12-23 14:20:50.255 [pool-2-thread-2] INFO  SnakesGame - [UDP-SEND] 121 bytes to /10.9.34.254:53400 (local port: 9190)
2025-12-23 14:20:50.255 [pool-2-thread-3] INFO  SnakesGame - Sent multicast announcement to 239.192.0.4:9192 (88 bytes)
2025-12-23 14:20:50.255 [pool-2-thread-2] INFO  SnakesGame - [ACK-MGR] Sent message seq=146 to /10.9.34.254:53400, waiting for ACK
2025-12-23 14:20:50.255 [] INFO  SnakesGame - [UDP-RECV] 121 bytes from /10.9.34.254:9190 (local port: 53400)
2025-12-23 14:20:50.255 [] INFO  SnakesGame - Discovered game: 1 from /10.9.34.254:9190
2025-12-23 14:20:50.264 [] INFO  SnakesGame - [DISPATCH] STATE seq=146 from /10.9.34.254:9190 | sender_id=1 receiver_id=none
2025-12-23 14:20:50.265 [] INFO  SnakesGame - [UDP-SEND] 9 bytes to /10.9.34.254:9190 (local port: 53400)
2025-12-23 14:20:50.266 [] INFO  SnakesGame - [ACK-MGR] Sent ACK for seq=146 to /10.9.34.254:9190 (receiver_id=1)
2025-12-23 14:20:50.266 [] INFO  SnakesGame - [UDP-RECV] 9 bytes from /10.9.34.254:53400 (local port: 9190)
2025-12-23 14:20:50.266 [] INFO  SnakesGame - [DISPATCH] ACK seq=146 from /10.9.34.254:53400 | sender_id=2 receiver_id=1
2025-12-23 14:20:50.266 [] INFO  SnakesGame - [ACK-MGR] ✓ Received ACK for seq=146 from /10.9.34.254:53400
2025-12-23 14:20:50.794 [pool-4-thread-1] INFO  SnakesGame - [UDP-SEND] 8 bytes to /10.9.34.254:9190 (local port: 53400)
2025-12-23 14:20:50.794 [pool-4-thread-1] INFO  SnakesGame - [ACK-MGR] Sent message seq=61 to /10.9.34.254:9190, waiting for ACK
2025-12-23 14:20:50.794 [] INFO  SnakesGame - [UDP-RECV] 8 bytes from /10.9.34.254:53400 (local port: 9190)
2025-12-23 14:20:50.797 [] INFO  SnakesGame - [DISPATCH] PING seq=61 from /10.9.34.254:53400 | sender_id=2 receiver_id=0
2025-12-23 14:20:50.798 [] INFO  SnakesGame - [UDP-SEND] 8 bytes to /10.9.34.254:53400 (local port: 9190)
2025-12-23 14:20:50.798 [] INFO  SnakesGame - [ACK-MGR] Sent ACK for seq=61 to /10.9.34.254:53400 (receiver_id=2)
2025-12-23 14:20:50.798 [] INFO  SnakesGame - [UDP-RECV] 8 bytes from /10.9.34.254:9190 (local port: 53400)
2025-12-23 14:20:50.798 [] INFO  SnakesGame - [DISPATCH] ACK seq=61 from /10.9.34.254:9190 | sender_id=1 receiver_id=2
2025-12-23 14:20:50.799 [] INFO  SnakesGame - [ACK-MGR] ✓ Received ACK for seq=61 from /10.9.34.254:9190
2025-12-23 14:20:51.257 [pool-2-thread-2] INFO  SnakesGame - Sent multicast announcement to 239.192.0.4:9192 (88 bytes)
2025-12-23 14:20:51.257 [pool-2-thread-3] INFO  SnakesGame - [UDP-SEND] 121 bytes to /10.9.34.254:53400 (local port: 9190)
2025-12-23 14:20:51.257 [pool-2-thread-3] INFO  SnakesGame - [ACK-MGR] Sent message seq=148 to /10.9.34.254:53400, waiting for ACK
2025-12-23 14:20:51.257 [] INFO  SnakesGame - [UDP-RECV] 121 bytes from /10.9.34.254:9190 (local port: 53400)
2025-12-23 14:20:51.257 [] INFO  SnakesGame - Discovered game: 1 from /10.9.34.254:9190
2025-12-23 14:20:51.259 [] INFO  SnakesGame - [DISPATCH] STATE seq=148 from /10.9.34.254:9190 | sender_id=1 receiver_id=none
2025-12-23 14:20:51.260 [] INFO  SnakesGame - [UDP-SEND] 9 bytes to /10.9.34.254:9190 (local port: 53400)
2025-12-23 14:20:51.260 [] INFO  SnakesGame - [ACK-MGR] Sent ACK for seq=148 to /10.9.34.254:9190 (receiver_id=1)
2025-12-23 14:20:51.260 [] INFO  SnakesGame - [UDP-RECV] 9 bytes from /10.9.34.254:53400 (local port: 9190)
2025-12-23 14:20:51.260 [] INFO  SnakesGame - [DISPATCH] ACK seq=148 from /10.9.34.254:53400 | sender_id=2 receiver_id=1
2025-12-23 14:20:51.260 [] INFO  SnakesGame - [ACK-MGR] ✓ Received ACK for seq=148 from /10.9.34.254:53400
2025-12-23 14:20:51.793 [pool-4-thread-1] INFO  SnakesGame - [UDP-SEND] 8 bytes to /10.9.34.254:9190 (local port: 53400)
2025-12-23 14:20:51.793 [pool-4-thread-1] INFO  SnakesGame - [ACK-MGR] Sent message seq=62 to /10.9.34.254:9190, waiting for ACK
2025-12-23 14:20:51.794 [] INFO  SnakesGame - [UDP-RECV] 8 bytes from /10.9.34.254:53400 (local port: 9190)
2025-12-23 14:20:51.794 [] INFO  SnakesGame - [DISPATCH] PING seq=62 from /10.9.34.254:53400 | sender_id=2 receiver_id=0
2025-12-23 14:20:51.795 [] INFO  SnakesGame - [UDP-SEND] 8 bytes to /10.9.34.254:53400 (local port: 9190)
2025-12-23 14:20:51.795 [] INFO  SnakesGame - [ACK-MGR] Sent ACK for seq=62 to /10.9.34.254:53400 (receiver_id=2)
2025-12-23 14:20:51.796 [] INFO  SnakesGame - [UDP-RECV] 8 bytes from /10.9.34.254:9190 (local port: 53400)
2025-12-23 14:20:51.797 [] INFO  SnakesGame - [DISPATCH] ACK seq=62 from /10.9.34.254:9190 | sender_id=1 receiver_id=2
2025-12-23 14:20:51.797 [] INFO  SnakesGame - [ACK-MGR] ✓ Received ACK for seq=62 from /10.9.34.254:9190
2025-12-23 14:20:52.253 [pool-2-thread-3] INFO  SnakesGame - [UDP-SEND] 121 bytes to /10.9.34.254:53400 (local port: 9190)
2025-12-23 14:20:52.253 [pool-2-thread-2] INFO  SnakesGame - Sent multicast announcement to 239.192.0.4:9192 (88 bytes)
2025-12-23 14:20:52.253 [pool-2-thread-3] INFO  SnakesGame - [ACK-MGR] Sent message seq=150 to /10.9.34.254:53400, waiting for ACK
2025-12-23 14:20:52.253 [] INFO  SnakesGame - [UDP-RECV] 121 bytes from /10.9.34.254:9190 (local port: 53400)
2025-12-23 14:20:52.253 [] INFO  SnakesGame - Discovered game: 1 from /10.9.34.254:9190
2025-12-23 14:20:52.253 [] INFO  SnakesGame - [DISPATCH] STATE seq=150 from /10.9.34.254:9190 | sender_id=1 receiver_id=none
2025-12-23 14:20:52.254 [] INFO  SnakesGame - [UDP-SEND] 9 bytes to /10.9.34.254:9190 (local port: 53400)
2025-12-23 14:20:52.254 [] INFO  SnakesGame - [ACK-MGR] Sent ACK for seq=150 to /10.9.34.254:9190 (receiver_id=1)
2025-12-23 14:20:52.254 [] INFO  SnakesGame - [UDP-RECV] 9 bytes from /10.9.34.254:53400 (local port: 9190)
2025-12-23 14:20:52.254 [] INFO  SnakesGame - [DISPATCH] ACK seq=150 from /10.9.34.254:53400 | sender_id=2 receiver_id=1
2025-12-23 14:20:52.254 [] INFO  SnakesGame - [ACK-MGR] ✓ Received ACK for seq=150 from /10.9.34.254:53400
2025-12-23 14:20:52.797 [pool-4-thread-2] INFO  SnakesGame - [UDP-SEND] 8 bytes to /10.9.34.254:9190 (local port: 53400)
2025-12-23 14:20:52.797 [pool-4-thread-2] INFO  SnakesGame - [ACK-MGR] Sent message seq=63 to /10.9.34.254:9190, waiting for ACK
2025-12-23 14:20:52.798 [] INFO  SnakesGame - [UDP-RECV] 8 bytes from /10.9.34.254:53400 (local port: 9190)
2025-12-23 14:20:52.798 [] INFO  SnakesGame - [DISPATCH] PING seq=63 from /10.9.34.254:53400 | sender_id=2 receiver_id=0
2025-12-23 14:20:52.799 [] INFO  SnakesGame - [UDP-SEND] 8 bytes to /10.9.34.254:53400 (local port: 9190)
2025-12-23 14:20:52.799 [] INFO  SnakesGame - [ACK-MGR] Sent ACK for seq=63 to /10.9.34.254:53400 (receiver_id=2)
2025-12-23 14:20:52.799 [] INFO  SnakesGame - [UDP-RECV] 8 bytes from /10.9.34.254:9190 (local port: 53400)
2025-12-23 14:20:52.799 [] INFO  SnakesGame - [DISPATCH] ACK seq=63 from /10.9.34.254:9190 | sender_id=1 receiver_id=2
2025-12-23 14:20:52.800 [] INFO  SnakesGame - [ACK-MGR] ✓ Received ACK for seq=63 from /10.9.34.254:9190
2025-12-23 14:20:53.257 [pool-2-thread-2] INFO  SnakesGame - [UDP-SEND] 121 bytes to /10.9.34.254:53400 (local port: 9190)
2025-12-23 14:20:53.257 [pool-2-thread-3] INFO  SnakesGame - Sent multicast announcement to 239.192.0.4:9192 (88 bytes)
2025-12-23 14:20:53.257 [pool-2-thread-2] INFO  SnakesGame - [ACK-MGR] Sent message seq=152 to /10.9.34.254:53400, waiting for ACK
2025-12-23 14:20:53.257 [] INFO  SnakesGame - [UDP-RECV] 121 bytes from /10.9.34.254:9190 (local port: 53400)
2025-12-23 14:20:53.258 [] INFO  SnakesGame - Discovered game: 1 from /10.9.34.254:9190
2025-12-23 14:20:53.258 [] INFO  SnakesGame - [DISPATCH] STATE seq=152 from /10.9.34.254:9190 | sender_id=1 receiver_id=none
2025-12-23 14:20:53.258 [] INFO  SnakesGame - [UDP-SEND] 9 bytes to /10.9.34.254:9190 (local port: 53400)
2025-12-23 14:20:53.258 [] INFO  SnakesGame - [ACK-MGR] Sent ACK for seq=152 to /10.9.34.254:9190 (receiver_id=1)
2025-12-23 14:20:53.259 [] INFO  SnakesGame - [UDP-RECV] 9 bytes from /10.9.34.254:53400 (local port: 9190)
2025-12-23 14:20:53.259 [] INFO  SnakesGame - [DISPATCH] ACK seq=152 from /10.9.34.254:53400 | sender_id=2 receiver_id=1
2025-12-23 14:20:53.259 [] INFO  SnakesGame - [ACK-MGR] ✓ Received ACK for seq=152 from /10.9.34.254:53400
2025-12-23 14:20:53.794 [pool-4-thread-1] INFO  SnakesGame - [UDP-SEND] 8 bytes to /10.9.34.254:9190 (local port: 53400)
2025-12-23 14:20:53.795 [pool-4-thread-1] INFO  SnakesGame - [ACK-MGR] Sent message seq=64 to /10.9.34.254:9190, waiting for ACK
2025-12-23 14:20:53.796 [] INFO  SnakesGame - [DISPATCH] PING seq=64 from /10.9.34.254:53400 | sender_id=2 receiver_id=0
2025-12-23 14:20:53.796 [] INFO  SnakesGame - [UDP-RECV] 8 bytes from /10.9.34.254:53400 (local port: 9190)
2025-12-23 14:20:53.798 [] INFO  SnakesGame - [UDP-SEND] 8 bytes to /10.9.34.254:53400 (local port: 9190)
2025-12-23 14:20:53.798 [] INFO  SnakesGame - [ACK-MGR] Sent ACK for seq=64 to /10.9.34.254:53400 (receiver_id=2)
2025-12-23 14:20:53.798 [] INFO  SnakesGame - [UDP-RECV] 8 bytes from /10.9.34.254:9190 (local port: 53400)
2025-12-23 14:20:53.798 [] INFO  SnakesGame - [DISPATCH] ACK seq=64 from /10.9.34.254:9190 | sender_id=1 receiver_id=2
2025-12-23 14:20:53.798 [] INFO  SnakesGame - [ACK-MGR] ✓ Received ACK for seq=64 from /10.9.34.254:9190
2025-12-23 14:20:54.257 [pool-2-thread-3] INFO  SnakesGame - [UDP-SEND] 121 bytes to /10.9.34.254:53400 (local port: 9190)
2025-12-23 14:20:54.258 [pool-2-thread-2] INFO  SnakesGame - Sent multicast announcement to 239.192.0.4:9192 (88 bytes)
2025-12-23 14:20:54.258 [pool-2-thread-3] INFO  SnakesGame - [ACK-MGR] Sent message seq=154 to /10.9.34.254:53400, waiting for ACK
2025-12-23 14:20:54.258 [] INFO  SnakesGame - [UDP-RECV] 121 bytes from /10.9.34.254:9190 (local port: 53400)
2025-12-23 14:20:54.259 [] INFO  SnakesGame - Discovered game: 1 from /10.9.34.254:9190
2025-12-23 14:20:54.259 [] INFO  SnakesGame - [DISPATCH] STATE seq=154 from /10.9.34.254:9190 | sender_id=1 receiver_id=none
2025-12-23 14:20:54.259 [] INFO  SnakesGame - [UDP-SEND] 9 bytes to /10.9.34.254:9190 (local port: 53400)
2025-12-23 14:20:54.259 [] INFO  SnakesGame - [ACK-MGR] Sent ACK for seq=154 to /10.9.34.254:9190 (receiver_id=1)
2025-12-23 14:20:54.260 [] INFO  SnakesGame - [UDP-RECV] 9 bytes from /10.9.34.254:53400 (local port: 9190)
2025-12-23 14:20:54.260 [] INFO  SnakesGame - [DISPATCH] ACK seq=154 from /10.9.34.254:53400 | sender_id=2 receiver_id=1
2025-12-23 14:20:54.260 [] INFO  SnakesGame - [ACK-MGR] ✓ Received ACK for seq=154 from /10.9.34.254:53400
2025-12-23 14:20:54.796 [pool-4-thread-2] INFO  SnakesGame - [UDP-SEND] 8 bytes to /10.9.34.254:9190 (local port: 53400)
2025-12-23 14:20:54.797 [pool-4-thread-2] INFO  SnakesGame - [ACK-MGR] Sent message seq=65 to /10.9.34.254:9190, waiting for ACK
2025-12-23 14:20:54.798 [] INFO  SnakesGame - [DISPATCH] PING seq=65 from /10.9.34.254:53400 | sender_id=2 receiver_id=0
2025-12-23 14:20:54.799 [] INFO  SnakesGame - [UDP-SEND] 8 bytes to /10.9.34.254:53400 (local port: 9190)
2025-12-23 14:20:54.798 [] INFO  SnakesGame - [UDP-RECV] 8 bytes from /10.9.34.254:53400 (local port: 9190)
2025-12-23 14:20:54.799 [] INFO  SnakesGame - [ACK-MGR] Sent ACK for seq=65 to /10.9.34.254:53400 (receiver_id=2)
2025-12-23 14:20:54.800 [] INFO  SnakesGame - [UDP-RECV] 8 bytes from /10.9.34.254:9190 (local port: 53400)
2025-12-23 14:20:54.801 [] INFO  SnakesGame - [DISPATCH] ACK seq=65 from /10.9.34.254:9190 | sender_id=1 receiver_id=2
2025-12-23 14:20:54.801 [] INFO  SnakesGame - [ACK-MGR] ✓ Received ACK for seq=65 from /10.9.34.254:9190
2025-12-23 14:20:55.256 [pool-2-thread-1] INFO  SnakesGame - Sent multicast announcement to 239.192.0.4:9192 (88 bytes)
2025-12-23 14:20:55.256 [pool-2-thread-3] INFO  SnakesGame - [UDP-SEND] 121 bytes to /10.9.34.254:53400 (local port: 9190)
2025-12-23 14:20:55.257 [pool-2-thread-3] INFO  SnakesGame - [ACK-MGR] Sent message seq=157 to /10.9.34.254:53400, waiting for ACK
2025-12-23 14:20:55.257 [] INFO  SnakesGame - [UDP-RECV] 121 bytes from /10.9.34.254:9190 (local port: 53400)
2025-12-23 14:20:55.257 [] INFO  SnakesGame - Discovered game: 1 from /10.9.34.254:9190
2025-12-23 14:20:55.257 [] INFO  SnakesGame - [DISPATCH] STATE seq=157 from /10.9.34.254:9190 | sender_id=1 receiver_id=none
2025-12-23 14:20:55.258 [] INFO  SnakesGame - [UDP-SEND] 9 bytes to /10.9.34.254:9190 (local port: 53400)
2025-12-23 14:20:55.258 [] INFO  SnakesGame - [ACK-MGR] Sent ACK for seq=157 to /10.9.34.254:9190 (receiver_id=1)
2025-12-23 14:20:55.258 [] INFO  SnakesGame - [UDP-RECV] 9 bytes from /10.9.34.254:53400 (local port: 9190)
2025-12-23 14:20:55.258 [] INFO  SnakesGame - [DISPATCH] ACK seq=157 from /10.9.34.254:53400 | sender_id=2 receiver_id=1
2025-12-23 14:20:55.258 [] INFO  SnakesGame - [ACK-MGR] ✓ Received ACK for seq=157 from /10.9.34.254:53400
2025-12-23 14:20:55.793 [pool-4-thread-1] INFO  SnakesGame - [UDP-SEND] 8 bytes to /10.9.34.254:9190 (local port: 53400)
2025-12-23 14:20:55.797 [pool-4-thread-1] INFO  SnakesGame - [ACK-MGR] Sent message seq=66 to /10.9.34.254:9190, waiting for ACK
2025-12-23 14:20:55.798 [] INFO  SnakesGame - [UDP-RECV] 8 bytes from /10.9.34.254:53400 (local port: 9190)
2025-12-23 14:20:55.798 [] INFO  SnakesGame - [DISPATCH] PING seq=66 from /10.9.34.254:53400 | sender_id=2 receiver_id=0
2025-12-23 14:20:55.799 [] INFO  SnakesGame - [UDP-SEND] 8 bytes to /10.9.34.254:53400 (local port: 9190)
2025-12-23 14:20:55.799 [] INFO  SnakesGame - [ACK-MGR] Sent ACK for seq=66 to /10.9.34.254:53400 (receiver_id=2)
2025-12-23 14:20:55.800 [] INFO  SnakesGame - [UDP-RECV] 8 bytes from /10.9.34.254:9190 (local port: 53400)
2025-12-23 14:20:55.800 [] INFO  SnakesGame - [DISPATCH] ACK seq=66 from /10.9.34.254:9190 | sender_id=1 receiver_id=2
2025-12-23 14:20:55.800 [] INFO  SnakesGame - [ACK-MGR] ✓ Received ACK for seq=66 from /10.9.34.254:9190
2025-12-23 14:20:56.257 [pool-2-thread-2] INFO  SnakesGame - [UDP-SEND] 121 bytes to /10.9.34.254:53400 (local port: 9190)
2025-12-23 14:20:56.257 [pool-2-thread-1] INFO  SnakesGame - Sent multicast announcement to 239.192.0.4:9192 (88 bytes)
2025-12-23 14:20:56.258 [pool-2-thread-2] INFO  SnakesGame - [ACK-MGR] Sent message seq=158 to /10.9.34.254:53400, waiting for ACK
2025-12-23 14:20:56.258 [] INFO  SnakesGame - [UDP-RECV] 121 bytes from /10.9.34.254:9190 (local port: 53400)
2025-12-23 14:20:56.258 [] INFO  SnakesGame - Discovered game: 1 from /10.9.34.254:9190
2025-12-23 14:20:56.258 [] INFO  SnakesGame - [DISPATCH] STATE seq=158 from /10.9.34.254:9190 | sender_id=1 receiver_id=none
2025-12-23 14:20:56.258 [] INFO  SnakesGame - [UDP-SEND] 9 bytes to /10.9.34.254:9190 (local port: 53400)
2025-12-23 14:20:56.258 [] INFO  SnakesGame - [ACK-MGR] Sent ACK for seq=158 to /10.9.34.254:9190 (receiver_id=1)
2025-12-23 14:20:56.259 [] INFO  SnakesGame - [UDP-RECV] 9 bytes from /10.9.34.254:53400 (local port: 9190)
2025-12-23 14:20:56.259 [] INFO  SnakesGame - [DISPATCH] ACK seq=158 from /10.9.34.254:53400 | sender_id=2 receiver_id=1
2025-12-23 14:20:56.259 [] INFO  SnakesGame - [ACK-MGR] ✓ Received ACK for seq=158 from /10.9.34.254:53400
2025-12-23 14:20:56.793 [pool-4-thread-2] INFO  SnakesGame - [UDP-SEND] 8 bytes to /10.9.34.254:9190 (local port: 53400)
2025-12-23 14:20:56.794 [pool-4-thread-2] INFO  SnakesGame - [ACK-MGR] Sent message seq=67 to /10.9.34.254:9190, waiting for ACK
2025-12-23 14:20:56.797 [] INFO  SnakesGame - [UDP-RECV] 8 bytes from /10.9.34.254:53400 (local port: 9190)
2025-12-23 14:20:56.798 [] INFO  SnakesGame - [DISPATCH] PING seq=67 from /10.9.34.254:53400 | sender_id=2 receiver_id=0
2025-12-23 14:20:56.799 [] INFO  SnakesGame - [UDP-SEND] 8 bytes to /10.9.34.254:53400 (local port: 9190)
2025-12-23 14:20:56.800 [] INFO  SnakesGame - [ACK-MGR] Sent ACK for seq=67 to /10.9.34.254:53400 (receiver_id=2)
2025-12-23 14:20:56.800 [] INFO  SnakesGame - [UDP-RECV] 8 bytes from /10.9.34.254:9190 (local port: 53400)
2025-12-23 14:20:56.800 [] INFO  SnakesGame - [DISPATCH] ACK seq=67 from /10.9.34.254:9190 | sender_id=1 receiver_id=2
2025-12-23 14:20:56.800 [] INFO  SnakesGame - [ACK-MGR] ✓ Received ACK for seq=67 from /10.9.34.254:9190
2025-12-23 14:20:57.253 [pool-2-thread-1] INFO  SnakesGame - [UDP-SEND] 121 bytes to /10.9.34.254:53400 (local port: 9190)
2025-12-23 14:20:57.253 [pool-2-thread-1] INFO  SnakesGame - [ACK-MGR] Sent message seq=161 to /10.9.34.254:53400, waiting for ACK
2025-12-23 14:20:57.253 [pool-2-thread-2] INFO  SnakesGame - Sent multicast announcement to 239.192.0.4:9192 (88 bytes)
2025-12-23 14:20:57.253 [] INFO  SnakesGame - [UDP-RECV] 121 bytes from /10.9.34.254:9190 (local port: 53400)
2025-12-23 14:20:57.254 [] INFO  SnakesGame - Discovered game: 1 from /10.9.34.254:9190
2025-12-23 14:20:57.254 [] INFO  SnakesGame - [DISPATCH] STATE seq=161 from /10.9.34.254:9190 | sender_id=1 receiver_id=none
2025-12-23 14:20:57.254 [] INFO  SnakesGame - [UDP-SEND] 9 bytes to /10.9.34.254:9190 (local port: 53400)
2025-12-23 14:20:57.254 [] INFO  SnakesGame - [ACK-MGR] Sent ACK for seq=161 to /10.9.34.254:9190 (receiver_id=1)
2025-12-23 14:20:57.254 [] INFO  SnakesGame - [UDP-RECV] 9 bytes from /10.9.34.254:53400 (local port: 9190)
2025-12-23 14:20:57.255 [] INFO  SnakesGame - [DISPATCH] ACK seq=161 from /10.9.34.254:53400 | sender_id=2 receiver_id=1
2025-12-23 14:20:57.255 [] INFO  SnakesGame - [ACK-MGR] ✓ Received ACK for seq=161 from /10.9.34.254:53400
2025-12-23 14:20:57.794 [pool-4-thread-1] INFO  SnakesGame - [UDP-SEND] 8 bytes to /10.9.34.254:9190 (local port: 53400)
2025-12-23 14:20:57.794 [pool-4-thread-1] INFO  SnakesGame - [ACK-MGR] Sent message seq=68 to /10.9.34.254:9190, waiting for ACK
2025-12-23 14:20:57.796 [] INFO  SnakesGame - [UDP-RECV] 8 bytes from /10.9.34.254:53400 (local port: 9190)
2025-12-23 14:20:57.796 [] INFO  SnakesGame - [DISPATCH] PING seq=68 from /10.9.34.254:53400 | sender_id=2 receiver_id=0
2025-12-23 14:20:57.797 [] INFO  SnakesGame - [UDP-SEND] 8 bytes to /10.9.34.254:53400 (local port: 9190)
2025-12-23 14:20:57.797 [] INFO  SnakesGame - [ACK-MGR] Sent ACK for seq=68 to /10.9.34.254:53400 (receiver_id=2)
2025-12-23 14:20:57.798 [] INFO  SnakesGame - [UDP-RECV] 8 bytes from /10.9.34.254:9190 (local port: 53400)
2025-12-23 14:20:57.798 [] INFO  SnakesGame - [DISPATCH] ACK seq=68 from /10.9.34.254:9190 | sender_id=1 receiver_id=2
2025-12-23 14:20:57.798 [] INFO  SnakesGame - [ACK-MGR] ✓ Received ACK for seq=68 from /10.9.34.254:9190
2025-12-23 14:20:58.254 [pool-2-thread-3] INFO  SnakesGame - [UDP-SEND] 121 bytes to /10.9.34.254:53400 (local port: 9190)
2025-12-23 14:20:58.254 [pool-2-thread-3] INFO  SnakesGame - [ACK-MGR] Sent message seq=162 to /10.9.34.254:53400, waiting for ACK
2025-12-23 14:20:58.254 [pool-2-thread-3] INFO  SnakesGame - Sent multicast announcement to 239.192.0.4:9192 (88 bytes)
2025-12-23 14:20:58.257 [] INFO  SnakesGame - [UDP-RECV] 121 bytes from /10.9.34.254:9190 (local port: 53400)
2025-12-23 14:20:58.257 [] INFO  SnakesGame - Discovered game: 1 from /10.9.34.254:9190
2025-12-23 14:20:58.257 [] INFO  SnakesGame - [DISPATCH] STATE seq=162 from /10.9.34.254:9190 | sender_id=1 receiver_id=none
2025-12-23 14:20:58.258 [] INFO  SnakesGame - [UDP-SEND] 9 bytes to /10.9.34.254:9190 (local port: 53400)
2025-12-23 14:20:58.258 [] INFO  SnakesGame - [ACK-MGR] Sent ACK for seq=162 to /10.9.34.254:9190 (receiver_id=1)
2025-12-23 14:20:58.258 [] INFO  SnakesGame - [UDP-RECV] 9 bytes from /10.9.34.254:53400 (local port: 9190)
2025-12-23 14:20:58.259 [] INFO  SnakesGame - [DISPATCH] ACK seq=162 from /10.9.34.254:53400 | sender_id=2 receiver_id=1
2025-12-23 14:20:58.259 [] INFO  SnakesGame - [ACK-MGR] ✓ Received ACK for seq=162 from /10.9.34.254:53400
2025-12-23 14:20:58.789 [pool-4-thread-1] INFO  SnakesGame - [UDP-SEND] 8 bytes to /10.9.34.254:9190 (local port: 53400)
2025-12-23 14:20:58.790 [pool-4-thread-1] INFO  SnakesGame - [ACK-MGR] Sent message seq=69 to /10.9.34.254:9190, waiting for ACK
2025-12-23 14:20:58.791 [] INFO  SnakesGame - [DISPATCH] PING seq=69 from /10.9.34.254:53400 | sender_id=2 receiver_id=0
2025-12-23 14:20:58.792 [] INFO  SnakesGame - [UDP-SEND] 8 bytes to /10.9.34.254:53400 (local port: 9190)
2025-12-23 14:20:58.792 [] INFO  SnakesGame - [ACK-MGR] Sent ACK for seq=69 to /10.9.34.254:53400 (receiver_id=2)
2025-12-23 14:20:58.791 [] INFO  SnakesGame - [UDP-RECV] 8 bytes from /10.9.34.254:53400 (local port: 9190)
2025-12-23 14:20:58.794 [] INFO  SnakesGame - [UDP-RECV] 8 bytes from /10.9.34.254:9190 (local port: 53400)
2025-12-23 14:20:58.794 [] INFO  SnakesGame - [DISPATCH] ACK seq=69 from /10.9.34.254:9190 | sender_id=1 receiver_id=2
2025-12-23 14:20:58.794 [] INFO  SnakesGame - [ACK-MGR] ✓ Received ACK for seq=69 from /10.9.34.254:9190
2025-12-23 14:20:59.256 [pool-2-thread-1] INFO  SnakesGame - Sent multicast announcement to 239.192.0.4:9192 (88 bytes)
2025-12-23 14:20:59.256 [pool-2-thread-2] INFO  SnakesGame - [UDP-SEND] 121 bytes to /10.9.34.254:53400 (local port: 9190)
2025-12-23 14:20:59.256 [pool-2-thread-2] INFO  SnakesGame - [ACK-MGR] Sent message seq=164 to /10.9.34.254:53400, waiting for ACK
2025-12-23 14:20:59.256 [] INFO  SnakesGame - [UDP-RECV] 121 bytes from /10.9.34.254:9190 (local port: 53400)
2025-12-23 14:20:59.256 [] INFO  SnakesGame - Discovered game: 1 from /10.9.34.254:9190
2025-12-23 14:20:59.256 [] INFO  SnakesGame - [DISPATCH] STATE seq=164 from /10.9.34.254:9190 | sender_id=1 receiver_id=none
2025-12-23 14:20:59.257 [] INFO  SnakesGame - [UDP-SEND] 9 bytes to /10.9.34.254:9190 (local port: 53400)
2025-12-23 14:20:59.257 [] INFO  SnakesGame - [ACK-MGR] Sent ACK for seq=164 to /10.9.34.254:9190 (receiver_id=1)
2025-12-23 14:20:59.257 [] INFO  SnakesGame - [UDP-RECV] 9 bytes from /10.9.34.254:53400 (local port: 9190)
2025-12-23 14:20:59.257 [] INFO  SnakesGame - [DISPATCH] ACK seq=164 from /10.9.34.254:53400 | sender_id=2 receiver_id=1
2025-12-23 14:20:59.257 [] INFO  SnakesGame - [ACK-MGR] ✓ Received ACK for seq=164 from /10.9.34.254:53400
2025-12-23 14:20:59.798 [pool-4-thread-1] INFO  SnakesGame - [UDP-SEND] 8 bytes to /10.9.34.254:9190 (local port: 53400)
2025-12-23 14:20:59.799 [pool-4-thread-1] INFO  SnakesGame - [ACK-MGR] Sent message seq=70 to /10.9.34.254:9190, waiting for ACK
2025-12-23 14:20:59.799 [] INFO  SnakesGame - [UDP-RECV] 8 bytes from /10.9.34.254:53400 (local port: 9190)
2025-12-23 14:20:59.799 [] INFO  SnakesGame - [DISPATCH] PING seq=70 from /10.9.34.254:53400 | sender_id=2 receiver_id=0
2025-12-23 14:20:59.800 [] INFO  SnakesGame - [UDP-SEND] 8 bytes to /10.9.34.254:53400 (local port: 9190)
2025-12-23 14:20:59.800 [] INFO  SnakesGame - [ACK-MGR] Sent ACK for seq=70 to /10.9.34.254:53400 (receiver_id=2)
2025-12-23 14:20:59.800 [] INFO  SnakesGame - [UDP-RECV] 8 bytes from /10.9.34.254:9190 (local port: 53400)
2025-12-23 14:20:59.800 [] INFO  SnakesGame - [DISPATCH] ACK seq=70 from /10.9.34.254:9190 | sender_id=1 receiver_id=2
2025-12-23 14:20:59.801 [] INFO  SnakesGame - [ACK-MGR] ✓ Received ACK for seq=70 from /10.9.34.254:9190
2025-12-23 14:21:00.257 [pool-2-thread-1] INFO  SnakesGame - Sent multicast announcement to 239.192.0.4:9192 (88 bytes)
2025-12-23 14:21:00.257 [pool-2-thread-3] INFO  SnakesGame - [UDP-SEND] 121 bytes to /10.9.34.254:53400 (local port: 9190)
2025-12-23 14:21:00.258 [pool-2-thread-3] INFO  SnakesGame - [ACK-MGR] Sent message seq=166 to /10.9.34.254:53400, waiting for ACK
2025-12-23 14:21:00.258 [] INFO  SnakesGame - [UDP-RECV] 121 bytes from /10.9.34.254:9190 (local port: 53400)
2025-12-23 14:21:00.258 [] INFO  SnakesGame - Discovered game: 1 from /10.9.34.254:9190
2025-12-23 14:21:00.258 [] INFO  SnakesGame - [DISPATCH] STATE seq=166 from /10.9.34.254:9190 | sender_id=1 receiver_id=none
2025-12-23 14:21:00.259 [] INFO  SnakesGame - [UDP-SEND] 9 bytes to /10.9.34.254:9190 (local port: 53400)
2025-12-23 14:21:00.259 [] INFO  SnakesGame - [ACK-MGR] Sent ACK for seq=166 to /10.9.34.254:9190 (receiver_id=1)
2025-12-23 14:21:00.259 [] INFO  SnakesGame - [UDP-RECV] 9 bytes from /10.9.34.254:53400 (local port: 9190)
2025-12-23 14:21:00.260 [] INFO  SnakesGame - [DISPATCH] ACK seq=166 from /10.9.34.254:53400 | sender_id=2 receiver_id=1
2025-12-23 14:21:00.260 [] INFO  SnakesGame - [ACK-MGR] ✓ Received ACK for seq=166 from /10.9.34.254:53400
2025-12-23 14:21:00.319 [JavaFX Application Thread] INFO  SnakesGame - Leaving game
2025-12-23 14:21:00.319 [JavaFX Application Thread] INFO  SnakesGame - [UDP-SEND] 10 bytes to /10.9.34.254:9190 (local port: 53400)
2025-12-23 14:21:00.319 [JavaFX Application Thread] INFO  SnakesGame - [ACK-MGR] Sent message seq=71 to /10.9.34.254:9190, waiting for ACK
2025-12-23 14:21:00.320 [JavaFX Application Thread] INFO  SnakesGame - DEPUTY node stopped
2025-12-23 14:21:00.320 [JavaFX Application Thread] INFO  SnakesGame - UDP Transport stopped
2025-12-23 14:21:00.320 [] INFO  SnakesGame - [UDP-RECV] 10 bytes from /10.9.34.254:53400 (local port: 9190)
2025-12-23 14:21:00.320 [] INFO  SnakesGame - [DISPATCH] ROLE_CHANGE seq=71 from /10.9.34.254:53400 | sender_id=2 receiver_id=2
2025-12-23 14:21:00.320 [JavaFX Application Thread] INFO  SnakesGame - Found suitable interface: en0 with IPv4: 10.9.34.254
2025-12-23 14:21:00.320 [JavaFX Application Thread] INFO  SnakesGame - Multicast discovery stopped
2025-12-23 14:21:00.320 [JavaFX Application Thread] INFO  SnakesGame - NetworkManager stopped
2025-12-23 14:21:00.320 [JavaFX Application Thread] INFO  SnakesGame - Left game successfully
2025-12-23 14:21:00.321 [] INFO  SnakesGame - Multicast listen loop stopped
2025-12-23 14:21:00.321 [JavaFX Application Thread] INFO  SnakesGame - Exiting to main menu
2025-12-23 14:21:01.255 [pool-2-thread-2] INFO  SnakesGame - Sent multicast announcement to 239.192.0.4:9192 (88 bytes)
2025-12-23 14:21:01.255 [pool-2-thread-3] INFO  SnakesGame - [UDP-SEND] 121 bytes to /10.9.34.254:53400 (local port: 9190)
2025-12-23 14:21:01.255 [pool-2-thread-3] INFO  SnakesGame - [ACK-MGR] Sent message seq=168 to /10.9.34.254:53400, waiting for ACK
2025-12-23 14:21:01.285 [JavaFX Application Thread] INFO  SnakesGame - Opening Lobby
2025-12-23 14:21:01.291 [JavaFX Application Thread] INFO  SnakesGame - Looking for suitable multicast interface...
2025-12-23 14:21:01.292 [JavaFX Application Thread] INFO  SnakesGame - Found suitable interface: en0 with IPv4: 10.9.34.254
2025-12-23 14:21:01.292 [JavaFX Application Thread] INFO  SnakesGame - Joined multicast group using interface: en0 (en0)
2025-12-23 14:21:01.292 [JavaFX Application Thread] INFO  SnakesGame - Set multicast send interface to: en0 (en0)
2025-12-23 14:21:01.292 [JavaFX Application Thread] INFO  SnakesGame - Multicast discovery started on 239.192.0.4:9192
2025-12-23 14:21:01.292 [JavaFX Application Thread] INFO  SnakesGame - Discovery service started
2025-12-23 14:21:01.292 [JavaFX Application Thread] INFO  SnakesGame - Discovery started in lobby
2025-12-23 14:21:01.292 [] INFO  SnakesGame - Multicast listen loop started
2025-12-23 14:21:01.983 [] INFO  SnakesGame - [UDP-SEND] 121 bytes to /10.9.34.254:53400 (local port: 9190)
2025-12-23 14:21:01.983 [] WARN  SnakesGame - [ACK-MGR] ⟳ Retransmitting seq=168 to /10.9.34.254:53400 (retry 1/5)
2025-12-23 14:21:02.255 [pool-2-thread-2] INFO  SnakesGame - [UDP-SEND] 121 bytes to /10.9.34.254:53400 (local port: 9190)
2025-12-23 14:21:02.255 [pool-2-thread-2] INFO  SnakesGame - [ACK-MGR] Sent message seq=170 to /10.9.34.254:53400, waiting for ACK
2025-12-23 14:21:02.255 [pool-2-thread-3] INFO  SnakesGame - Sent multicast announcement to 239.192.0.4:9192 (88 bytes)
2025-12-23 14:21:02.257 [] INFO  SnakesGame - Discovered new game: 1 at /10.9.34.254:9190
2025-12-23 14:21:02.257 [] INFO  SnakesGame - Discovered game: 1 from /10.9.34.254:9190
2025-12-23 14:21:02.258 [JavaFX Application Thread] INFO  SnakesGame - Game added to lobby: 1 at /10.9.34.254:9190
2025-12-23 14:21:02.496 [] INFO  SnakesGame - [UDP-SEND] 121 bytes to /10.9.34.254:53400 (local port: 9190)
2025-12-23 14:21:02.496 [] WARN  SnakesGame - [ACK-MGR] ⟳ Retransmitting seq=168 to /10.9.34.254:53400 (retry 2/5)
2025-12-23 14:21:02.569 [JavaFX Application Thread] INFO  SnakesGame - Found suitable interface: en0 with IPv4: 10.9.34.254
2025-12-23 14:21:02.569 [JavaFX Application Thread] INFO  SnakesGame - Multicast discovery stopped
2025-12-23 14:21:02.569 [JavaFX Application Thread] INFO  SnakesGame - Discovery service stopped
2025-12-23 14:21:02.569 [] INFO  SnakesGame - Multicast listen loop stopped
2025-12-23 14:21:03.006 [] INFO  SnakesGame - [UDP-SEND] 121 bytes to /10.9.34.254:53400 (local port: 9190)
2025-12-23 14:21:03.007 [] WARN  SnakesGame - [ACK-MGR] ⟳ Retransmitting seq=168 to /10.9.34.254:53400 (retry 3/5)
2025-12-23 14:21:03.008 [] INFO  SnakesGame - [UDP-SEND] 121 bytes to /10.9.34.254:53400 (local port: 9190)
2025-12-23 14:21:03.008 [] WARN  SnakesGame - [ACK-MGR] ⟳ Retransmitting seq=170 to /10.9.34.254:53400 (retry 1/5)
2025-12-23 14:21:03.254 [pool-2-thread-3] INFO  SnakesGame - Sent multicast announcement to 239.192.0.4:9192 (88 bytes)
2025-12-23 14:21:03.254 [pool-2-thread-2] INFO  SnakesGame - [UDP-SEND] 121 bytes to /10.9.34.254:53400 (local port: 9190)
2025-12-23 14:21:03.254 [pool-2-thread-2] INFO  SnakesGame - [ACK-MGR] Sent message seq=172 to /10.9.34.254:53400, waiting for ACK
2025-12-23 14:21:03.263 [] INFO  SnakesGame - [UDP-SEND] 121 bytes to /10.9.34.254:53400 (local port: 9190)
2025-12-23 14:21:03.263 [] WARN  SnakesGame - [ACK-MGR] ⟳ Retransmitting seq=168 to /10.9.34.254:53400 (retry 4/5)
2025-12-23 14:21:03.263 [] INFO  SnakesGame - [UDP-SEND] 121 bytes to /10.9.34.254:53400 (local port: 9190)
2025-12-23 14:21:03.263 [] WARN  SnakesGame - [ACK-MGR] ⟳ Retransmitting seq=170 to /10.9.34.254:53400 (retry 2/5)
2025-12-23 14:21:03.449 [JavaFX Application Thread] INFO  SnakesGame - Opening Lobby
2025-12-23 14:21:03.457 [JavaFX Application Thread] INFO  SnakesGame - Looking for suitable multicast interface...
2025-12-23 14:21:03.458 [JavaFX Application Thread] INFO  SnakesGame - Found suitable interface: en0 with IPv4: 10.9.34.254
2025-12-23 14:21:03.459 [JavaFX Application Thread] INFO  SnakesGame - Joined multicast group using interface: en0 (en0)
2025-12-23 14:21:03.459 [JavaFX Application Thread] INFO  SnakesGame - Set multicast send interface to: en0 (en0)
2025-12-23 14:21:03.459 [JavaFX Application Thread] INFO  SnakesGame - Multicast discovery started on 239.192.0.4:9192
2025-12-23 14:21:03.459 [JavaFX Application Thread] INFO  SnakesGame - Discovery service started
2025-12-23 14:21:03.459 [JavaFX Application Thread] INFO  SnakesGame - Discovery started in lobby
2025-12-23 14:21:03.459 [] INFO  SnakesGame - Multicast listen loop started
2025-12-23 14:21:03.756 [pool-2-thread-1] WARN  SnakesGame - Peer /10.9.34.254:53400 timed out
2025-12-23 14:21:03.757 [pool-2-thread-1] WARN  SnakesGame - Player 2 timed out, removing
2025-12-23 14:21:03.757 [pool-2-thread-1] INFO  SnakesGame - Player 2 left, snake became zombie
2025-12-23 14:21:03.758 [pool-2-thread-1] INFO  SnakesGame - Player 2 left, snake became zombie
2025-12-23 14:21:03.758 [pool-2-thread-1] WARN  SnakesGame - Deputy timed out, clearing deputyAddress
2025-12-23 14:21:04.253 [pool-2-thread-1] INFO  SnakesGame - Sent multicast announcement to 239.192.0.4:9192 (51 bytes)
2025-12-23 14:21:04.254 [] INFO  SnakesGame - Discovered new game: 1 at /10.9.34.254:9190
2025-12-23 14:21:04.255 [] INFO  SnakesGame - Discovered game: 1 from /10.9.34.254:9190
2025-12-23 14:21:04.255 [JavaFX Application Thread] INFO  SnakesGame - Game added to lobby: 1 at /10.9.34.254:9190
2025-12-23 14:21:04.863 [JavaFX Application Thread] INFO  SnakesGame - Found suitable interface: en0 with IPv4: 10.9.34.254
2025-12-23 14:21:04.864 [JavaFX Application Thread] INFO  SnakesGame - Multicast discovery stopped
2025-12-23 14:21:04.864 [JavaFX Application Thread] INFO  SnakesGame - Discovery service stopped
2025-12-23 14:21:04.864 [] INFO  SnakesGame - Multicast listen loop stopped
2025-12-23 14:21:05.257 [pool-2-thread-1] INFO  SnakesGame - Sent multicast announcement to 239.192.0.4:9192 (51 bytes)
2025-12-23 14:21:06.257 [pool-2-thread-1] INFO  SnakesGame - Sent multicast announcement to 239.192.0.4:9192 (51 bytes)
2025-12-23 14:21:07.278 [pool-2-thread-3] INFO  SnakesGame - Sent multicast announcement to 239.192.0.4:9192 (51 bytes)
2025-12-23 14:21:08.253 [pool-2-thread-3] INFO  SnakesGame - Sent multicast announcement to 239.192.0.4:9192 (51 bytes)
2025-12-23 14:21:09.253 [pool-2-thread-3] INFO  SnakesGame - Sent multicast announcement to 239.192.0.4:9192 (51 bytes)
2025-12-23 14:21:10.091 [JavaFX Application Thread] INFO  SnakesGame - Opening Create Game dialog
2025-12-23 14:21:10.256 [pool-2-thread-2] INFO  SnakesGame - Sent multicast announcement to 239.192.0.4:9192 (51 bytes)
2025-12-23 14:21:11.253 [pool-2-thread-2] INFO  SnakesGame - Sent multicast announcement to 239.192.0.4:9192 (51 bytes)
2025-12-23 14:21:12.258 [pool-2-thread-2] INFO  SnakesGame - Sent multicast announcement to 239.192.0.4:9192 (51 bytes)
2025-12-23 14:21:13.258 [pool-2-thread-3] INFO  SnakesGame - Sent multicast announcement to 239.192.0.4:9192 (51 bytes)
2025-12-23 14:21:14.258 [pool-2-thread-1] INFO  SnakesGame - Sent multicast announcement to 239.192.0.4:9192 (51 bytes)
2025-12-23 14:21:15.254 [pool-2-thread-1] INFO  SnakesGame - Sent multicast announcement to 239.192.0.4:9192 (51 bytes)
2025-12-23 14:21:16.253 [pool-2-thread-3] INFO  SnakesGame - Sent multicast announcement to 239.192.0.4:9192 (51 bytes)
2025-12-23 14:21:17.254 [pool-2-thread-3] INFO  SnakesGame - Sent multicast announcement to 239.192.0.4:9192 (51 bytes)
2025-12-23 14:21:18.260 [pool-2-thread-3] INFO  SnakesGame - Sent multicast announcement to 239.192.0.4:9192 (51 bytes)
2025-12-23 14:21:19.254 [pool-2-thread-1] INFO  SnakesGame - Sent multicast announcement to 239.192.0.4:9192 (51 bytes)
2025-12-23 14:21:20.255 [pool-2-thread-1] INFO  SnakesGame - Sent multicast announcement to 239.192.0.4:9192 (51 bytes)
2025-12-23 14:21:21.256 [pool-2-thread-1] INFO  SnakesGame - Sent multicast announcement to 239.192.0.4:9192 (51 bytes)
2025-12-23 14:21:22.153 [JavaFX Application Thread] INFO  SnakesGame - Creating new game: 1111
2025-12-23 14:21:22.155 [JavaFX Application Thread] ERROR SnakesGame - Failed to create game: Address already in use
java.net.BindException: Address already in use
	at java.base/sun.nio.ch.Net.bind0(Native Method)
	at java.base/sun.nio.ch.Net.bind(Net.java:522)
	at java.base/sun.nio.ch.DatagramChannelImpl.bindInternal(DatagramChannelImpl.java:1241)
	at java.base/sun.nio.ch.DatagramChannelImpl.bind(DatagramChannelImpl.java:1215)
	at java.base/sun.nio.ch.DatagramSocketAdaptor.bind(DatagramSocketAdaptor.java:107)
	at org.example.network.UdpTransport.start(UdpTransport.java:33)
	at org.example.network.NetworkManager.start(NetworkManager.java:32)
	at org.example.service.GameService.createGame(GameService.java:39)
	at org.example.controller.CreateGameController.onCreate(CreateGameController.java:60)
	at java.base/jdk.internal.reflect.DirectMethodHandleAccessor.invoke(DirectMethodHandleAccessor.java:104)
	at java.base/java.lang.reflect.Method.invoke(Method.java:565)
	at com.sun.javafx.reflect.Trampoline.invoke(MethodUtil.java:72)
	at java.base/jdk.internal.reflect.DirectMethodHandleAccessor.invoke(DirectMethodHandleAccessor.java:104)
	at java.base/java.lang.reflect.Method.invoke(Method.java:565)
	at javafx.base@21/com.sun.javafx.reflect.MethodUtil.invoke(MethodUtil.java:270)
	at javafx.fxml@21/com.sun.javafx.fxml.MethodHelper.invoke(MethodHelper.java:84)
	at javafx.fxml@21/javafx.fxml.FXMLLoader$MethodHandler.invoke(FXMLLoader.java:1855)
	at javafx.fxml@21/javafx.fxml.FXMLLoader$ControllerMethodEventHandler.handle(FXMLLoader.java:1726)
	at javafx.base@21/com.sun.javafx.event.CompositeEventHandler.dispatchBubblingEvent(CompositeEventHandler.java:86)
	at javafx.base@21/com.sun.javafx.event.EventHandlerManager.dispatchBubblingEvent(EventHandlerManager.java:232)
	at javafx.base@21/com.sun.javafx.event.EventHandlerManager.dispatchBubblingEvent(EventHandlerManager.java:189)
	at javafx.base@21/com.sun.javafx.event.CompositeEventDispatcher.dispatchBubblingEvent(CompositeEventDispatcher.java:59)
	at javafx.base@21/com.sun.javafx.event.BasicEventDispatcher.dispatchEvent(BasicEventDispatcher.java:58)
	at javafx.base@21/com.sun.javafx.event.EventDispatchChainImpl.dispatchEvent(EventDispatchChainImpl.java:114)
	at javafx.base@21/com.sun.javafx.event.BasicEventDispatcher.dispatchEvent(BasicEventDispatcher.java:56)
	at javafx.base@21/com.sun.javafx.event.EventDispatchChainImpl.dispatchEvent(EventDispatchChainImpl.java:114)
	at javafx.base@21/com.sun.javafx.event.BasicEventDispatcher.dispatchEvent(BasicEventDispatcher.java:56)
	at javafx.base@21/com.sun.javafx.event.EventDispatchChainImpl.dispatchEvent(EventDispatchChainImpl.java:114)
	at javafx.base@21/com.sun.javafx.event.EventUtil.fireEventImpl(EventUtil.java:74)
	at javafx.base@21/com.sun.javafx.event.EventUtil.fireEvent(EventUtil.java:49)
	at javafx.base@21/javafx.event.Event.fireEvent(Event.java:198)
	at javafx.graphics@21/javafx.scene.Node.fireEvent(Node.java:8875)
	at javafx.controls@21/javafx.scene.control.Button.fire(Button.java:203)
	at javafx.controls@21/com.sun.javafx.scene.control.behavior.ButtonBehavior.mouseReleased(ButtonBehavior.java:207)
	at javafx.controls@21/com.sun.javafx.scene.control.inputmap.InputMap.handle(InputMap.java:274)
	at javafx.base@21/com.sun.javafx.event.CompositeEventHandler$NormalEventHandlerRecord.handleBubblingEvent(CompositeEventHandler.java:247)
	at javafx.base@21/com.sun.javafx.event.CompositeEventHandler.dispatchBubblingEvent(CompositeEventHandler.java:80)
	at javafx.base@21/com.sun.javafx.event.EventHandlerManager.dispatchBubblingEvent(EventHandlerManager.java:232)
	at javafx.base@21/com.sun.javafx.event.EventHandlerManager.dispatchBubblingEvent(EventHandlerManager.java:189)
	at javafx.base@21/com.sun.javafx.event.CompositeEventDispatcher.dispatchBubblingEvent(CompositeEventDispatcher.java:59)
	at javafx.base@21/com.sun.javafx.event.BasicEventDispatcher.dispatchEvent(BasicEventDispatcher.java:58)
	at javafx.base@21/com.sun.javafx.event.EventDispatchChainImpl.dispatchEvent(EventDispatchChainImpl.java:114)
	at javafx.base@21/com.sun.javafx.event.BasicEventDispatcher.dispatchEvent(BasicEventDispatcher.java:56)
	at javafx.base@21/com.sun.javafx.event.EventDispatchChainImpl.dispatchEvent(EventDispatchChainImpl.java:114)
	at javafx.base@21/com.sun.javafx.event.BasicEventDispatcher.dispatchEvent(BasicEventDispatcher.java:56)
	at javafx.base@21/com.sun.javafx.event.EventDispatchChainImpl.dispatchEvent(EventDispatchChainImpl.java:114)
	at javafx.base@21/com.sun.javafx.event.EventUtil.fireEventImpl(EventUtil.java:74)
	at javafx.base@21/com.sun.javafx.event.EventUtil.fireEvent(EventUtil.java:54)
	at javafx.base@21/javafx.event.Event.fireEvent(Event.java:198)
	at javafx.graphics@21/javafx.scene.Scene$MouseHandler.process(Scene.java:3984)
	at javafx.graphics@21/javafx.scene.Scene.processMouseEvent(Scene.java:1890)
	at javafx.graphics@21/javafx.scene.Scene$ScenePeerListener.mouseEvent(Scene.java:2708)
	at javafx.graphics@21/com.sun.javafx.tk.quantum.GlassViewEventHandler$MouseEventNotification.run(GlassViewEventHandler.java:411)
	at javafx.graphics@21/com.sun.javafx.tk.quantum.GlassViewEventHandler$MouseEventNotification.run(GlassViewEventHandler.java:301)
	at java.base/java.security.AccessController.doPrivileged(AccessController.java:138)
	at javafx.graphics@21/com.sun.javafx.tk.quantum.GlassViewEventHandler.lambda$handleMouseEvent$2(GlassViewEventHandler.java:450)
	at javafx.graphics@21/com.sun.javafx.tk.quantum.QuantumToolkit.runWithoutRenderLock(QuantumToolkit.java:424)
	at javafx.graphics@21/com.sun.javafx.tk.quantum.GlassViewEventHandler.handleMouseEvent(GlassViewEventHandler.java:449)
	at javafx.graphics@21/com.sun.glass.ui.View.handleMouseEvent(View.java:551)
	at javafx.graphics@21/com.sun.glass.ui.View.notifyMouse(View.java:937)
	at javafx.graphics@21/com.sun.glass.ui.mac.MacView.notifyMouse(MacView.java:127)
2025-12-23 14:21:22.254 [pool-2-thread-2] INFO  SnakesGame - Sent multicast announcement to 239.192.0.4:9192 (51 bytes)
2025-12-23 14:21:23.257 [pool-2-thread-2] INFO  SnakesGame - Sent multicast announcement to 239.192.0.4:9192 (51 bytes)
2025-12-23 14:21:24.256 [pool-2-thread-2] INFO  SnakesGame - Sent multicast announcement to 239.192.0.4:9192 (51 bytes)
2025-12-23 14:21:25.259 [pool-2-thread-1] INFO  SnakesGame - Sent multicast announcement to 239.192.0.4:9192 (51 bytes)
2025-12-23 14:21:25.629 [JavaFX Application Thread] INFO  SnakesGame - Creating new game: 11111
2025-12-23 14:21:25.630 [JavaFX Application Thread] ERROR SnakesGame - Failed to create game: Address already in use
java.net.BindException: Address already in use
	at java.base/sun.nio.ch.Net.bind0(Native Method)
	at java.base/sun.nio.ch.Net.bind(Net.java:522)
	at java.base/sun.nio.ch.DatagramChannelImpl.bindInternal(DatagramChannelImpl.java:1241)
	at java.base/sun.nio.ch.DatagramChannelImpl.bind(DatagramChannelImpl.java:1215)
	at java.base/sun.nio.ch.DatagramSocketAdaptor.bind(DatagramSocketAdaptor.java:107)
	at org.example.network.UdpTransport.start(UdpTransport.java:33)
	at org.example.network.NetworkManager.start(NetworkManager.java:32)
	at org.example.service.GameService.createGame(GameService.java:39)
	at org.example.controller.CreateGameController.onCreate(CreateGameController.java:60)
	at java.base/jdk.internal.reflect.DirectMethodHandleAccessor.invoke(DirectMethodHandleAccessor.java:104)
	at java.base/java.lang.reflect.Method.invoke(Method.java:565)
	at com.sun.javafx.reflect.Trampoline.invoke(MethodUtil.java:72)
	at java.base/jdk.internal.reflect.DirectMethodHandleAccessor.invoke(DirectMethodHandleAccessor.java:104)
	at java.base/java.lang.reflect.Method.invoke(Method.java:565)
	at javafx.base@21/com.sun.javafx.reflect.MethodUtil.invoke(MethodUtil.java:270)
	at javafx.fxml@21/com.sun.javafx.fxml.MethodHelper.invoke(MethodHelper.java:84)
	at javafx.fxml@21/javafx.fxml.FXMLLoader$MethodHandler.invoke(FXMLLoader.java:1855)
	at javafx.fxml@21/javafx.fxml.FXMLLoader$ControllerMethodEventHandler.handle(FXMLLoader.java:1726)
	at javafx.base@21/com.sun.javafx.event.CompositeEventHandler.dispatchBubblingEvent(CompositeEventHandler.java:86)
	at javafx.base@21/com.sun.javafx.event.EventHandlerManager.dispatchBubblingEvent(EventHandlerManager.java:232)
	at javafx.base@21/com.sun.javafx.event.EventHandlerManager.dispatchBubblingEvent(EventHandlerManager.java:189)
	at javafx.base@21/com.sun.javafx.event.CompositeEventDispatcher.dispatchBubblingEvent(CompositeEventDispatcher.java:59)
	at javafx.base@21/com.sun.javafx.event.BasicEventDispatcher.dispatchEvent(BasicEventDispatcher.java:58)
	at javafx.base@21/com.sun.javafx.event.EventDispatchChainImpl.dispatchEvent(EventDispatchChainImpl.java:114)
	at javafx.base@21/com.sun.javafx.event.BasicEventDispatcher.dispatchEvent(BasicEventDispatcher.java:56)
	at javafx.base@21/com.sun.javafx.event.EventDispatchChainImpl.dispatchEvent(EventDispatchChainImpl.java:114)
	at javafx.base@21/com.sun.javafx.event.BasicEventDispatcher.dispatchEvent(BasicEventDispatcher.java:56)
	at javafx.base@21/com.sun.javafx.event.EventDispatchChainImpl.dispatchEvent(EventDispatchChainImpl.java:114)
	at javafx.base@21/com.sun.javafx.event.EventUtil.fireEventImpl(EventUtil.java:74)
	at javafx.base@21/com.sun.javafx.event.EventUtil.fireEvent(EventUtil.java:49)
	at javafx.base@21/javafx.event.Event.fireEvent(Event.java:198)
	at javafx.graphics@21/javafx.scene.Node.fireEvent(Node.java:8875)
	at javafx.controls@21/javafx.scene.control.Button.fire(Button.java:203)
	at javafx.controls@21/com.sun.javafx.scene.control.behavior.ButtonBehavior.mouseReleased(ButtonBehavior.java:207)
	at javafx.controls@21/com.sun.javafx.scene.control.inputmap.InputMap.handle(InputMap.java:274)
	at javafx.base@21/com.sun.javafx.event.CompositeEventHandler$NormalEventHandlerRecord.handleBubblingEvent(CompositeEventHandler.java:247)
	at javafx.base@21/com.sun.javafx.event.CompositeEventHandler.dispatchBubblingEvent(CompositeEventHandler.java:80)
	at javafx.base@21/com.sun.javafx.event.EventHandlerManager.dispatchBubblingEvent(EventHandlerManager.java:232)
	at javafx.base@21/com.sun.javafx.event.EventHandlerManager.dispatchBubblingEvent(EventHandlerManager.java:189)
	at javafx.base@21/com.sun.javafx.event.CompositeEventDispatcher.dispatchBubblingEvent(CompositeEventDispatcher.java:59)
	at javafx.base@21/com.sun.javafx.event.BasicEventDispatcher.dispatchEvent(BasicEventDispatcher.java:58)
	at javafx.base@21/com.sun.javafx.event.EventDispatchChainImpl.dispatchEvent(EventDispatchChainImpl.java:114)
	at javafx.base@21/com.sun.javafx.event.BasicEventDispatcher.dispatchEvent(BasicEventDispatcher.java:56)
	at javafx.base@21/com.sun.javafx.event.EventDispatchChainImpl.dispatchEvent(EventDispatchChainImpl.java:114)
	at javafx.base@21/com.sun.javafx.event.BasicEventDispatcher.dispatchEvent(BasicEventDispatcher.java:56)
	at javafx.base@21/com.sun.javafx.event.EventDispatchChainImpl.dispatchEvent(EventDispatchChainImpl.java:114)
	at javafx.base@21/com.sun.javafx.event.EventUtil.fireEventImpl(EventUtil.java:74)
	at javafx.base@21/com.sun.javafx.event.EventUtil.fireEvent(EventUtil.java:54)
	at javafx.base@21/javafx.event.Event.fireEvent(Event.java:198)
	at javafx.graphics@21/javafx.scene.Scene$MouseHandler.process(Scene.java:3984)
	at javafx.graphics@21/javafx.scene.Scene.processMouseEvent(Scene.java:1890)
	at javafx.graphics@21/javafx.scene.Scene$ScenePeerListener.mouseEvent(Scene.java:2708)
	at javafx.graphics@21/com.sun.javafx.tk.quantum.GlassViewEventHandler$MouseEventNotification.run(GlassViewEventHandler.java:411)
	at javafx.graphics@21/com.sun.javafx.tk.quantum.GlassViewEventHandler$MouseEventNotification.run(GlassViewEventHandler.java:301)
	at java.base/java.security.AccessController.doPrivileged(AccessController.java:138)
	at javafx.graphics@21/com.sun.javafx.tk.quantum.GlassViewEventHandler.lambda$handleMouseEvent$2(GlassViewEventHandler.java:450)
	at javafx.graphics@21/com.sun.javafx.tk.quantum.QuantumToolkit.runWithoutRenderLock(QuantumToolkit.java:424)
	at javafx.graphics@21/com.sun.javafx.tk.quantum.GlassViewEventHandler.handleMouseEvent(GlassViewEventHandler.java:449)
	at javafx.graphics@21/com.sun.glass.ui.View.handleMouseEvent(View.java:551)
	at javafx.graphics@21/com.sun.glass.ui.View.notifyMouse(View.java:937)
	at javafx.graphics@21/com.sun.glass.ui.mac.MacView.notifyMouse(MacView.java:127)
2025-12-23 14:21:26.252 [pool-2-thread-1] INFO  SnakesGame - Sent multicast announcement to 239.192.0.4:9192 (51 bytes)
2025-12-23 14:21:27.254 [pool-2-thread-1] INFO  SnakesGame - Sent multicast announcement to 239.192.0.4:9192 (51 bytes)
2025-12-23 14:21:28.258 [pool-2-thread-1] INFO  SnakesGame - Sent multicast announcement to 239.192.0.4:9192 (51 bytes)
2025-12-23 14:21:29.257 [pool-2-thread-3] INFO  SnakesGame - Sent multicast announcement to 239.192.0.4:9192 (51 bytes)
2025-12-23 14:21:30.255 [pool-2-thread-3] INFO  SnakesGame - Sent multicast announcement to 239.192.0.4:9192 (51 bytes)
2025-12-23 14:21:30.520 [JavaFX Application Thread] INFO  SnakesGame - Exiting application
2025-12-23 14:21:31.256 [pool-2-thread-1] INFO  SnakesGame - Sent multicast announcement to 239.192.0.4:9192 (51 bytes)
2025-12-23 14:21:32.260 [pool-2-thread-2] INFO  SnakesGame - Sent multicast announcement to 239.192.0.4:9192 (51 bytes)
2025-12-23 14:21:33.256 [pool-2-thread-3] INFO  SnakesGame - Sent multicast announcement to 239.192.0.4:9192 (51 bytes)
2025-12-23 14:21:34.253 [pool-2-thread-3] INFO  SnakesGame - Sent multicast announcement to 239.192.0.4:9192 (51 bytes)
2025-12-23 14:21:35.253 [pool-2-thread-3] INFO  SnakesGame - Sent multicast announcement to 239.192.0.4:9192 (51 bytes)
2025-12-23 14:21:36.257 [pool-2-thread-1] INFO  SnakesGame - Sent multicast announcement to 239.192.0.4:9192 (51 bytes)
2025-12-23 14:21:37.258 [pool-2-thread-3] INFO  SnakesGame - Sent multicast announcement to 239.192.0.4:9192 (51 bytes)
2025-12-23 14:21:37.863 [JavaFX Application Thread] INFO  SnakesGame - Leaving game
2025-12-23 14:21:37.863 [JavaFX Application Thread] INFO  SnakesGame - MASTER node stopped
2025-12-23 14:21:37.865 [JavaFX Application Thread] INFO  SnakesGame - UDP Transport stopped
2025-12-23 14:21:37.866 [JavaFX Application Thread] INFO  SnakesGame - Found suitable interface: en0 with IPv4: 10.9.34.254
2025-12-23 14:21:37.867 [JavaFX Application Thread] INFO  SnakesGame - Multicast discovery stopped
2025-12-23 14:21:37.867 [JavaFX Application Thread] INFO  SnakesGame - NetworkManager stopped
2025-12-23 14:21:37.867 [] INFO  SnakesGame - Multicast listen loop stopped
2025-12-23 14:21:37.868 [JavaFX Application Thread] INFO  SnakesGame - Left game successfully
2025-12-23 14:21:37.868 [JavaFX Application Thread] INFO  SnakesGame - Exiting to main menu
2025-12-23 14:21:39.364 [JavaFX Application Thread] INFO  SnakesGame - Opening Create Game dialog
2025-12-23 14:21:46.224 [JavaFX Application Thread] INFO  SnakesGame - Creating new game: ййй
2025-12-23 14:21:46.226 [JavaFX Application Thread] INFO  SnakesGame - UDP Transport started on port 9190
2025-12-23 14:21:46.226 [JavaFX Application Thread] INFO  SnakesGame - Looking for suitable multicast interface...
2025-12-23 14:21:46.227 [JavaFX Application Thread] INFO  SnakesGame - Found suitable interface: en0 with IPv4: 10.9.34.254
2025-12-23 14:21:46.228 [JavaFX Application Thread] INFO  SnakesGame - Joined multicast group using interface: en0 (en0)
2025-12-23 14:21:46.228 [JavaFX Application Thread] INFO  SnakesGame - Set multicast send interface to: en0 (en0)
2025-12-23 14:21:46.228 [JavaFX Application Thread] INFO  SnakesGame - Multicast discovery started on 239.192.0.4:9192
2025-12-23 14:21:46.228 [JavaFX Application Thread] INFO  SnakesGame - NetworkManager started successfully
2025-12-23 14:21:46.228 [JavaFX Application Thread] INFO  SnakesGame - Creating new GameEngine for new game
2025-12-23 14:21:46.228 [] INFO  SnakesGame - Multicast listen loop started
2025-12-23 14:21:46.229 [JavaFX Application Thread] INFO  SnakesGame - Created snake for player 3: head=Coord[x=9, y=8], tail=Coord[x=9, y=9], direction=UP
2025-12-23 14:21:46.229 [JavaFX Application Thread] INFO  SnakesGame - Player 11 joined the game with snake at Coord[x=9, y=7]
2025-12-23 14:21:46.229 [JavaFX Application Thread] INFO  SnakesGame - Master created with snake at Coord[x=9, y=7]
2025-12-23 14:21:46.229 [JavaFX Application Thread] INFO  SnakesGame - Using existing GameEngine from onStart()
2025-12-23 14:21:46.229 [JavaFX Application Thread] INFO  SnakesGame - Starting timeout checker: timeoutMs=3000, checkInterval=1500ms
2025-12-23 14:21:46.229 [JavaFX Application Thread] INFO  SnakesGame - MASTER node started for player 11
2025-12-23 14:21:46.229 [JavaFX Application Thread] INFO  SnakesGame - MASTER node started for player 11
2025-12-23 14:21:46.229 [JavaFX Application Thread] INFO  SnakesGame - Game created successfully as MASTER
2025-12-23 14:21:46.229 [JavaFX Application Thread] INFO  SnakesGame - Game created: ййй
2025-12-23 14:21:46.230 [pool-3-thread-1] INFO  SnakesGame - Sent multicast announcement to 239.192.0.4:9192 (57 bytes)
2025-12-23 14:21:46.231 [] INFO  SnakesGame - Discovered game: ййй from /10.9.34.254:9190
2025-12-23 14:21:46.238 [JavaFX Application Thread] INFO  SnakesGame - GameController initialized
2025-12-23 14:21:46.239 [JavaFX Application Thread] INFO  SnakesGame - GameService connected to GameController
2025-12-23 14:21:47.237 [pool-3-thread-3] INFO  SnakesGame - Sent multicast announcement to 239.192.0.4:9192 (57 bytes)
2025-12-23 14:21:47.240 [] INFO  SnakesGame - Discovered game: ййй from /10.9.34.254:9190
2025-12-23 14:21:48.238 [pool-3-thread-1] INFO  SnakesGame - Sent multicast announcement to 239.192.0.4:9192 (57 bytes)
2025-12-23 14:21:48.239 [] INFO  SnakesGame - Discovered game: ййй from /10.9.34.254:9190
2025-12-23 14:21:49.232 [pool-3-thread-2] INFO  SnakesGame - Sent multicast announcement to 239.192.0.4:9192 (57 bytes)
2025-12-23 14:21:49.233 [] INFO  SnakesGame - Discovered game: ййй from /10.9.34.254:9190
2025-12-23 14:21:50.239 [pool-3-thread-1] INFO  SnakesGame - Sent multicast announcement to 239.192.0.4:9192 (57 bytes)
2025-12-23 14:21:50.239 [] INFO  SnakesGame - Discovered game: ййй from /10.9.34.254:9190
2025-12-23 14:21:51.236 [pool-3-thread-2] INFO  SnakesGame - Sent multicast announcement to 239.192.0.4:9192 (57 bytes)
2025-12-23 14:21:51.236 [] INFO  SnakesGame - Discovered game: ййй from /10.9.34.254:9190
2025-12-23 14:21:52.238 [pool-3-thread-3] INFO  SnakesGame - Sent multicast announcement to 239.192.0.4:9192 (57 bytes)
2025-12-23 14:21:52.238 [] INFO  SnakesGame - Discovered game: ййй from /10.9.34.254:9190
2025-12-23 14:21:53.235 [pool-3-thread-3] INFO  SnakesGame - Sent multicast announcement to 239.192.0.4:9192 (57 bytes)
2025-12-23 14:21:53.235 [] INFO  SnakesGame - Discovered game: ййй from /10.9.34.254:9190
2025-12-23 14:21:53.245 [JavaFX Application Thread] INFO  SnakesGame - Leaving game
2025-12-23 14:21:53.245 [JavaFX Application Thread] INFO  SnakesGame - MASTER node stopped
2025-12-23 14:21:53.246 [JavaFX Application Thread] INFO  SnakesGame - UDP Transport stopped
2025-12-23 14:21:53.246 [JavaFX Application Thread] INFO  SnakesGame - Found suitable interface: en0 with IPv4: 10.9.34.254
2025-12-23 14:21:53.246 [JavaFX Application Thread] INFO  SnakesGame - Multicast discovery stopped
2025-12-23 14:21:53.246 [JavaFX Application Thread] INFO  SnakesGame - NetworkManager stopped
2025-12-23 14:21:53.246 [JavaFX Application Thread] INFO  SnakesGame - Left game successfully
2025-12-23 14:21:53.246 [JavaFX Application Thread] INFO  SnakesGame - Exiting to main menu
2025-12-23 14:21:53.246 [] INFO  SnakesGame - Multicast listen loop stopped
2025-12-23 14:24:27.840 [JavaFX Application Thread] INFO  SnakesGame - Starting Snakes Application
2025-12-23 14:24:29.015 [JavaFX Application Thread] INFO  SnakesGame - Opening Create Game dialog
2025-12-23 14:24:32.063 [JavaFX Application Thread] INFO  SnakesGame - Creating new game: й
2025-12-23 14:24:32.078 [JavaFX Application Thread] INFO  SnakesGame - UDP Transport started on port 9190
2025-12-23 14:24:32.078 [JavaFX Application Thread] INFO  SnakesGame - Looking for suitable multicast interface...
2025-12-23 14:24:32.081 [JavaFX Application Thread] INFO  SnakesGame - Found suitable interface: utun4 with IPv4: 198.18.0.1
2025-12-23 14:24:32.081 [JavaFX Application Thread] INFO  SnakesGame - Joined multicast group using interface: utun4 (utun4)
2025-12-23 14:24:32.082 [JavaFX Application Thread] INFO  SnakesGame - Set multicast send interface to: utun4 (utun4)
2025-12-23 14:24:32.084 [JavaFX Application Thread] INFO  SnakesGame - Multicast discovery started on 239.192.0.4:9192
2025-12-23 14:24:32.084 [] INFO  SnakesGame - Multicast listen loop started
2025-12-23 14:24:32.088 [JavaFX Application Thread] INFO  SnakesGame - NetworkManager started successfully
2025-12-23 14:24:32.089 [JavaFX Application Thread] INFO  SnakesGame - Creating new GameEngine for new game
2025-12-23 14:24:32.095 [JavaFX Application Thread] INFO  SnakesGame - Created snake for player 1: head=Coord[x=25, y=3], tail=Coord[x=25, y=2], direction=DOWN
2025-12-23 14:24:32.098 [JavaFX Application Thread] INFO  SnakesGame - Player й joined the game with snake at Coord[x=25, y=4]
2025-12-23 14:24:32.098 [JavaFX Application Thread] INFO  SnakesGame - Master created with snake at Coord[x=25, y=4]
2025-12-23 14:24:32.099 [JavaFX Application Thread] INFO  SnakesGame - Using existing GameEngine from onStart()
2025-12-23 14:24:32.100 [JavaFX Application Thread] INFO  SnakesGame - Starting timeout checker: timeoutMs=3000, checkInterval=1500ms
2025-12-23 14:24:32.100 [JavaFX Application Thread] INFO  SnakesGame - MASTER node started for player й
2025-12-23 14:24:32.100 [JavaFX Application Thread] INFO  SnakesGame - MASTER node started for player й
2025-12-23 14:24:32.100 [JavaFX Application Thread] INFO  SnakesGame - Game created successfully as MASTER
2025-12-23 14:24:32.100 [JavaFX Application Thread] INFO  SnakesGame - Game created: й
2025-12-23 14:24:32.129 [pool-2-thread-3] INFO  SnakesGame - Sent multicast announcement to 239.192.0.4:9192 (52 bytes)
2025-12-23 14:24:32.132 [JavaFX Application Thread] INFO  SnakesGame - GameController initialized
2025-12-23 14:24:32.133 [JavaFX Application Thread] INFO  SnakesGame - GameService connected to GameController
2025-12-23 14:24:32.133 [] INFO  SnakesGame - Discovered game: й from /198.18.0.1:9190
2025-12-23 14:24:33.108 [pool-2-thread-1] INFO  SnakesGame - Sent multicast announcement to 239.192.0.4:9192 (52 bytes)
2025-12-23 14:24:33.108 [] INFO  SnakesGame - Discovered game: й from /198.18.0.1:9190
2025-12-23 14:24:34.108 [pool-2-thread-1] INFO  SnakesGame - Sent multicast announcement to 239.192.0.4:9192 (52 bytes)
2025-12-23 14:24:34.108 [] INFO  SnakesGame - Discovered game: й from /198.18.0.1:9190
2025-12-23 14:24:35.106 [pool-2-thread-1] INFO  SnakesGame - Sent multicast announcement to 239.192.0.4:9192 (52 bytes)
2025-12-23 14:24:35.117 [] INFO  SnakesGame - Discovered game: й from /198.18.0.1:9190
2025-12-23 14:24:35.477 [JavaFX Application Thread] INFO  SnakesGame - Leaving game
2025-12-23 14:24:35.478 [JavaFX Application Thread] INFO  SnakesGame - MASTER node stopped
2025-12-23 14:24:35.479 [JavaFX Application Thread] INFO  SnakesGame - UDP Transport stopped
2025-12-23 14:24:35.480 [JavaFX Application Thread] INFO  SnakesGame - Found suitable interface: utun4 with IPv4: 198.18.0.1
2025-12-23 14:24:35.481 [JavaFX Application Thread] INFO  SnakesGame - Multicast discovery stopped
2025-12-23 14:24:35.481 [JavaFX Application Thread] INFO  SnakesGame - NetworkManager stopped
2025-12-23 14:24:35.481 [JavaFX Application Thread] INFO  SnakesGame - Left game successfully
2025-12-23 14:24:35.481 [] INFO  SnakesGame - Multicast listen loop stopped
2025-12-23 14:24:35.481 [JavaFX Application Thread] INFO  SnakesGame - Exiting to main menu
2025-12-23 14:24:36.452 [JavaFX Application Thread] INFO  SnakesGame - Opening Create Game dialog
2025-12-23 14:24:42.085 [JavaFX Application Thread] INFO  SnakesGame - Creating new game: й
2025-12-23 14:24:42.087 [JavaFX Application Thread] INFO  SnakesGame - UDP Transport started on port 9190
2025-12-23 14:24:42.088 [JavaFX Application Thread] INFO  SnakesGame - Looking for suitable multicast interface...
2025-12-23 14:24:42.090 [JavaFX Application Thread] INFO  SnakesGame - Found suitable interface: utun4 with IPv4: 198.18.0.1
2025-12-23 14:24:42.090 [JavaFX Application Thread] INFO  SnakesGame - Joined multicast group using interface: utun4 (utun4)
2025-12-23 14:24:42.090 [JavaFX Application Thread] INFO  SnakesGame - Set multicast send interface to: utun4 (utun4)
2025-12-23 14:24:42.090 [JavaFX Application Thread] INFO  SnakesGame - Multicast discovery started on 239.192.0.4:9192
2025-12-23 14:24:42.091 [JavaFX Application Thread] INFO  SnakesGame - NetworkManager started successfully
2025-12-23 14:24:42.091 [JavaFX Application Thread] INFO  SnakesGame - Creating new GameEngine for new game
2025-12-23 14:24:42.091 [] INFO  SnakesGame - Multicast listen loop started
2025-12-23 14:24:42.092 [JavaFX Application Thread] INFO  SnakesGame - Created snake for player 2: head=Coord[x=9, y=9], tail=Coord[x=9, y=8], direction=DOWN
2025-12-23 14:24:42.092 [JavaFX Application Thread] INFO  SnakesGame - Player й joined the game with snake at Coord[x=9, y=0]
2025-12-23 14:24:42.092 [JavaFX Application Thread] INFO  SnakesGame - Master created with snake at Coord[x=9, y=0]
2025-12-23 14:24:42.092 [JavaFX Application Thread] INFO  SnakesGame - Using existing GameEngine from onStart()
2025-12-23 14:24:42.093 [JavaFX Application Thread] INFO  SnakesGame - Starting timeout checker: timeoutMs=3000, checkInterval=1500ms
2025-12-23 14:24:42.093 [JavaFX Application Thread] INFO  SnakesGame - MASTER node started for player й
2025-12-23 14:24:42.093 [JavaFX Application Thread] INFO  SnakesGame - MASTER node started for player й
2025-12-23 14:24:42.093 [JavaFX Application Thread] INFO  SnakesGame - Game created successfully as MASTER
2025-12-23 14:24:42.093 [JavaFX Application Thread] INFO  SnakesGame - Game created: й
2025-12-23 14:24:42.093 [pool-3-thread-3] INFO  SnakesGame - Sent multicast announcement to 239.192.0.4:9192 (52 bytes)
2025-12-23 14:24:42.094 [] INFO  SnakesGame - Discovered game: й from /198.18.0.1:9190
2025-12-23 14:24:42.101 [JavaFX Application Thread] INFO  SnakesGame - GameController initialized
2025-12-23 14:24:42.101 [JavaFX Application Thread] INFO  SnakesGame - GameService connected to GameController
2025-12-23 14:24:43.098 [pool-3-thread-1] INFO  SnakesGame - Sent multicast announcement to 239.192.0.4:9192 (52 bytes)
2025-12-23 14:24:43.101 [] INFO  SnakesGame - Discovered game: й from /198.18.0.1:9190
2025-12-23 14:24:44.100 [pool-3-thread-3] INFO  SnakesGame - Sent multicast announcement to 239.192.0.4:9192 (52 bytes)
2025-12-23 14:24:44.100 [] INFO  SnakesGame - Discovered game: й from /198.18.0.1:9190
2025-12-23 14:24:45.100 [pool-3-thread-2] INFO  SnakesGame - Sent multicast announcement to 239.192.0.4:9192 (52 bytes)
2025-12-23 14:24:45.100 [] INFO  SnakesGame - Discovered game: й from /198.18.0.1:9190
2025-12-23 14:24:46.096 [pool-3-thread-2] INFO  SnakesGame - Sent multicast announcement to 239.192.0.4:9192 (52 bytes)
2025-12-23 14:24:46.096 [] INFO  SnakesGame - Discovered game: й from /198.18.0.1:9190
2025-12-23 14:24:47.100 [pool-3-thread-1] INFO  SnakesGame - Sent multicast announcement to 239.192.0.4:9192 (52 bytes)
2025-12-23 14:24:47.100 [] INFO  SnakesGame - Discovered game: й from /198.18.0.1:9190
2025-12-23 14:24:48.098 [pool-3-thread-3] INFO  SnakesGame - Sent multicast announcement to 239.192.0.4:9192 (52 bytes)
2025-12-23 14:24:48.100 [] INFO  SnakesGame - Discovered game: й from /198.18.0.1:9190
2025-12-23 14:24:49.100 [pool-3-thread-2] INFO  SnakesGame - Sent multicast announcement to 239.192.0.4:9192 (52 bytes)
2025-12-23 14:24:49.101 [] INFO  SnakesGame - Discovered game: й from /198.18.0.1:9190
2025-12-23 14:24:50.100 [pool-3-thread-3] INFO  SnakesGame - Sent multicast announcement to 239.192.0.4:9192 (52 bytes)
2025-12-23 14:24:50.102 [] INFO  SnakesGame - Discovered game: й from /198.18.0.1:9190
2025-12-23 14:24:51.103 [pool-3-thread-3] INFO  SnakesGame - Sent multicast announcement to 239.192.0.4:9192 (52 bytes)
2025-12-23 14:24:51.103 [] INFO  SnakesGame - Discovered game: й from /198.18.0.1:9190
2025-12-23 14:24:52.103 [pool-3-thread-2] INFO  SnakesGame - Sent multicast announcement to 239.192.0.4:9192 (52 bytes)
2025-12-23 14:24:52.104 [] INFO  SnakesGame - Discovered game: й from /198.18.0.1:9190
2025-12-23 14:24:53.100 [pool-3-thread-3] INFO  SnakesGame - Sent multicast announcement to 239.192.0.4:9192 (52 bytes)
2025-12-23 14:24:53.103 [] INFO  SnakesGame - Discovered game: й from /198.18.0.1:9190
2025-12-23 14:24:54.100 [pool-3-thread-2] INFO  SnakesGame - Sent multicast announcement to 239.192.0.4:9192 (52 bytes)
2025-12-23 14:24:54.100 [] INFO  SnakesGame - Discovered game: й from /198.18.0.1:9190
2025-12-23 14:24:55.100 [pool-3-thread-1] INFO  SnakesGame - Sent multicast announcement to 239.192.0.4:9192 (52 bytes)
2025-12-23 14:24:55.101 [] INFO  SnakesGame - Discovered game: й from /198.18.0.1:9190
2025-12-23 14:24:56.100 [pool-3-thread-3] INFO  SnakesGame - Sent multicast announcement to 239.192.0.4:9192 (52 bytes)
2025-12-23 14:24:56.101 [] INFO  SnakesGame - Discovered game: й from /198.18.0.1:9190
2025-12-23 14:24:57.098 [pool-3-thread-1] INFO  SnakesGame - Sent multicast announcement to 239.192.0.4:9192 (52 bytes)
2025-12-23 14:24:57.101 [] INFO  SnakesGame - Discovered game: й from /198.18.0.1:9190
2025-12-23 14:24:58.098 [pool-3-thread-2] INFO  SnakesGame - Sent multicast announcement to 239.192.0.4:9192 (52 bytes)
2025-12-23 14:24:58.099 [] INFO  SnakesGame - Discovered game: й from /198.18.0.1:9190
2025-12-23 14:24:59.099 [pool-3-thread-3] INFO  SnakesGame - Sent multicast announcement to 239.192.0.4:9192 (52 bytes)
2025-12-23 14:24:59.100 [] INFO  SnakesGame - Discovered game: й from /198.18.0.1:9190
2025-12-23 14:25:00.099 [pool-3-thread-2] INFO  SnakesGame - Sent multicast announcement to 239.192.0.4:9192 (52 bytes)
2025-12-23 14:25:00.099 [] INFO  SnakesGame - Discovered game: й from /198.18.0.1:9190
2025-12-23 14:25:01.101 [pool-3-thread-1] INFO  SnakesGame - Sent multicast announcement to 239.192.0.4:9192 (52 bytes)
2025-12-23 14:25:01.101 [] INFO  SnakesGame - Discovered game: й from /198.18.0.1:9190
2025-12-23 14:25:02.098 [pool-3-thread-3] INFO  SnakesGame - Sent multicast announcement to 239.192.0.4:9192 (52 bytes)
2025-12-23 14:25:02.099 [] INFO  SnakesGame - Discovered game: й from /198.18.0.1:9190
2025-12-23 14:25:03.098 [pool-3-thread-1] INFO  SnakesGame - Sent multicast announcement to 239.192.0.4:9192 (52 bytes)
2025-12-23 14:25:03.100 [] INFO  SnakesGame - Discovered game: й from /198.18.0.1:9190
2025-12-23 14:25:04.098 [pool-3-thread-2] INFO  SnakesGame - Sent multicast announcement to 239.192.0.4:9192 (52 bytes)
2025-12-23 14:25:04.099 [] INFO  SnakesGame - Discovered game: й from /198.18.0.1:9190
2025-12-23 14:25:05.101 [pool-3-thread-3] INFO  SnakesGame - Sent multicast announcement to 239.192.0.4:9192 (52 bytes)
2025-12-23 14:25:05.103 [] INFO  SnakesGame - Discovered game: й from /198.18.0.1:9190
2025-12-23 14:25:06.098 [pool-3-thread-3] INFO  SnakesGame - Sent multicast announcement to 239.192.0.4:9192 (52 bytes)
2025-12-23 14:25:06.098 [] INFO  SnakesGame - Discovered game: й from /198.18.0.1:9190
2025-12-23 14:25:07.103 [pool-3-thread-3] INFO  SnakesGame - Sent multicast announcement to 239.192.0.4:9192 (52 bytes)
2025-12-23 14:25:07.103 [] INFO  SnakesGame - Discovered game: й from /198.18.0.1:9190
2025-12-23 14:25:08.099 [pool-3-thread-1] INFO  SnakesGame - Sent multicast announcement to 239.192.0.4:9192 (52 bytes)
2025-12-23 14:25:08.100 [] INFO  SnakesGame - Discovered game: й from /198.18.0.1:9190
2025-12-23 14:25:09.099 [pool-3-thread-3] INFO  SnakesGame - Sent multicast announcement to 239.192.0.4:9192 (52 bytes)
2025-12-23 14:25:09.101 [] INFO  SnakesGame - Discovered game: й from /198.18.0.1:9190
2025-12-23 14:25:10.098 [pool-3-thread-2] INFO  SnakesGame - Sent multicast announcement to 239.192.0.4:9192 (52 bytes)
2025-12-23 14:25:10.099 [] INFO  SnakesGame - Discovered game: й from /198.18.0.1:9190
2025-12-23 14:25:11.097 [pool-3-thread-3] INFO  SnakesGame - Sent multicast announcement to 239.192.0.4:9192 (52 bytes)
2025-12-23 14:25:11.098 [] INFO  SnakesGame - Discovered game: й from /198.18.0.1:9190
2025-12-23 14:25:12.100 [pool-3-thread-3] INFO  SnakesGame - Sent multicast announcement to 239.192.0.4:9192 (52 bytes)
2025-12-23 14:25:12.101 [] INFO  SnakesGame - Discovered game: й from /198.18.0.1:9190
2025-12-23 14:25:13.098 [pool-3-thread-1] INFO  SnakesGame - Sent multicast announcement to 239.192.0.4:9192 (52 bytes)
2025-12-23 14:25:13.100 [] INFO  SnakesGame - Discovered game: й from /198.18.0.1:9190
2025-12-23 14:25:14.095 [pool-3-thread-3] INFO  SnakesGame - Sent multicast announcement to 239.192.0.4:9192 (52 bytes)
2025-12-23 14:25:14.097 [] INFO  SnakesGame - Discovered game: й from /198.18.0.1:9190
2025-12-23 14:25:15.098 [pool-3-thread-3] INFO  SnakesGame - Sent multicast announcement to 239.192.0.4:9192 (52 bytes)
2025-12-23 14:25:15.098 [] INFO  SnakesGame - Discovered game: й from /198.18.0.1:9190
2025-12-23 14:25:16.099 [pool-3-thread-3] INFO  SnakesGame - Sent multicast announcement to 239.192.0.4:9192 (52 bytes)
2025-12-23 14:25:16.101 [] INFO  SnakesGame - Discovered game: й from /198.18.0.1:9190
2025-12-23 14:25:17.097 [pool-3-thread-1] INFO  SnakesGame - Sent multicast announcement to 239.192.0.4:9192 (52 bytes)
2025-12-23 14:25:17.097 [] INFO  SnakesGame - Discovered game: й from /198.18.0.1:9190
2025-12-23 14:25:18.096 [pool-3-thread-1] INFO  SnakesGame - Sent multicast announcement to 239.192.0.4:9192 (52 bytes)
2025-12-23 14:25:18.096 [] INFO  SnakesGame - Discovered game: й from /198.18.0.1:9190
2025-12-23 14:25:19.100 [pool-3-thread-1] INFO  SnakesGame - Sent multicast announcement to 239.192.0.4:9192 (52 bytes)
2025-12-23 14:25:19.102 [] INFO  SnakesGame - Discovered game: й from /198.18.0.1:9190
2025-12-23 14:25:20.097 [pool-3-thread-1] INFO  SnakesGame - Sent multicast announcement to 239.192.0.4:9192 (52 bytes)
2025-12-23 14:25:20.098 [] INFO  SnakesGame - Discovered game: й from /198.18.0.1:9190
2025-12-23 14:25:21.096 [pool-3-thread-2] INFO  SnakesGame - Sent multicast announcement to 239.192.0.4:9192 (52 bytes)
2025-12-23 14:25:21.097 [] INFO  SnakesGame - Discovered game: й from /198.18.0.1:9190
2025-12-23 14:25:22.097 [pool-3-thread-2] INFO  SnakesGame - Sent multicast announcement to 239.192.0.4:9192 (52 bytes)
2025-12-23 14:25:22.097 [] INFO  SnakesGame - Discovered game: й from /198.18.0.1:9190
2025-12-23 14:25:23.097 [pool-3-thread-1] INFO  SnakesGame - Sent multicast announcement to 239.192.0.4:9192 (52 bytes)
2025-12-23 14:25:23.097 [] INFO  SnakesGame - Discovered game: й from /198.18.0.1:9190
2025-12-23 14:25:24.100 [pool-3-thread-1] INFO  SnakesGame - Sent multicast announcement to 239.192.0.4:9192 (52 bytes)
2025-12-23 14:25:24.101 [] INFO  SnakesGame - Discovered game: й from /198.18.0.1:9190
2025-12-23 14:25:25.098 [pool-3-thread-3] INFO  SnakesGame - Sent multicast announcement to 239.192.0.4:9192 (52 bytes)
2025-12-23 14:25:25.100 [] INFO  SnakesGame - Discovered game: й from /198.18.0.1:9190
2025-12-23 14:25:26.098 [pool-3-thread-3] INFO  SnakesGame - Sent multicast announcement to 239.192.0.4:9192 (52 bytes)
2025-12-23 14:25:26.100 [] INFO  SnakesGame - Discovered game: й from /198.18.0.1:9190
2025-12-23 14:25:27.102 [pool-3-thread-2] INFO  SnakesGame - Sent multicast announcement to 239.192.0.4:9192 (52 bytes)
2025-12-23 14:25:27.103 [] INFO  SnakesGame - Discovered game: й from /198.18.0.1:9190
2025-12-23 14:25:28.098 [pool-3-thread-2] INFO  SnakesGame - Sent multicast announcement to 239.192.0.4:9192 (52 bytes)
2025-12-23 14:25:28.102 [] INFO  SnakesGame - Discovered game: й from /198.18.0.1:9190
2025-12-23 14:25:28.918 [JavaFX Application Thread] INFO  SnakesGame - Opening Lobby
2025-12-23 14:25:28.931 [JavaFX Application Thread] INFO  SnakesGame - Looking for suitable multicast interface...
2025-12-23 14:25:28.932 [JavaFX Application Thread] INFO  SnakesGame - Found suitable interface: utun4 with IPv4: 198.18.0.1
2025-12-23 14:25:28.932 [JavaFX Application Thread] INFO  SnakesGame - Joined multicast group using interface: utun4 (utun4)
2025-12-23 14:25:28.932 [JavaFX Application Thread] INFO  SnakesGame - Set multicast send interface to: utun4 (utun4)
2025-12-23 14:25:28.932 [JavaFX Application Thread] INFO  SnakesGame - Multicast discovery started on 239.192.0.4:9192
2025-12-23 14:25:28.932 [] INFO  SnakesGame - Multicast listen loop started
2025-12-23 14:25:28.932 [JavaFX Application Thread] INFO  SnakesGame - Discovery service started
2025-12-23 14:25:28.932 [JavaFX Application Thread] INFO  SnakesGame - Discovery started in lobby
2025-12-23 14:25:29.093 [pool-3-thread-3] INFO  SnakesGame - Sent multicast announcement to 239.192.0.4:9192 (52 bytes)
2025-12-23 14:25:29.093 [] INFO  SnakesGame - Discovered game: й from /198.18.0.1:9190
2025-12-23 14:25:29.094 [] INFO  SnakesGame - Discovered new game: й at /198.18.0.1:9190
2025-12-23 14:25:29.094 [] INFO  SnakesGame - Discovered game: й from /198.18.0.1:9190
2025-12-23 14:25:29.094 [JavaFX Application Thread] INFO  SnakesGame - Game added to lobby: й at /198.18.0.1:9190
2025-12-23 14:25:30.102 [pool-3-thread-3] INFO  SnakesGame - Sent multicast announcement to 239.192.0.4:9192 (52 bytes)
2025-12-23 14:25:30.105 [] INFO  SnakesGame - Discovered game: й from /198.18.0.1:9190
2025-12-23 14:25:30.105 [] INFO  SnakesGame - Discovered game: й from /198.18.0.1:9190
2025-12-23 14:25:31.102 [pool-3-thread-1] INFO  SnakesGame - Sent multicast announcement to 239.192.0.4:9192 (52 bytes)
2025-12-23 14:25:31.102 [] INFO  SnakesGame - Discovered game: й from /198.18.0.1:9190
2025-12-23 14:25:31.103 [] INFO  SnakesGame - Discovered game: й from /198.18.0.1:9190
2025-12-23 14:25:32.100 [pool-3-thread-2] INFO  SnakesGame - Sent multicast announcement to 239.192.0.4:9192 (52 bytes)
2025-12-23 14:25:32.102 [] INFO  SnakesGame - Discovered game: й from /198.18.0.1:9190
2025-12-23 14:25:32.103 [] INFO  SnakesGame - Discovered game: й from /198.18.0.1:9190
2025-12-23 14:25:33.101 [pool-3-thread-2] INFO  SnakesGame - Sent multicast announcement to 239.192.0.4:9192 (52 bytes)
2025-12-23 14:25:33.101 [] INFO  SnakesGame - Discovered game: й from /198.18.0.1:9190
2025-12-23 14:25:33.101 [] INFO  SnakesGame - Discovered game: й from /198.18.0.1:9190
2025-12-23 14:25:33.449 [JavaFX Application Thread] INFO  SnakesGame - Connecting to master at /198.18.0.1:9190
2025-12-23 14:25:33.449 [JavaFX Application Thread] INFO  SnakesGame - Joining game: й
2025-12-23 14:25:33.450 [JavaFX Application Thread] INFO  SnakesGame - UDP Transport started on port 55169
2025-12-23 14:25:33.450 [JavaFX Application Thread] INFO  SnakesGame - Looking for suitable multicast interface...
2025-12-23 14:25:33.451 [JavaFX Application Thread] INFO  SnakesGame - Found suitable interface: utun4 with IPv4: 198.18.0.1
2025-12-23 14:25:33.451 [JavaFX Application Thread] INFO  SnakesGame - Joined multicast group using interface: utun4 (utun4)
2025-12-23 14:25:33.452 [JavaFX Application Thread] INFO  SnakesGame - Set multicast send interface to: utun4 (utun4)
2025-12-23 14:25:33.452 [JavaFX Application Thread] INFO  SnakesGame - Multicast discovery started on 239.192.0.4:9192
2025-12-23 14:25:33.452 [] INFO  SnakesGame - Multicast listen loop started
2025-12-23 14:25:33.452 [JavaFX Application Thread] INFO  SnakesGame - NetworkManager started successfully
2025-12-23 14:25:33.453 [JavaFX Application Thread] INFO  SnakesGame - [ACK-MGR] Registered NEW peer: /198.18.0.1:9190 with playerId=0
2025-12-23 14:25:33.456 [JavaFX Application Thread] INFO  SnakesGame - NormalNode started, master at /198.18.0.1:9190
2025-12-23 14:25:33.456 [JavaFX Application Thread] INFO  SnakesGame - NORMAL node started for player 11
2025-12-23 14:25:33.456 [JavaFX Application Thread] INFO  SnakesGame - [CLIENT-JOIN] Sending JOIN to /198.18.0.1:9190 (player: 11, role: NORMAL, seq: 258)
2025-12-23 14:25:33.457 [JavaFX Application Thread] INFO  SnakesGame - [UDP-SEND] 19 bytes to /198.18.0.1:9190 (local port: 55169)
2025-12-23 14:25:33.457 [JavaFX Application Thread] INFO  SnakesGame - [ACK-MGR] Sent message seq=258 to /198.18.0.1:9190, waiting for ACK
2025-12-23 14:25:33.457 [JavaFX Application Thread] INFO  SnakesGame - Join request sent to master at /198.18.0.1:9190
2025-12-23 14:25:33.457 [JavaFX Application Thread] INFO  SnakesGame - Client started, waiting for role assignment
2025-12-23 14:25:33.457 [JavaFX Application Thread] INFO  SnakesGame - Joined game: й
2025-12-23 14:25:33.458 [JavaFX Application Thread] INFO  SnakesGame - Found suitable interface: utun4 with IPv4: 198.18.0.1
2025-12-23 14:25:33.458 [JavaFX Application Thread] INFO  SnakesGame - Multicast discovery stopped
2025-12-23 14:25:33.458 [JavaFX Application Thread] INFO  SnakesGame - Discovery service stopped
2025-12-23 14:25:33.458 [] INFO  SnakesGame - Multicast listen loop stopped
2025-12-23 14:25:33.464 [JavaFX Application Thread] INFO  SnakesGame - GameController initialized
2025-12-23 14:25:33.464 [JavaFX Application Thread] INFO  SnakesGame - GameService connected to GameController
2025-12-23 14:25:33.963 [] INFO  SnakesGame - [UDP-SEND] 19 bytes to /198.18.0.1:9190 (local port: 55169)
2025-12-23 14:25:33.965 [] WARN  SnakesGame - [ACK-MGR] ⟳ Retransmitting seq=258 to /198.18.0.1:9190 (retry 1/5)
2025-12-23 14:25:34.097 [pool-3-thread-2] INFO  SnakesGame - Sent multicast announcement to 239.192.0.4:9192 (52 bytes)
2025-12-23 14:25:34.100 [] INFO  SnakesGame - Discovered game: й from /198.18.0.1:9190
2025-12-23 14:25:34.100 [] INFO  SnakesGame - Discovered game: й from /198.18.0.1:9190
2025-12-23 14:25:34.462 [pool-4-thread-2] INFO  SnakesGame - [UDP-SEND] 9 bytes to /198.18.0.1:9190 (local port: 55169)
2025-12-23 14:25:34.467 [pool-4-thread-2] INFO  SnakesGame - [ACK-MGR] Sent message seq=259 to /198.18.0.1:9190, waiting for ACK
2025-12-23 14:25:34.471 [] INFO  SnakesGame - [UDP-SEND] 19 bytes to /198.18.0.1:9190 (local port: 55169)
2025-12-23 14:25:34.471 [] WARN  SnakesGame - [ACK-MGR] ⟳ Retransmitting seq=258 to /198.18.0.1:9190 (retry 2/5)
2025-12-23 14:25:34.979 [] INFO  SnakesGame - [UDP-SEND] 19 bytes to /198.18.0.1:9190 (local port: 55169)
2025-12-23 14:25:34.979 [] WARN  SnakesGame - [ACK-MGR] ⟳ Retransmitting seq=258 to /198.18.0.1:9190 (retry 3/5)
2025-12-23 14:25:34.981 [] INFO  SnakesGame - [UDP-SEND] 9 bytes to /198.18.0.1:9190 (local port: 55169)
2025-12-23 14:25:34.981 [] WARN  SnakesGame - [ACK-MGR] ⟳ Retransmitting seq=259 to /198.18.0.1:9190 (retry 1/5)
2025-12-23 14:25:35.097 [pool-3-thread-3] INFO  SnakesGame - Sent multicast announcement to 239.192.0.4:9192 (52 bytes)
2025-12-23 14:25:35.097 [] INFO  SnakesGame - Discovered game: й from /198.18.0.1:9190
2025-12-23 14:25:35.097 [] INFO  SnakesGame - Discovered game: й from /198.18.0.1:9190
2025-12-23 14:25:35.459 [pool-4-thread-1] INFO  SnakesGame - [UDP-SEND] 9 bytes to /198.18.0.1:9190 (local port: 55169)
2025-12-23 14:25:35.460 [pool-4-thread-1] INFO  SnakesGame - [ACK-MGR] Sent message seq=260 to /198.18.0.1:9190, waiting for ACK
2025-12-23 14:25:35.493 [] INFO  SnakesGame - [UDP-SEND] 19 bytes to /198.18.0.1:9190 (local port: 55169)
2025-12-23 14:25:35.494 [] WARN  SnakesGame - [ACK-MGR] ⟳ Retransmitting seq=258 to /198.18.0.1:9190 (retry 4/5)
2025-12-23 14:25:35.495 [] INFO  SnakesGame - [UDP-SEND] 9 bytes to /198.18.0.1:9190 (local port: 55169)
2025-12-23 14:25:35.496 [] WARN  SnakesGame - [ACK-MGR] ⟳ Retransmitting seq=259 to /198.18.0.1:9190 (retry 2/5)
2025-12-23 14:25:36.005 [] INFO  SnakesGame - [UDP-SEND] 19 bytes to /198.18.0.1:9190 (local port: 55169)
2025-12-23 14:25:36.005 [] WARN  SnakesGame - [ACK-MGR] ⟳ Retransmitting seq=258 to /198.18.0.1:9190 (retry 5/5)
2025-12-23 14:25:36.006 [] INFO  SnakesGame - [UDP-SEND] 9 bytes to /198.18.0.1:9190 (local port: 55169)
2025-12-23 14:25:36.007 [] WARN  SnakesGame - [ACK-MGR] ⟳ Retransmitting seq=259 to /198.18.0.1:9190 (retry 3/5)
2025-12-23 14:25:36.007 [] INFO  SnakesGame - [UDP-SEND] 9 bytes to /198.18.0.1:9190 (local port: 55169)
2025-12-23 14:25:36.007 [] WARN  SnakesGame - [ACK-MGR] ⟳ Retransmitting seq=260 to /198.18.0.1:9190 (retry 1/5)
2025-12-23 14:25:36.096 [pool-3-thread-3] INFO  SnakesGame - Sent multicast announcement to 239.192.0.4:9192 (52 bytes)
2025-12-23 14:25:36.097 [] INFO  SnakesGame - Discovered game: й from /198.18.0.1:9190
2025-12-23 14:25:36.097 [] INFO  SnakesGame - Discovered game: й from /198.18.0.1:9190
2025-12-23 14:25:36.265 [] ERROR SnakesGame - [ACK-MGR] ✗ Message seq=258 to /198.18.0.1:9190 FAILED after 5 retries
2025-12-23 14:25:36.461 [pool-4-thread-1] WARN  SnakesGame - Master timed out, but deputy is unknown (no state yet?)
2025-12-23 14:25:36.461 [pool-4-thread-2] INFO  SnakesGame - [UDP-SEND] 9 bytes to /198.18.0.1:9190 (local port: 55169)
2025-12-23 14:25:36.463 [pool-4-thread-2] INFO  SnakesGame - [ACK-MGR] Sent message seq=261 to /198.18.0.1:9190, waiting for ACK
2025-12-23 14:25:36.522 [] INFO  SnakesGame - [UDP-SEND] 9 bytes to /198.18.0.1:9190 (local port: 55169)
2025-12-23 14:25:36.522 [] WARN  SnakesGame - [ACK-MGR] ⟳ Retransmitting seq=259 to /198.18.0.1:9190 (retry 4/5)
2025-12-23 14:25:36.524 [] INFO  SnakesGame - [UDP-SEND] 9 bytes to /198.18.0.1:9190 (local port: 55169)
2025-12-23 14:25:36.524 [] WARN  SnakesGame - [ACK-MGR] ⟳ Retransmitting seq=260 to /198.18.0.1:9190 (retry 2/5)
2025-12-23 14:25:36.657 [pool-4-thread-1] WARN  SnakesGame - Master timed out, but deputy is unknown (no state yet?)
2025-12-23 14:25:36.861 [pool-4-thread-1] WARN  SnakesGame - Master timed out, but deputy is unknown (no state yet?)
2025-12-23 14:25:37.030 [] INFO  SnakesGame - [UDP-SEND] 9 bytes to /198.18.0.1:9190 (local port: 55169)
2025-12-23 14:25:37.031 [] WARN  SnakesGame - [ACK-MGR] ⟳ Retransmitting seq=259 to /198.18.0.1:9190 (retry 5/5)
2025-12-23 14:25:37.031 [] INFO  SnakesGame - [UDP-SEND] 9 bytes to /198.18.0.1:9190 (local port: 55169)
2025-12-23 14:25:37.031 [] WARN  SnakesGame - [ACK-MGR] ⟳ Retransmitting seq=260 to /198.18.0.1:9190 (retry 3/5)
2025-12-23 14:25:37.031 [] INFO  SnakesGame - [UDP-SEND] 9 bytes to /198.18.0.1:9190 (local port: 55169)
2025-12-23 14:25:37.031 [] WARN  SnakesGame - [ACK-MGR] ⟳ Retransmitting seq=261 to /198.18.0.1:9190 (retry 1/5)
2025-12-23 14:25:37.059 [pool-4-thread-1] WARN  SnakesGame - Master timed out, but deputy is unknown (no state yet?)
2025-12-23 14:25:37.098 [pool-3-thread-2] INFO  SnakesGame - Sent multicast announcement to 239.192.0.4:9192 (52 bytes)
2025-12-23 14:25:37.102 [] INFO  SnakesGame - Discovered game: й from /198.18.0.1:9190
2025-12-23 14:25:37.102 [] INFO  SnakesGame - Discovered game: й from /198.18.0.1:9190
2025-12-23 14:25:37.256 [pool-4-thread-1] WARN  SnakesGame - Master timed out, but deputy is unknown (no state yet?)
2025-12-23 14:25:37.286 [] ERROR SnakesGame - [ACK-MGR] ✗ Message seq=259 to /198.18.0.1:9190 FAILED after 5 retries
2025-12-23 14:25:37.461 [pool-4-thread-1] WARN  SnakesGame - Master timed out, but deputy is unknown (no state yet?)
2025-12-23 14:25:37.463 [pool-4-thread-2] INFO  SnakesGame - [UDP-SEND] 9 bytes to /198.18.0.1:9190 (local port: 55169)
2025-12-23 14:25:37.463 [pool-4-thread-2] INFO  SnakesGame - [ACK-MGR] Sent message seq=262 to /198.18.0.1:9190, waiting for ACK
2025-12-23 14:25:37.545 [] INFO  SnakesGame - [UDP-SEND] 9 bytes to /198.18.0.1:9190 (local port: 55169)
2025-12-23 14:25:37.546 [] WARN  SnakesGame - [ACK-MGR] ⟳ Retransmitting seq=260 to /198.18.0.1:9190 (retry 4/5)
2025-12-23 14:25:37.547 [] INFO  SnakesGame - [UDP-SEND] 9 bytes to /198.18.0.1:9190 (local port: 55169)
2025-12-23 14:25:37.547 [] WARN  SnakesGame - [ACK-MGR] ⟳ Retransmitting seq=261 to /198.18.0.1:9190 (retry 2/5)
2025-12-23 14:25:37.661 [pool-4-thread-1] WARN  SnakesGame - Master timed out, but deputy is unknown (no state yet?)
2025-12-23 14:25:37.857 [pool-4-thread-1] WARN  SnakesGame - Master timed out, but deputy is unknown (no state yet?)
2025-12-23 14:25:38.055 [] INFO  SnakesGame - [UDP-SEND] 9 bytes to /198.18.0.1:9190 (local port: 55169)
2025-12-23 14:25:38.056 [] WARN  SnakesGame - [ACK-MGR] ⟳ Retransmitting seq=260 to /198.18.0.1:9190 (retry 5/5)
2025-12-23 14:25:38.056 [] INFO  SnakesGame - [UDP-SEND] 9 bytes to /198.18.0.1:9190 (local port: 55169)
2025-12-23 14:25:38.056 [] WARN  SnakesGame - [ACK-MGR] ⟳ Retransmitting seq=261 to /198.18.0.1:9190 (retry 3/5)
2025-12-23 14:25:38.056 [] INFO  SnakesGame - [UDP-SEND] 9 bytes to /198.18.0.1:9190 (local port: 55169)
2025-12-23 14:25:38.057 [pool-4-thread-1] WARN  SnakesGame - Master timed out, but deputy is unknown (no state yet?)
2025-12-23 14:25:38.058 [] WARN  SnakesGame - [ACK-MGR] ⟳ Retransmitting seq=262 to /198.18.0.1:9190 (retry 1/5)
2025-12-23 14:25:38.098 [pool-3-thread-3] INFO  SnakesGame - Sent multicast announcement to 239.192.0.4:9192 (52 bytes)
2025-12-23 14:25:38.099 [] INFO  SnakesGame - Discovered game: й from /198.18.0.1:9190
2025-12-23 14:25:38.099 [] INFO  SnakesGame - Discovered game: й from /198.18.0.1:9190
2025-12-23 14:25:38.260 [pool-4-thread-1] WARN  SnakesGame - Master timed out, but deputy is unknown (no state yet?)
2025-12-23 14:25:38.311 [] ERROR SnakesGame - [ACK-MGR] ✗ Message seq=260 to /198.18.0.1:9190 FAILED after 5 retries
2025-12-23 14:25:38.460 [pool-4-thread-2] WARN  SnakesGame - Master timed out, but deputy is unknown (no state yet?)
2025-12-23 14:25:38.460 [pool-4-thread-1] INFO  SnakesGame - [UDP-SEND] 9 bytes to /198.18.0.1:9190 (local port: 55169)
2025-12-23 14:25:38.460 [pool-4-thread-1] INFO  SnakesGame - [ACK-MGR] Sent message seq=263 to /198.18.0.1:9190, waiting for ACK
2025-12-23 14:25:38.568 [] INFO  SnakesGame - [UDP-SEND] 9 bytes to /198.18.0.1:9190 (local port: 55169)
2025-12-23 14:25:38.569 [] WARN  SnakesGame - [ACK-MGR] ⟳ Retransmitting seq=261 to /198.18.0.1:9190 (retry 4/5)
2025-12-23 14:25:38.570 [] INFO  SnakesGame - [UDP-SEND] 9 bytes to /198.18.0.1:9190 (local port: 55169)
2025-12-23 14:25:38.570 [] WARN  SnakesGame - [ACK-MGR] ⟳ Retransmitting seq=262 to /198.18.0.1:9190 (retry 2/5)
2025-12-23 14:25:38.656 [pool-4-thread-2] WARN  SnakesGame - Master timed out, but deputy is unknown (no state yet?)
2025-12-23 14:25:38.861 [pool-4-thread-2] WARN  SnakesGame - Master timed out, but deputy is unknown (no state yet?)
2025-12-23 14:25:39.058 [pool-4-thread-2] WARN  SnakesGame - Master timed out, but deputy is unknown (no state yet?)
2025-12-23 14:25:39.081 [] INFO  SnakesGame - [UDP-SEND] 9 bytes to /198.18.0.1:9190 (local port: 55169)
2025-12-23 14:25:39.081 [] WARN  SnakesGame - [ACK-MGR] ⟳ Retransmitting seq=261 to /198.18.0.1:9190 (retry 5/5)
2025-12-23 14:25:39.081 [] INFO  SnakesGame - [UDP-SEND] 9 bytes to /198.18.0.1:9190 (local port: 55169)
2025-12-23 14:25:39.081 [] WARN  SnakesGame - [ACK-MGR] ⟳ Retransmitting seq=262 to /198.18.0.1:9190 (retry 3/5)
2025-12-23 14:25:39.081 [] INFO  SnakesGame - [UDP-SEND] 9 bytes to /198.18.0.1:9190 (local port: 55169)
2025-12-23 14:25:39.081 [] WARN  SnakesGame - [ACK-MGR] ⟳ Retransmitting seq=263 to /198.18.0.1:9190 (retry 1/5)
2025-12-23 14:25:39.094 [pool-3-thread-3] INFO  SnakesGame - Sent multicast announcement to 239.192.0.4:9192 (52 bytes)
2025-12-23 14:25:39.094 [] INFO  SnakesGame - Discovered game: й from /198.18.0.1:9190
2025-12-23 14:25:39.094 [] INFO  SnakesGame - Discovered game: й from /198.18.0.1:9190
2025-12-23 14:25:39.261 [pool-4-thread-2] WARN  SnakesGame - Master timed out, but deputy is unknown (no state yet?)
2025-12-23 14:25:39.336 [] ERROR SnakesGame - [ACK-MGR] ✗ Message seq=261 to /198.18.0.1:9190 FAILED after 5 retries
2025-12-23 14:25:39.464 [pool-4-thread-1] INFO  SnakesGame - [UDP-SEND] 9 bytes to /198.18.0.1:9190 (local port: 55169)
2025-12-23 14:25:39.465 [pool-4-thread-1] INFO  SnakesGame - [ACK-MGR] Sent message seq=264 to /198.18.0.1:9190, waiting for ACK
2025-12-23 14:25:39.465 [pool-4-thread-1] WARN  SnakesGame - Master timed out, but deputy is unknown (no state yet?)
2025-12-23 14:25:39.587 [] INFO  SnakesGame - [UDP-SEND] 9 bytes to /198.18.0.1:9190 (local port: 55169)
2025-12-23 14:25:39.587 [] WARN  SnakesGame - [ACK-MGR] ⟳ Retransmitting seq=262 to /198.18.0.1:9190 (retry 4/5)
2025-12-23 14:25:39.587 [] INFO  SnakesGame - [UDP-SEND] 9 bytes to /198.18.0.1:9190 (local port: 55169)
2025-12-23 14:25:39.587 [] WARN  SnakesGame - [ACK-MGR] ⟳ Retransmitting seq=263 to /198.18.0.1:9190 (retry 2/5)
2025-12-23 14:25:39.660 [pool-4-thread-1] WARN  SnakesGame - Master timed out, but deputy is unknown (no state yet?)
2025-12-23 14:25:39.856 [pool-4-thread-1] WARN  SnakesGame - Master timed out, but deputy is unknown (no state yet?)
2025-12-23 14:25:40.061 [pool-4-thread-1] WARN  SnakesGame - Master timed out, but deputy is unknown (no state yet?)
2025-12-23 14:25:40.093 [] INFO  SnakesGame - [UDP-SEND] 9 bytes to /198.18.0.1:9190 (local port: 55169)
2025-12-23 14:25:40.093 [] WARN  SnakesGame - [ACK-MGR] ⟳ Retransmitting seq=262 to /198.18.0.1:9190 (retry 5/5)
2025-12-23 14:25:40.093 [] INFO  SnakesGame - [UDP-SEND] 9 bytes to /198.18.0.1:9190 (local port: 55169)
2025-12-23 14:25:40.093 [] WARN  SnakesGame - [ACK-MGR] ⟳ Retransmitting seq=263 to /198.18.0.1:9190 (retry 3/5)
2025-12-23 14:25:40.093 [] INFO  SnakesGame - [UDP-SEND] 9 bytes to /198.18.0.1:9190 (local port: 55169)
2025-12-23 14:25:40.093 [] WARN  SnakesGame - [ACK-MGR] ⟳ Retransmitting seq=264 to /198.18.0.1:9190 (retry 1/5)
2025-12-23 14:25:40.097 [pool-3-thread-3] INFO  SnakesGame - Sent multicast announcement to 239.192.0.4:9192 (52 bytes)
2025-12-23 14:25:40.098 [] INFO  SnakesGame - Discovered game: й from /198.18.0.1:9190
2025-12-23 14:25:40.098 [] INFO  SnakesGame - Discovered game: й from /198.18.0.1:9190
2025-12-23 14:25:40.261 [pool-4-thread-1] WARN  SnakesGame - Master timed out, but deputy is unknown (no state yet?)
2025-12-23 14:25:40.344 [] ERROR SnakesGame - [ACK-MGR] ✗ Message seq=262 to /198.18.0.1:9190 FAILED after 5 retries
2025-12-23 14:25:40.465 [pool-4-thread-1] WARN  SnakesGame - Master timed out, but deputy is unknown (no state yet?)
2025-12-23 14:25:40.465 [pool-4-thread-2] INFO  SnakesGame - [UDP-SEND] 9 bytes to /198.18.0.1:9190 (local port: 55169)
2025-12-23 14:25:40.465 [pool-4-thread-2] INFO  SnakesGame - [ACK-MGR] Sent message seq=265 to /198.18.0.1:9190, waiting for ACK
2025-12-23 14:25:40.600 [] INFO  SnakesGame - [UDP-SEND] 9 bytes to /198.18.0.1:9190 (local port: 55169)
2025-12-23 14:25:40.601 [] WARN  SnakesGame - [ACK-MGR] ⟳ Retransmitting seq=263 to /198.18.0.1:9190 (retry 4/5)
2025-12-23 14:25:40.601 [] INFO  SnakesGame - [UDP-SEND] 9 bytes to /198.18.0.1:9190 (local port: 55169)
2025-12-23 14:25:40.601 [] WARN  SnakesGame - [ACK-MGR] ⟳ Retransmitting seq=264 to /198.18.0.1:9190 (retry 2/5)
2025-12-23 14:25:40.661 [pool-4-thread-1] WARN  SnakesGame - Master timed out, but deputy is unknown (no state yet?)
2025-12-23 14:25:40.859 [pool-4-thread-1] WARN  SnakesGame - Master timed out, but deputy is unknown (no state yet?)
2025-12-23 14:25:41.061 [pool-4-thread-2] WARN  SnakesGame - Master timed out, but deputy is unknown (no state yet?)
2025-12-23 14:25:41.095 [pool-3-thread-2] INFO  SnakesGame - Sent multicast announcement to 239.192.0.4:9192 (52 bytes)
2025-12-23 14:25:41.095 [] INFO  SnakesGame - Discovered game: й from /198.18.0.1:9190
2025-12-23 14:25:41.095 [] INFO  SnakesGame - Discovered game: й from /198.18.0.1:9190
2025-12-23 14:25:41.108 [] INFO  SnakesGame - [UDP-SEND] 9 bytes to /198.18.0.1:9190 (local port: 55169)
2025-12-23 14:25:41.108 [] WARN  SnakesGame - [ACK-MGR] ⟳ Retransmitting seq=263 to /198.18.0.1:9190 (retry 5/5)
2025-12-23 14:25:41.108 [] INFO  SnakesGame - [UDP-SEND] 9 bytes to /198.18.0.1:9190 (local port: 55169)
2025-12-23 14:25:41.108 [] WARN  SnakesGame - [ACK-MGR] ⟳ Retransmitting seq=264 to /198.18.0.1:9190 (retry 3/5)
2025-12-23 14:25:41.109 [] INFO  SnakesGame - [UDP-SEND] 9 bytes to /198.18.0.1:9190 (local port: 55169)
2025-12-23 14:25:41.109 [] WARN  SnakesGame - [ACK-MGR] ⟳ Retransmitting seq=265 to /198.18.0.1:9190 (retry 1/5)
2025-12-23 14:25:41.258 [pool-4-thread-2] WARN  SnakesGame - Master timed out, but deputy is unknown (no state yet?)
2025-12-23 14:25:41.359 [] ERROR SnakesGame - [ACK-MGR] ✗ Message seq=263 to /198.18.0.1:9190 FAILED after 5 retries
2025-12-23 14:25:41.458 [pool-4-thread-2] WARN  SnakesGame - Master timed out, but deputy is unknown (no state yet?)
2025-12-23 14:25:41.458 [pool-4-thread-1] INFO  SnakesGame - [UDP-SEND] 9 bytes to /198.18.0.1:9190 (local port: 55169)
2025-12-23 14:25:41.458 [pool-4-thread-1] INFO  SnakesGame - [ACK-MGR] Sent message seq=266 to /198.18.0.1:9190, waiting for ACK
2025-12-23 14:25:41.612 [] INFO  SnakesGame - [UDP-SEND] 9 bytes to /198.18.0.1:9190 (local port: 55169)
2025-12-23 14:25:41.613 [] WARN  SnakesGame - [ACK-MGR] ⟳ Retransmitting seq=264 to /198.18.0.1:9190 (retry 4/5)
2025-12-23 14:25:41.615 [] INFO  SnakesGame - [UDP-SEND] 9 bytes to /198.18.0.1:9190 (local port: 55169)
2025-12-23 14:25:41.615 [] WARN  SnakesGame - [ACK-MGR] ⟳ Retransmitting seq=265 to /198.18.0.1:9190 (retry 2/5)
2025-12-23 14:25:41.657 [pool-4-thread-2] WARN  SnakesGame - Master timed out, but deputy is unknown (no state yet?)
2025-12-23 14:25:41.859 [pool-4-thread-2] WARN  SnakesGame - Master timed out, but deputy is unknown (no state yet?)
2025-12-23 14:25:42.057 [pool-4-thread-1] WARN  SnakesGame - Master timed out, but deputy is unknown (no state yet?)
2025-12-23 14:25:42.104 [pool-3-thread-2] INFO  SnakesGame - Sent multicast announcement to 239.192.0.4:9192 (53 bytes)
2025-12-23 14:25:42.104 [] INFO  SnakesGame - Discovered game: й from /198.18.0.1:9190
2025-12-23 14:25:42.104 [] INFO  SnakesGame - Discovered game: й from /198.18.0.1:9190
2025-12-23 14:25:42.123 [] INFO  SnakesGame - [UDP-SEND] 9 bytes to /198.18.0.1:9190 (local port: 55169)
2025-12-23 14:25:42.123 [] WARN  SnakesGame - [ACK-MGR] ⟳ Retransmitting seq=264 to /198.18.0.1:9190 (retry 5/5)
2025-12-23 14:25:42.123 [] INFO  SnakesGame - [UDP-SEND] 9 bytes to /198.18.0.1:9190 (local port: 55169)
2025-12-23 14:25:42.123 [] WARN  SnakesGame - [ACK-MGR] ⟳ Retransmitting seq=265 to /198.18.0.1:9190 (retry 3/5)
2025-12-23 14:25:42.123 [] INFO  SnakesGame - [UDP-SEND] 9 bytes to /198.18.0.1:9190 (local port: 55169)
2025-12-23 14:25:42.123 [] WARN  SnakesGame - [ACK-MGR] ⟳ Retransmitting seq=266 to /198.18.0.1:9190 (retry 1/5)
2025-12-23 14:25:42.261 [pool-4-thread-1] WARN  SnakesGame - Master timed out, but deputy is unknown (no state yet?)
2025-12-23 14:25:42.379 [] ERROR SnakesGame - [ACK-MGR] ✗ Message seq=264 to /198.18.0.1:9190 FAILED after 5 retries
2025-12-23 14:25:42.461 [pool-4-thread-1] WARN  SnakesGame - Master timed out, but deputy is unknown (no state yet?)
2025-12-23 14:25:42.464 [pool-4-thread-2] INFO  SnakesGame - [UDP-SEND] 9 bytes to /198.18.0.1:9190 (local port: 55169)
2025-12-23 14:25:42.464 [pool-4-thread-2] INFO  SnakesGame - [ACK-MGR] Sent message seq=267 to /198.18.0.1:9190, waiting for ACK
2025-12-23 14:25:42.634 [] INFO  SnakesGame - [UDP-SEND] 9 bytes to /198.18.0.1:9190 (local port: 55169)
2025-12-23 14:25:42.635 [] WARN  SnakesGame - [ACK-MGR] ⟳ Retransmitting seq=265 to /198.18.0.1:9190 (retry 4/5)
2025-12-23 14:25:42.635 [] INFO  SnakesGame - [UDP-SEND] 9 bytes to /198.18.0.1:9190 (local port: 55169)
2025-12-23 14:25:42.635 [] WARN  SnakesGame - [ACK-MGR] ⟳ Retransmitting seq=266 to /198.18.0.1:9190 (retry 2/5)
2025-12-23 14:25:42.656 [pool-4-thread-1] WARN  SnakesGame - Master timed out, but deputy is unknown (no state yet?)
2025-12-23 14:25:42.861 [pool-4-thread-1] WARN  SnakesGame - Master timed out, but deputy is unknown (no state yet?)
2025-12-23 14:25:43.058 [pool-4-thread-1] WARN  SnakesGame - Master timed out, but deputy is unknown (no state yet?)
2025-12-23 14:25:43.098 [pool-3-thread-1] INFO  SnakesGame - Sent multicast announcement to 239.192.0.4:9192 (53 bytes)
2025-12-23 14:25:43.099 [] INFO  SnakesGame - Discovered game: й from /198.18.0.1:9190
2025-12-23 14:25:43.099 [] INFO  SnakesGame - Discovered game: й from /198.18.0.1:9190
2025-12-23 14:25:43.145 [] INFO  SnakesGame - [UDP-SEND] 9 bytes to /198.18.0.1:9190 (local port: 55169)
2025-12-23 14:25:43.145 [] WARN  SnakesGame - [ACK-MGR] ⟳ Retransmitting seq=265 to /198.18.0.1:9190 (retry 5/5)
2025-12-23 14:25:43.145 [] INFO  SnakesGame - [UDP-SEND] 9 bytes to /198.18.0.1:9190 (local port: 55169)
2025-12-23 14:25:43.145 [] WARN  SnakesGame - [ACK-MGR] ⟳ Retransmitting seq=266 to /198.18.0.1:9190 (retry 3/5)
2025-12-23 14:25:43.145 [] INFO  SnakesGame - [UDP-SEND] 9 bytes to /198.18.0.1:9190 (local port: 55169)
2025-12-23 14:25:43.146 [] WARN  SnakesGame - [ACK-MGR] ⟳ Retransmitting seq=267 to /198.18.0.1:9190 (retry 1/5)
2025-12-23 14:25:43.261 [pool-4-thread-1] WARN  SnakesGame - Master timed out, but deputy is unknown (no state yet?)
2025-12-23 14:25:43.398 [] ERROR SnakesGame - [ACK-MGR] ✗ Message seq=265 to /198.18.0.1:9190 FAILED after 5 retries
2025-12-23 14:25:43.459 [pool-4-thread-1] WARN  SnakesGame - Master timed out, but deputy is unknown (no state yet?)
2025-12-23 14:25:43.460 [pool-4-thread-2] INFO  SnakesGame - [UDP-SEND] 9 bytes to /198.18.0.1:9190 (local port: 55169)
2025-12-23 14:25:43.460 [pool-4-thread-2] INFO  SnakesGame - [ACK-MGR] Sent message seq=268 to /198.18.0.1:9190, waiting for ACK
2025-12-23 14:25:43.653 [] INFO  SnakesGame - [UDP-SEND] 9 bytes to /198.18.0.1:9190 (local port: 55169)
2025-12-23 14:25:43.653 [] WARN  SnakesGame - [ACK-MGR] ⟳ Retransmitting seq=266 to /198.18.0.1:9190 (retry 4/5)
2025-12-23 14:25:43.654 [] INFO  SnakesGame - [UDP-SEND] 9 bytes to /198.18.0.1:9190 (local port: 55169)
2025-12-23 14:25:43.654 [] WARN  SnakesGame - [ACK-MGR] ⟳ Retransmitting seq=267 to /198.18.0.1:9190 (retry 2/5)
2025-12-23 14:25:43.661 [pool-4-thread-1] WARN  SnakesGame - Master timed out, but deputy is unknown (no state yet?)
2025-12-23 14:25:43.859 [pool-4-thread-1] WARN  SnakesGame - Master timed out, but deputy is unknown (no state yet?)
2025-12-23 14:25:44.058 [pool-4-thread-1] WARN  SnakesGame - Master timed out, but deputy is unknown (no state yet?)
2025-12-23 14:25:44.097 [pool-3-thread-2] INFO  SnakesGame - Sent multicast announcement to 239.192.0.4:9192 (53 bytes)
2025-12-23 14:25:44.101 [] INFO  SnakesGame - Discovered game: й from /198.18.0.1:9190
2025-12-23 14:25:44.103 [] INFO  SnakesGame - Discovered game: й from /198.18.0.1:9190
2025-12-23 14:25:44.160 [] INFO  SnakesGame - [UDP-SEND] 9 bytes to /198.18.0.1:9190 (local port: 55169)
2025-12-23 14:25:44.161 [] WARN  SnakesGame - [ACK-MGR] ⟳ Retransmitting seq=266 to /198.18.0.1:9190 (retry 5/5)
2025-12-23 14:25:44.162 [] INFO  SnakesGame - [UDP-SEND] 9 bytes to /198.18.0.1:9190 (local port: 55169)
2025-12-23 14:25:44.162 [] WARN  SnakesGame - [ACK-MGR] ⟳ Retransmitting seq=267 to /198.18.0.1:9190 (retry 3/5)
2025-12-23 14:25:44.162 [] INFO  SnakesGame - [UDP-SEND] 9 bytes to /198.18.0.1:9190 (local port: 55169)
2025-12-23 14:25:44.164 [] WARN  SnakesGame - [ACK-MGR] ⟳ Retransmitting seq=268 to /198.18.0.1:9190 (retry 1/5)
2025-12-23 14:25:44.261 [pool-4-thread-1] WARN  SnakesGame - Master timed out, but deputy is unknown (no state yet?)
2025-12-23 14:25:44.418 [] ERROR SnakesGame - [ACK-MGR] ✗ Message seq=266 to /198.18.0.1:9190 FAILED after 5 retries
2025-12-23 14:25:44.461 [pool-4-thread-1] WARN  SnakesGame - Master timed out, but deputy is unknown (no state yet?)
2025-12-23 14:25:44.462 [pool-4-thread-2] INFO  SnakesGame - [UDP-SEND] 9 bytes to /198.18.0.1:9190 (local port: 55169)
2025-12-23 14:25:44.462 [pool-4-thread-2] INFO  SnakesGame - [ACK-MGR] Sent message seq=269 to /198.18.0.1:9190, waiting for ACK
2025-12-23 14:25:44.661 [pool-4-thread-1] WARN  SnakesGame - Master timed out, but deputy is unknown (no state yet?)
2025-12-23 14:25:44.675 [] INFO  SnakesGame - [UDP-SEND] 9 bytes to /198.18.0.1:9190 (local port: 55169)
2025-12-23 14:25:44.676 [] WARN  SnakesGame - [ACK-MGR] ⟳ Retransmitting seq=267 to /198.18.0.1:9190 (retry 4/5)
2025-12-23 14:25:44.676 [] INFO  SnakesGame - [UDP-SEND] 9 bytes to /198.18.0.1:9190 (local port: 55169)
2025-12-23 14:25:44.676 [] WARN  SnakesGame - [ACK-MGR] ⟳ Retransmitting seq=268 to /198.18.0.1:9190 (retry 2/5)
2025-12-23 14:25:44.857 [pool-4-thread-1] WARN  SnakesGame - Master timed out, but deputy is unknown (no state yet?)
2025-12-23 14:25:45.056 [pool-4-thread-1] WARN  SnakesGame - Master timed out, but deputy is unknown (no state yet?)
2025-12-23 14:25:45.097 [pool-3-thread-2] INFO  SnakesGame - Sent multicast announcement to 239.192.0.4:9192 (53 bytes)
2025-12-23 14:25:45.179 [] INFO  SnakesGame - [UDP-SEND] 9 bytes to /198.18.0.1:9190 (local port: 55169)
2025-12-23 14:25:45.179 [] WARN  SnakesGame - [ACK-MGR] ⟳ Retransmitting seq=267 to /198.18.0.1:9190 (retry 5/5)
2025-12-23 14:25:45.179 [] INFO  SnakesGame - [UDP-SEND] 9 bytes to /198.18.0.1:9190 (local port: 55169)
2025-12-23 14:25:45.179 [] WARN  SnakesGame - [ACK-MGR] ⟳ Retransmitting seq=268 to /198.18.0.1:9190 (retry 3/5)
2025-12-23 14:25:45.179 [] INFO  SnakesGame - [UDP-SEND] 9 bytes to /198.18.0.1:9190 (local port: 55169)
2025-12-23 14:25:45.179 [] WARN  SnakesGame - [ACK-MGR] ⟳ Retransmitting seq=269 to /198.18.0.1:9190 (retry 1/5)
2025-12-23 14:25:45.261 [pool-4-thread-1] WARN  SnakesGame - Master timed out, but deputy is unknown (no state yet?)
2025-12-23 14:25:45.433 [] ERROR SnakesGame - [ACK-MGR] ✗ Message seq=267 to /198.18.0.1:9190 FAILED after 5 retries
2025-12-23 14:25:45.459 [pool-4-thread-1] INFO  SnakesGame - [UDP-SEND] 9 bytes to /198.18.0.1:9190 (local port: 55169)
2025-12-23 14:25:45.459 [pool-4-thread-1] INFO  SnakesGame - [ACK-MGR] Sent message seq=270 to /198.18.0.1:9190, waiting for ACK
2025-12-23 14:25:45.459 [pool-4-thread-2] WARN  SnakesGame - Master timed out, but deputy is unknown (no state yet?)
2025-12-23 14:25:45.658 [pool-4-thread-2] WARN  SnakesGame - Master timed out, but deputy is unknown (no state yet?)
2025-12-23 14:25:45.689 [] INFO  SnakesGame - [UDP-SEND] 9 bytes to /198.18.0.1:9190 (local port: 55169)
2025-12-23 14:25:45.690 [] WARN  SnakesGame - [ACK-MGR] ⟳ Retransmitting seq=268 to /198.18.0.1:9190 (retry 4/5)
2025-12-23 14:25:45.690 [] INFO  SnakesGame - [UDP-SEND] 9 bytes to /198.18.0.1:9190 (local port: 55169)
2025-12-23 14:25:45.691 [] WARN  SnakesGame - [ACK-MGR] ⟳ Retransmitting seq=269 to /198.18.0.1:9190 (retry 2/5)
2025-12-23 14:25:45.857 [pool-4-thread-2] WARN  SnakesGame - Master timed out, but deputy is unknown (no state yet?)
2025-12-23 14:25:46.057 [pool-4-thread-2] WARN  SnakesGame - Master timed out, but deputy is unknown (no state yet?)
2025-12-23 14:25:46.098 [pool-3-thread-2] INFO  SnakesGame - Sent multicast announcement to 239.192.0.4:9192 (53 bytes)
2025-12-23 14:25:46.199 [] INFO  SnakesGame - [UDP-SEND] 9 bytes to /198.18.0.1:9190 (local port: 55169)
2025-12-23 14:25:46.199 [] WARN  SnakesGame - [ACK-MGR] ⟳ Retransmitting seq=268 to /198.18.0.1:9190 (retry 5/5)
2025-12-23 14:25:46.199 [] INFO  SnakesGame - [UDP-SEND] 9 bytes to /198.18.0.1:9190 (local port: 55169)
2025-12-23 14:25:46.199 [] WARN  SnakesGame - [ACK-MGR] ⟳ Retransmitting seq=269 to /198.18.0.1:9190 (retry 3/5)
2025-12-23 14:25:46.199 [] INFO  SnakesGame - [UDP-SEND] 9 bytes to /198.18.0.1:9190 (local port: 55169)
2025-12-23 14:25:46.199 [] WARN  SnakesGame - [ACK-MGR] ⟳ Retransmitting seq=270 to /198.18.0.1:9190 (retry 1/5)
2025-12-23 14:25:46.260 [pool-4-thread-2] WARN  SnakesGame - Master timed out, but deputy is unknown (no state yet?)
2025-12-23 14:25:46.452 [] ERROR SnakesGame - [ACK-MGR] ✗ Message seq=268 to /198.18.0.1:9190 FAILED after 5 retries
2025-12-23 14:25:46.461 [pool-4-thread-2] WARN  SnakesGame - Master timed out, but deputy is unknown (no state yet?)
2025-12-23 14:25:46.461 [pool-4-thread-1] INFO  SnakesGame - [UDP-SEND] 9 bytes to /198.18.0.1:9190 (local port: 55169)
2025-12-23 14:25:46.461 [pool-4-thread-1] INFO  SnakesGame - [ACK-MGR] Sent message seq=271 to /198.18.0.1:9190, waiting for ACK
2025-12-23 14:25:46.664 [pool-4-thread-2] WARN  SnakesGame - Master timed out, but deputy is unknown (no state yet?)
2025-12-23 14:25:46.708 [] INFO  SnakesGame - [UDP-SEND] 9 bytes to /198.18.0.1:9190 (local port: 55169)
2025-12-23 14:25:46.708 [] WARN  SnakesGame - [ACK-MGR] ⟳ Retransmitting seq=269 to /198.18.0.1:9190 (retry 4/5)
2025-12-23 14:25:46.709 [] INFO  SnakesGame - [UDP-SEND] 9 bytes to /198.18.0.1:9190 (local port: 55169)
2025-12-23 14:25:46.710 [] WARN  SnakesGame - [ACK-MGR] ⟳ Retransmitting seq=270 to /198.18.0.1:9190 (retry 2/5)
2025-12-23 14:25:46.857 [pool-4-thread-2] WARN  SnakesGame - Master timed out, but deputy is unknown (no state yet?)
2025-12-23 14:25:46.963 [] INFO  SnakesGame - [UDP-SEND] 9 bytes to /198.18.0.1:9190 (local port: 55169)
2025-12-23 14:25:46.963 [] WARN  SnakesGame - [ACK-MGR] ⟳ Retransmitting seq=269 to /198.18.0.1:9190 (retry 5/5)
2025-12-23 14:25:46.963 [] INFO  SnakesGame - [UDP-SEND] 9 bytes to /198.18.0.1:9190 (local port: 55169)
2025-12-23 14:25:46.963 [] WARN  SnakesGame - [ACK-MGR] ⟳ Retransmitting seq=270 to /198.18.0.1:9190 (retry 3/5)
2025-12-23 14:25:46.963 [] INFO  SnakesGame - [UDP-SEND] 9 bytes to /198.18.0.1:9190 (local port: 55169)
2025-12-23 14:25:46.963 [] WARN  SnakesGame - [ACK-MGR] ⟳ Retransmitting seq=271 to /198.18.0.1:9190 (retry 1/5)
2025-12-23 14:25:47.060 [pool-4-thread-2] WARN  SnakesGame - Master timed out, but deputy is unknown (no state yet?)
2025-12-23 14:25:47.098 [pool-3-thread-3] INFO  SnakesGame - Sent multicast announcement to 239.192.0.4:9192 (53 bytes)
2025-12-23 14:25:47.219 [] ERROR SnakesGame - [ACK-MGR] ✗ Message seq=269 to /198.18.0.1:9190 FAILED after 5 retries
2025-12-23 14:25:47.261 [pool-4-thread-2] WARN  SnakesGame - Master timed out, but deputy is unknown (no state yet?)
2025-12-23 14:25:47.460 [pool-4-thread-2] WARN  SnakesGame - Master timed out, but deputy is unknown (no state yet?)
2025-12-23 14:25:47.462 [pool-4-thread-1] INFO  SnakesGame - [UDP-SEND] 9 bytes to /198.18.0.1:9190 (local port: 55169)
2025-12-23 14:25:47.462 [pool-4-thread-1] INFO  SnakesGame - [ACK-MGR] Sent message seq=272 to /198.18.0.1:9190, waiting for ACK
2025-12-23 14:25:47.471 [] INFO  SnakesGame - [UDP-SEND] 9 bytes to /198.18.0.1:9190 (local port: 55169)
2025-12-23 14:25:47.471 [] WARN  SnakesGame - [ACK-MGR] ⟳ Retransmitting seq=270 to /198.18.0.1:9190 (retry 4/5)
2025-12-23 14:25:47.471 [] INFO  SnakesGame - [UDP-SEND] 9 bytes to /198.18.0.1:9190 (local port: 55169)
2025-12-23 14:25:47.471 [] WARN  SnakesGame - [ACK-MGR] ⟳ Retransmitting seq=271 to /198.18.0.1:9190 (retry 2/5)
2025-12-23 14:25:47.660 [pool-4-thread-2] WARN  SnakesGame - Master timed out, but deputy is unknown (no state yet?)
2025-12-23 14:25:47.861 [pool-4-thread-2] WARN  SnakesGame - Master timed out, but deputy is unknown (no state yet?)
2025-12-23 14:25:47.977 [] INFO  SnakesGame - [UDP-SEND] 9 bytes to /198.18.0.1:9190 (local port: 55169)
2025-12-23 14:25:47.978 [] WARN  SnakesGame - [ACK-MGR] ⟳ Retransmitting seq=272 to /198.18.0.1:9190 (retry 1/5)
2025-12-23 14:25:47.978 [] INFO  SnakesGame - [UDP-SEND] 9 bytes to /198.18.0.1:9190 (local port: 55169)
2025-12-23 14:25:47.978 [] WARN  SnakesGame - [ACK-MGR] ⟳ Retransmitting seq=270 to /198.18.0.1:9190 (retry 5/5)
2025-12-23 14:25:47.978 [] INFO  SnakesGame - [UDP-SEND] 9 bytes to /198.18.0.1:9190 (local port: 55169)
2025-12-23 14:25:47.978 [] WARN  SnakesGame - [ACK-MGR] ⟳ Retransmitting seq=271 to /198.18.0.1:9190 (retry 3/5)
2025-12-23 14:25:48.059 [pool-4-thread-2] WARN  SnakesGame - Master timed out, but deputy is unknown (no state yet?)
2025-12-23 14:25:48.086 [JavaFX Application Thread] INFO  SnakesGame - Leaving game
2025-12-23 14:25:48.086 [JavaFX Application Thread] INFO  SnakesGame - [UDP-SEND] 11 bytes to /198.18.0.1:9190 (local port: 55169)
2025-12-23 14:25:48.086 [JavaFX Application Thread] INFO  SnakesGame - [ACK-MGR] Sent message seq=273 to /198.18.0.1:9190, waiting for ACK
2025-12-23 14:25:48.087 [JavaFX Application Thread] INFO  SnakesGame - NORMAL node stopped
2025-12-23 14:25:48.087 [JavaFX Application Thread] INFO  SnakesGame - UDP Transport stopped
2025-12-23 14:25:48.088 [JavaFX Application Thread] INFO  SnakesGame - Found suitable interface: en0 with IPv4: 10.9.34.254
2025-12-23 14:25:48.088 [JavaFX Application Thread] INFO  SnakesGame - Multicast discovery stopped
2025-12-23 14:25:48.088 [JavaFX Application Thread] INFO  SnakesGame - NetworkManager stopped
2025-12-23 14:25:48.088 [JavaFX Application Thread] INFO  SnakesGame - Left game successfully
2025-12-23 14:25:48.088 [JavaFX Application Thread] INFO  SnakesGame - Exiting to main menu
2025-12-23 14:25:48.088 [] INFO  SnakesGame - Multicast listen loop stopped
2025-12-23 14:25:48.093 [pool-3-thread-3] INFO  SnakesGame - Sent multicast announcement to 239.192.0.4:9192 (53 bytes)
2025-12-23 14:25:49.019 [JavaFX Application Thread] INFO  SnakesGame - Opening Lobby
2025-12-23 14:25:49.028 [JavaFX Application Thread] INFO  SnakesGame - Looking for suitable multicast interface...
2025-12-23 14:25:49.029 [JavaFX Application Thread] INFO  SnakesGame - Found suitable interface: en0 with IPv4: 10.9.34.254
2025-12-23 14:25:49.030 [JavaFX Application Thread] INFO  SnakesGame - Joined multicast group using interface: en0 (en0)
2025-12-23 14:25:49.030 [JavaFX Application Thread] INFO  SnakesGame - Set multicast send interface to: en0 (en0)
2025-12-23 14:25:49.030 [JavaFX Application Thread] INFO  SnakesGame - Multicast discovery started on 239.192.0.4:9192
2025-12-23 14:25:49.030 [JavaFX Application Thread] INFO  SnakesGame - Discovery service started
2025-12-23 14:25:49.030 [] INFO  SnakesGame - Multicast listen loop started
2025-12-23 14:25:49.030 [JavaFX Application Thread] INFO  SnakesGame - Discovery started in lobby
2025-12-23 14:25:49.094 [pool-3-thread-3] INFO  SnakesGame - Sent multicast announcement to 239.192.0.4:9192 (53 bytes)
2025-12-23 14:25:49.094 [] INFO  SnakesGame - Discovered new game: й at /10.9.34.254:9190
2025-12-23 14:25:49.094 [] INFO  SnakesGame - Discovered game: й from /10.9.34.254:9190
2025-12-23 14:25:49.094 [JavaFX Application Thread] INFO  SnakesGame - Game added to lobby: й at /10.9.34.254:9190
2025-12-23 14:25:50.101 [pool-3-thread-1] INFO  SnakesGame - Sent multicast announcement to 239.192.0.4:9192 (53 bytes)
2025-12-23 14:25:50.102 [] INFO  SnakesGame - Discovered game: й from /10.9.34.254:9190
2025-12-23 14:25:51.099 [pool-3-thread-1] INFO  SnakesGame - Sent multicast announcement to 239.192.0.4:9192 (53 bytes)
2025-12-23 14:25:51.100 [] INFO  SnakesGame - Discovered game: й from /10.9.34.254:9190
2025-12-23 14:25:52.101 [pool-3-thread-2] INFO  SnakesGame - Sent multicast announcement to 239.192.0.4:9192 (53 bytes)
2025-12-23 14:25:52.103 [] INFO  SnakesGame - Discovered game: й from /10.9.34.254:9190
2025-12-23 14:25:52.716 [JavaFX Application Thread] INFO  SnakesGame - Connecting to master at /10.9.34.254:9190
2025-12-23 14:25:52.716 [JavaFX Application Thread] INFO  SnakesGame - Joining game: й
2025-12-23 14:25:52.716 [JavaFX Application Thread] INFO  SnakesGame - UDP Transport started on port 56278
2025-12-23 14:25:52.716 [JavaFX Application Thread] INFO  SnakesGame - Looking for suitable multicast interface...
2025-12-23 14:25:52.717 [JavaFX Application Thread] INFO  SnakesGame - Found suitable interface: en0 with IPv4: 10.9.34.254
2025-12-23 14:25:52.717 [JavaFX Application Thread] INFO  SnakesGame - Joined multicast group using interface: en0 (en0)
2025-12-23 14:25:52.717 [JavaFX Application Thread] INFO  SnakesGame - Set multicast send interface to: en0 (en0)
2025-12-23 14:25:52.717 [JavaFX Application Thread] INFO  SnakesGame - Multicast discovery started on 239.192.0.4:9192
2025-12-23 14:25:52.717 [JavaFX Application Thread] INFO  SnakesGame - NetworkManager started successfully
2025-12-23 14:25:52.717 [] INFO  SnakesGame - Multicast listen loop started
2025-12-23 14:25:52.717 [JavaFX Application Thread] INFO  SnakesGame - [ACK-MGR] Registered NEW peer: /10.9.34.254:9190 with playerId=0
2025-12-23 14:25:52.717 [JavaFX Application Thread] INFO  SnakesGame - NormalNode started, master at /10.9.34.254:9190
2025-12-23 14:25:52.717 [JavaFX Application Thread] INFO  SnakesGame - NORMAL node started for player 123123
2025-12-23 14:25:52.717 [JavaFX Application Thread] INFO  SnakesGame - [CLIENT-JOIN] Sending JOIN to /10.9.34.254:9190 (player: 123123, role: NORMAL, seq: 274)
2025-12-23 14:25:52.717 [JavaFX Application Thread] INFO  SnakesGame - [UDP-SEND] 23 bytes to /10.9.34.254:9190 (local port: 56278)
2025-12-23 14:25:52.718 [JavaFX Application Thread] INFO  SnakesGame - [ACK-MGR] Sent message seq=274 to /10.9.34.254:9190, waiting for ACK
2025-12-23 14:25:52.718 [JavaFX Application Thread] INFO  SnakesGame - Join request sent to master at /10.9.34.254:9190
2025-12-23 14:25:52.718 [JavaFX Application Thread] INFO  SnakesGame - Client started, waiting for role assignment
2025-12-23 14:25:52.718 [JavaFX Application Thread] INFO  SnakesGame - Joined game: й
2025-12-23 14:25:52.718 [JavaFX Application Thread] INFO  SnakesGame - Found suitable interface: en0 with IPv4: 10.9.34.254
2025-12-23 14:25:52.718 [JavaFX Application Thread] INFO  SnakesGame - Multicast discovery stopped
2025-12-23 14:25:52.718 [JavaFX Application Thread] INFO  SnakesGame - Discovery service stopped
2025-12-23 14:25:52.718 [] INFO  SnakesGame - Multicast listen loop stopped
2025-12-23 14:25:52.718 [] INFO  SnakesGame - [UDP-RECV] 23 bytes from /10.9.34.254:56278 (local port: 9190)
2025-12-23 14:25:52.719 [] INFO  SnakesGame - [DISPATCH] JOIN seq=274 from /10.9.34.254:56278 | sender_id=0 receiver_id=none
2025-12-23 14:25:52.719 [] INFO  SnakesGame - [MASTER-JOIN] Received JOIN from /10.9.34.254:56278 (player: 123123, msg_seq=274)
2025-12-23 14:25:52.719 [] INFO  SnakesGame - [ACK-MGR] Registered NEW peer: /10.9.34.254:56278 with playerId=3
2025-12-23 14:25:52.720 [] INFO  SnakesGame - Created snake for player 3: head=Coord[x=0, y=2], tail=Coord[x=0, y=3], direction=UP
2025-12-23 14:25:52.720 [] INFO  SnakesGame - Player 123123 joined the game with snake at Coord[x=0, y=1]
2025-12-23 14:25:52.720 [] INFO  SnakesGame - Player 123123 joined the game as NORMAL with ID 3
2025-12-23 14:25:52.721 [JavaFX Application Thread] INFO  SnakesGame - GameController initialized
2025-12-23 14:25:52.721 [JavaFX Application Thread] INFO  SnakesGame - GameService connected to GameController
2025-12-23 14:25:52.721 [] INFO  SnakesGame - [UDP-SEND] 11 bytes to /10.9.34.254:56278 (local port: 9190)
2025-12-23 14:25:52.721 [] INFO  SnakesGame - [ACK-MGR] Sent message seq=150 to /10.9.34.254:56278, waiting for ACK
2025-12-23 14:25:52.721 [] INFO  SnakesGame - Assigned 123123 as deputy
2025-12-23 14:25:52.721 [] INFO  SnakesGame - [UDP-RECV] 11 bytes from /10.9.34.254:9190 (local port: 56278)
2025-12-23 14:25:52.721 [] INFO  SnakesGame - [DISPATCH] ROLE_CHANGE seq=150 from /10.9.34.254:9190 | sender_id=2 receiver_id=3
2025-12-23 14:25:52.721 [] INFO  SnakesGame - Assigned playerId 3 (was 0)
2025-12-23 14:25:52.721 [] INFO  SnakesGame - Role changed from NORMAL to DEPUTY
2025-12-23 14:25:52.721 [] INFO  SnakesGame - Promoted to DEPUTY, notifying GameService to switch node
2025-12-23 14:25:52.721 [] INFO  SnakesGame - Switching node from DEPUTY to DEPUTY
2025-12-23 14:25:52.721 [] INFO  SnakesGame - DEPUTY node stopped
2025-12-23 14:25:52.722 [] INFO  SnakesGame - [UDP-SEND] 9 bytes to /10.9.34.254:56278 (local port: 9190)
2025-12-23 14:25:52.722 [] INFO  SnakesGame - [ACK-MGR] Sent ACK for seq=274 to /10.9.34.254:56278 (receiver_id=0)
2025-12-23 14:25:52.722 [] INFO  SnakesGame - [MASTER-JOIN] Sent ACK for JOIN seq=274 to /10.9.34.254:56278 (playerId=3)
2025-12-23 14:25:52.722 [] INFO  SnakesGame - [UDP-RECV] 9 bytes from /10.9.34.254:9190 (local port: 56278)
2025-12-23 14:25:52.722 [] INFO  SnakesGame - [UDP-SEND] 11 bytes to /10.9.34.254:56278 (local port: 9190)
2025-12-23 14:25:52.722 [] INFO  SnakesGame - [ACK-MGR] Sent message seq=151 to /10.9.34.254:56278, waiting for ACK
2025-12-23 14:25:52.722 [] INFO  SnakesGame - [MASTER-JOIN] Sent RoleChange to /10.9.34.254:56278: role=NORMAL, id=3, seq=151
2025-12-23 14:25:52.722 [] INFO  SnakesGame - [MASTER-JOIN] Sent RoleChange to /10.9.34.254:56278: role=NORMAL, id=3, seq=151
2025-12-23 14:25:52.722 [] INFO  SnakesGame - DeputyNode.onStart() called
2025-12-23 14:25:52.722 [] INFO  SnakesGame - [UDP-RECV] 11 bytes from /10.9.34.254:9190 (local port: 56278)
2025-12-23 14:25:52.722 [] INFO  SnakesGame - Ping task started
2025-12-23 14:25:52.722 [] INFO  SnakesGame - startMasterTimeoutChecker: timeoutMs=3000, checkInterval=200ms
2025-12-23 14:25:52.722 [] INFO  SnakesGame - Master timeout checker started
2025-12-23 14:25:52.722 [] INFO  SnakesGame - DeputyNode started, monitoring master at /10.9.34.254:9190
2025-12-23 14:25:52.722 [] INFO  SnakesGame - DEPUTY node started for player 123123
2025-12-23 14:25:52.722 [] INFO  SnakesGame - Node switched successfully to DEPUTY
2025-12-23 14:25:52.722 [] INFO  SnakesGame - [UDP-SEND] 9 bytes to /10.9.34.254:9190 (local port: 56278)
2025-12-23 14:25:52.722 [] INFO  SnakesGame - [ACK-MGR] Sent ACK for seq=150 to /10.9.34.254:9190 (receiver_id=2)
2025-12-23 14:25:52.722 [] INFO  SnakesGame - [DISPATCH] ACK seq=274 from /10.9.34.254:9190 | sender_id=2 receiver_id=0
2025-12-23 14:25:52.722 [] INFO  SnakesGame - [ACK-MGR] ✓ Received ACK for seq=274 from /10.9.34.254:9190
2025-12-23 14:25:52.722 [] INFO  SnakesGame - [DISPATCH] ROLE_CHANGE seq=151 from /10.9.34.254:9190 | sender_id=2 receiver_id=3
2025-12-23 14:25:52.723 [] INFO  SnakesGame - [UDP-SEND] 9 bytes to /10.9.34.254:9190 (local port: 56278)
2025-12-23 14:25:52.723 [] INFO  SnakesGame - [ACK-MGR] Sent ACK for seq=151 to /10.9.34.254:9190 (receiver_id=2)
2025-12-23 14:25:52.723 [] INFO  SnakesGame - [UDP-RECV] 9 bytes from /10.9.34.254:56278 (local port: 9190)
2025-12-23 14:25:52.723 [] INFO  SnakesGame - [DISPATCH] ACK seq=150 from /10.9.34.254:56278 | sender_id=3 receiver_id=2
2025-12-23 14:25:52.723 [] INFO  SnakesGame - [UDP-RECV] 9 bytes from /10.9.34.254:56278 (local port: 9190)
2025-12-23 14:25:52.723 [] INFO  SnakesGame - [ACK-MGR] ✓ Received ACK for seq=150 from /10.9.34.254:56278
2025-12-23 14:25:52.723 [] INFO  SnakesGame - [DISPATCH] ACK seq=151 from /10.9.34.254:56278 | sender_id=3 receiver_id=2
2025-12-23 14:25:52.723 [] INFO  SnakesGame - [ACK-MGR] ✓ Received ACK for seq=151 from /10.9.34.254:56278
2025-12-23 14:25:53.096 [pool-3-thread-3] INFO  SnakesGame - Sent multicast announcement to 239.192.0.4:9192 (88 bytes)
2025-12-23 14:25:53.097 [pool-3-thread-2] INFO  SnakesGame - [UDP-SEND] 146 bytes to /10.9.34.254:56278 (local port: 9190)
2025-12-23 14:25:53.097 [pool-3-thread-2] INFO  SnakesGame - [ACK-MGR] Sent message seq=152 to /10.9.34.254:56278, waiting for ACK
2025-12-23 14:25:53.098 [] INFO  SnakesGame - [UDP-RECV] 146 bytes from /10.9.34.254:9190 (local port: 56278)
2025-12-23 14:25:53.098 [] INFO  SnakesGame - Discovered game: й from /10.9.34.254:9190
2025-12-23 14:25:53.098 [] INFO  SnakesGame - [DISPATCH] STATE seq=152 from /10.9.34.254:9190 | sender_id=2 receiver_id=none
2025-12-23 14:25:53.099 [] INFO  SnakesGame - [UDP-SEND] 9 bytes to /10.9.34.254:9190 (local port: 56278)
2025-12-23 14:25:53.099 [] INFO  SnakesGame - [ACK-MGR] Sent ACK for seq=152 to /10.9.34.254:9190 (receiver_id=2)
2025-12-23 14:25:53.100 [] INFO  SnakesGame - [UDP-RECV] 9 bytes from /10.9.34.254:56278 (local port: 9190)
2025-12-23 14:25:53.100 [] INFO  SnakesGame - [DISPATCH] ACK seq=152 from /10.9.34.254:56278 | sender_id=3 receiver_id=2
2025-12-23 14:25:53.100 [] INFO  SnakesGame - [ACK-MGR] ✓ Received ACK for seq=152 from /10.9.34.254:56278
2025-12-23 14:25:53.727 [pool-6-thread-1] INFO  SnakesGame - [UDP-SEND] 9 bytes to /10.9.34.254:9190 (local port: 56278)
2025-12-23 14:25:53.727 [pool-6-thread-1] INFO  SnakesGame - [ACK-MGR] Sent message seq=275 to /10.9.34.254:9190, waiting for ACK
2025-12-23 14:25:53.727 [] INFO  SnakesGame - [UDP-RECV] 9 bytes from /10.9.34.254:56278 (local port: 9190)
2025-12-23 14:25:53.730 [] INFO  SnakesGame - [DISPATCH] PING seq=275 from /10.9.34.254:56278 | sender_id=3 receiver_id=0
2025-12-23 14:25:53.731 [] INFO  SnakesGame - [UDP-SEND] 9 bytes to /10.9.34.254:56278 (local port: 9190)
2025-12-23 14:25:53.731 [] INFO  SnakesGame - [ACK-MGR] Sent ACK for seq=275 to /10.9.34.254:56278 (receiver_id=3)
2025-12-23 14:25:53.731 [] INFO  SnakesGame - [UDP-RECV] 9 bytes from /10.9.34.254:9190 (local port: 56278)
2025-12-23 14:25:53.731 [] INFO  SnakesGame - [DISPATCH] ACK seq=275 from /10.9.34.254:9190 | sender_id=2 receiver_id=3
2025-12-23 14:25:53.731 [] INFO  SnakesGame - [ACK-MGR] ✓ Received ACK for seq=275 from /10.9.34.254:9190
2025-12-23 14:25:54.096 [pool-3-thread-2] INFO  SnakesGame - Sent multicast announcement to 239.192.0.4:9192 (88 bytes)
2025-12-23 14:25:54.097 [] INFO  SnakesGame - [UDP-RECV] 146 bytes from /10.9.34.254:9190 (local port: 56278)
2025-12-23 14:25:54.097 [] INFO  SnakesGame - Discovered game: й from /10.9.34.254:9190
2025-12-23 14:25:54.098 [] INFO  SnakesGame - [DISPATCH] STATE seq=155 from /10.9.34.254:9190 | sender_id=2 receiver_id=none
2025-12-23 14:25:54.096 [pool-3-thread-3] INFO  SnakesGame - [UDP-SEND] 146 bytes to /10.9.34.254:56278 (local port: 9190)
2025-12-23 14:25:54.098 [pool-3-thread-3] INFO  SnakesGame - [ACK-MGR] Sent message seq=155 to /10.9.34.254:56278, waiting for ACK
2025-12-23 14:25:54.098 [] INFO  SnakesGame - [UDP-SEND] 9 bytes to /10.9.34.254:9190 (local port: 56278)
2025-12-23 14:25:54.098 [] INFO  SnakesGame - [ACK-MGR] Sent ACK for seq=155 to /10.9.34.254:9190 (receiver_id=2)
2025-12-23 14:25:54.099 [] INFO  SnakesGame - [UDP-RECV] 9 bytes from /10.9.34.254:56278 (local port: 9190)
2025-12-23 14:25:54.099 [] INFO  SnakesGame - [DISPATCH] ACK seq=155 from /10.9.34.254:56278 | sender_id=3 receiver_id=2
2025-12-23 14:25:54.099 [] INFO  SnakesGame - [ACK-MGR] ✓ Received ACK for seq=155 from /10.9.34.254:56278
2025-12-23 14:25:54.729 [pool-6-thread-2] INFO  SnakesGame - [UDP-SEND] 9 bytes to /10.9.34.254:9190 (local port: 56278)
2025-12-23 14:25:54.730 [pool-6-thread-2] INFO  SnakesGame - [ACK-MGR] Sent message seq=276 to /10.9.34.254:9190, waiting for ACK
2025-12-23 14:25:54.730 [] INFO  SnakesGame - [UDP-RECV] 9 bytes from /10.9.34.254:56278 (local port: 9190)
2025-12-23 14:25:54.730 [] INFO  SnakesGame - [DISPATCH] PING seq=276 from /10.9.34.254:56278 | sender_id=3 receiver_id=0
2025-12-23 14:25:54.731 [] INFO  SnakesGame - [UDP-SEND] 9 bytes to /10.9.34.254:56278 (local port: 9190)
2025-12-23 14:25:54.731 [] INFO  SnakesGame - [ACK-MGR] Sent ACK for seq=276 to /10.9.34.254:56278 (receiver_id=3)
2025-12-23 14:25:54.731 [] INFO  SnakesGame - [UDP-RECV] 9 bytes from /10.9.34.254:9190 (local port: 56278)
2025-12-23 14:25:54.731 [] INFO  SnakesGame - [DISPATCH] ACK seq=276 from /10.9.34.254:9190 | sender_id=2 receiver_id=3
2025-12-23 14:25:54.732 [] INFO  SnakesGame - [ACK-MGR] ✓ Received ACK for seq=276 from /10.9.34.254:9190
2025-12-23 14:25:55.095 [pool-3-thread-3] INFO  SnakesGame - Sent multicast announcement to 239.192.0.4:9192 (88 bytes)
2025-12-23 14:25:55.095 [pool-3-thread-2] INFO  SnakesGame - [UDP-SEND] 146 bytes to /10.9.34.254:56278 (local port: 9190)
2025-12-23 14:25:55.095 [pool-3-thread-2] INFO  SnakesGame - [ACK-MGR] Sent message seq=156 to /10.9.34.254:56278, waiting for ACK
2025-12-23 14:25:55.095 [] INFO  SnakesGame - [UDP-RECV] 146 bytes from /10.9.34.254:9190 (local port: 56278)
2025-12-23 14:25:55.095 [] INFO  SnakesGame - [DISPATCH] STATE seq=156 from /10.9.34.254:9190 | sender_id=2 receiver_id=none
2025-12-23 14:25:55.095 [] INFO  SnakesGame - Discovered game: й from /10.9.34.254:9190
2025-12-23 14:25:55.096 [] INFO  SnakesGame - [UDP-SEND] 9 bytes to /10.9.34.254:9190 (local port: 56278)
2025-12-23 14:25:55.096 [] INFO  SnakesGame - [ACK-MGR] Sent ACK for seq=156 to /10.9.34.254:9190 (receiver_id=2)
2025-12-23 14:25:55.096 [] INFO  SnakesGame - [UDP-RECV] 9 bytes from /10.9.34.254:56278 (local port: 9190)
2025-12-23 14:25:55.096 [] INFO  SnakesGame - [DISPATCH] ACK seq=156 from /10.9.34.254:56278 | sender_id=3 receiver_id=2
2025-12-23 14:25:55.096 [] INFO  SnakesGame - [ACK-MGR] ✓ Received ACK for seq=156 from /10.9.34.254:56278
2025-12-23 14:25:55.727 [pool-6-thread-1] INFO  SnakesGame - [UDP-SEND] 9 bytes to /10.9.34.254:9190 (local port: 56278)
2025-12-23 14:25:55.728 [pool-6-thread-1] INFO  SnakesGame - [ACK-MGR] Sent message seq=277 to /10.9.34.254:9190, waiting for ACK
2025-12-23 14:25:55.734 [] INFO  SnakesGame - [UDP-RECV] 9 bytes from /10.9.34.254:56278 (local port: 9190)
2025-12-23 14:25:55.734 [] INFO  SnakesGame - [DISPATCH] PING seq=277 from /10.9.34.254:56278 | sender_id=3 receiver_id=0
2025-12-23 14:25:55.735 [] INFO  SnakesGame - [UDP-SEND] 9 bytes to /10.9.34.254:56278 (local port: 9190)
2025-12-23 14:25:55.735 [] INFO  SnakesGame - [ACK-MGR] Sent ACK for seq=277 to /10.9.34.254:56278 (receiver_id=3)
2025-12-23 14:25:55.735 [] INFO  SnakesGame - [UDP-RECV] 9 bytes from /10.9.34.254:9190 (local port: 56278)
2025-12-23 14:25:55.735 [] INFO  SnakesGame - [DISPATCH] ACK seq=277 from /10.9.34.254:9190 | sender_id=2 receiver_id=3
2025-12-23 14:25:55.735 [] INFO  SnakesGame - [ACK-MGR] ✓ Received ACK for seq=277 from /10.9.34.254:9190
2025-12-23 14:25:56.097 [pool-3-thread-1] INFO  SnakesGame - Sent multicast announcement to 239.192.0.4:9192 (88 bytes)
2025-12-23 14:25:56.097 [pool-3-thread-2] INFO  SnakesGame - [UDP-SEND] 146 bytes to /10.9.34.254:56278 (local port: 9190)
2025-12-23 14:25:56.097 [] INFO  SnakesGame - [UDP-RECV] 146 bytes from /10.9.34.254:9190 (local port: 56278)
2025-12-23 14:25:56.098 [pool-3-thread-2] INFO  SnakesGame - [ACK-MGR] Sent message seq=158 to /10.9.34.254:56278, waiting for ACK
2025-12-23 14:25:56.098 [] INFO  SnakesGame - Discovered game: й from /10.9.34.254:9190
2025-12-23 14:25:56.098 [] INFO  SnakesGame - [DISPATCH] STATE seq=158 from /10.9.34.254:9190 | sender_id=2 receiver_id=none
2025-12-23 14:25:56.098 [] INFO  SnakesGame - [UDP-SEND] 9 bytes to /10.9.34.254:9190 (local port: 56278)
2025-12-23 14:25:56.098 [] INFO  SnakesGame - [ACK-MGR] Sent ACK for seq=158 to /10.9.34.254:9190 (receiver_id=2)
2025-12-23 14:25:56.099 [] INFO  SnakesGame - [UDP-RECV] 9 bytes from /10.9.34.254:56278 (local port: 9190)
2025-12-23 14:25:56.099 [] INFO  SnakesGame - [DISPATCH] ACK seq=158 from /10.9.34.254:56278 | sender_id=3 receiver_id=2
2025-12-23 14:25:56.099 [] INFO  SnakesGame - [ACK-MGR] ✓ Received ACK for seq=158 from /10.9.34.254:56278
2025-12-23 14:25:56.729 [pool-6-thread-1] INFO  SnakesGame - [UDP-SEND] 9 bytes to /10.9.34.254:9190 (local port: 56278)
2025-12-23 14:25:56.729 [pool-6-thread-1] INFO  SnakesGame - [ACK-MGR] Sent message seq=278 to /10.9.34.254:9190, waiting for ACK
2025-12-23 14:25:56.730 [] INFO  SnakesGame - [UDP-RECV] 9 bytes from /10.9.34.254:56278 (local port: 9190)
2025-12-23 14:25:56.730 [] INFO  SnakesGame - [DISPATCH] PING seq=278 from /10.9.34.254:56278 | sender_id=3 receiver_id=0
2025-12-23 14:25:56.731 [] INFO  SnakesGame - [UDP-SEND] 9 bytes to /10.9.34.254:56278 (local port: 9190)
2025-12-23 14:25:56.731 [] INFO  SnakesGame - [ACK-MGR] Sent ACK for seq=278 to /10.9.34.254:56278 (receiver_id=3)
2025-12-23 14:25:56.735 [] INFO  SnakesGame - [UDP-RECV] 9 bytes from /10.9.34.254:9190 (local port: 56278)
2025-12-23 14:25:56.735 [] INFO  SnakesGame - [DISPATCH] ACK seq=278 from /10.9.34.254:9190 | sender_id=2 receiver_id=3
2025-12-23 14:25:56.735 [] INFO  SnakesGame - [ACK-MGR] ✓ Received ACK for seq=278 from /10.9.34.254:9190
2025-12-23 14:25:56.745 [JavaFX Application Thread] INFO  SnakesGame - [UDP-SEND] 9 bytes to /10.9.34.254:9190 (local port: 56278)
2025-12-23 14:25:56.745 [JavaFX Application Thread] INFO  SnakesGame - [ACK-MGR] Sent message seq=279 to /10.9.34.254:9190, waiting for ACK
2025-12-23 14:25:56.746 [] INFO  SnakesGame - [UDP-RECV] 9 bytes from /10.9.34.254:56278 (local port: 9190)
2025-12-23 14:25:56.747 [] INFO  SnakesGame - [DISPATCH] STEER seq=279 from /10.9.34.254:56278 | sender_id=3 receiver_id=none
2025-12-23 14:25:56.747 [] INFO  SnakesGame - [UDP-SEND] 9 bytes to /10.9.34.254:56278 (local port: 9190)
2025-12-23 14:25:56.747 [] INFO  SnakesGame - [ACK-MGR] Sent ACK for seq=279 to /10.9.34.254:56278 (receiver_id=3)
2025-12-23 14:25:56.747 [] INFO  SnakesGame - [UDP-RECV] 9 bytes from /10.9.34.254:9190 (local port: 56278)
2025-12-23 14:25:56.748 [] INFO  SnakesGame - [DISPATCH] ACK seq=279 from /10.9.34.254:9190 | sender_id=2 receiver_id=3
2025-12-23 14:25:56.748 [] INFO  SnakesGame - [ACK-MGR] ✓ Received ACK for seq=279 from /10.9.34.254:9190
2025-12-23 14:25:57.101 [pool-3-thread-2] INFO  SnakesGame - Sent multicast announcement to 239.192.0.4:9192 (88 bytes)
2025-12-23 14:25:57.102 [pool-3-thread-1] INFO  SnakesGame - [UDP-SEND] 146 bytes to /10.9.34.254:56278 (local port: 9190)
2025-12-23 14:25:57.103 [pool-3-thread-1] INFO  SnakesGame - [ACK-MGR] Sent message seq=160 to /10.9.34.254:56278, waiting for ACK
2025-12-23 14:25:57.103 [] INFO  SnakesGame - [UDP-RECV] 146 bytes from /10.9.34.254:9190 (local port: 56278)
2025-12-23 14:25:57.103 [] INFO  SnakesGame - [DISPATCH] STATE seq=160 from /10.9.34.254:9190 | sender_id=2 receiver_id=none
2025-12-23 14:25:57.103 [] INFO  SnakesGame - Discovered game: й from /10.9.34.254:9190
2025-12-23 14:25:57.103 [] INFO  SnakesGame - [UDP-SEND] 9 bytes to /10.9.34.254:9190 (local port: 56278)
2025-12-23 14:25:57.103 [] INFO  SnakesGame - [ACK-MGR] Sent ACK for seq=160 to /10.9.34.254:9190 (receiver_id=2)
2025-12-23 14:25:57.104 [] INFO  SnakesGame - [UDP-RECV] 9 bytes from /10.9.34.254:56278 (local port: 9190)
2025-12-23 14:25:57.104 [] INFO  SnakesGame - [DISPATCH] ACK seq=160 from /10.9.34.254:56278 | sender_id=3 receiver_id=2
2025-12-23 14:25:57.104 [] INFO  SnakesGame - [ACK-MGR] ✓ Received ACK for seq=160 from /10.9.34.254:56278
2025-12-23 14:25:57.186 [JavaFX Application Thread] INFO  SnakesGame - [UDP-SEND] 9 bytes to /10.9.34.254:9190 (local port: 56278)
2025-12-23 14:25:57.186 [JavaFX Application Thread] INFO  SnakesGame - [ACK-MGR] Sent message seq=280 to /10.9.34.254:9190, waiting for ACK
2025-12-23 14:25:57.186 [] INFO  SnakesGame - [UDP-RECV] 9 bytes from /10.9.34.254:56278 (local port: 9190)
2025-12-23 14:25:57.186 [] INFO  SnakesGame - [DISPATCH] STEER seq=280 from /10.9.34.254:56278 | sender_id=3 receiver_id=none
2025-12-23 14:25:57.187 [] INFO  SnakesGame - [UDP-SEND] 9 bytes to /10.9.34.254:56278 (local port: 9190)
2025-12-23 14:25:57.187 [] INFO  SnakesGame - [ACK-MGR] Sent ACK for seq=280 to /10.9.34.254:56278 (receiver_id=3)
2025-12-23 14:25:57.187 [] INFO  SnakesGame - [UDP-RECV] 9 bytes from /10.9.34.254:9190 (local port: 56278)
2025-12-23 14:25:57.187 [] INFO  SnakesGame - [DISPATCH] ACK seq=280 from /10.9.34.254:9190 | sender_id=2 receiver_id=3
2025-12-23 14:25:57.187 [] INFO  SnakesGame - [ACK-MGR] ✓ Received ACK for seq=280 from /10.9.34.254:9190
2025-12-23 14:25:57.727 [pool-6-thread-2] INFO  SnakesGame - [UDP-SEND] 9 bytes to /10.9.34.254:9190 (local port: 56278)
2025-12-23 14:25:57.728 [pool-6-thread-2] INFO  SnakesGame - [ACK-MGR] Sent message seq=281 to /10.9.34.254:9190, waiting for ACK
2025-12-23 14:25:57.728 [] INFO  SnakesGame - [UDP-RECV] 9 bytes from /10.9.34.254:56278 (local port: 9190)
2025-12-23 14:25:57.729 [] INFO  SnakesGame - [DISPATCH] PING seq=281 from /10.9.34.254:56278 | sender_id=3 receiver_id=0
2025-12-23 14:25:57.729 [] INFO  SnakesGame - [UDP-SEND] 9 bytes to /10.9.34.254:56278 (local port: 9190)
2025-12-23 14:25:57.729 [] INFO  SnakesGame - [ACK-MGR] Sent ACK for seq=281 to /10.9.34.254:56278 (receiver_id=3)
2025-12-23 14:25:57.730 [] INFO  SnakesGame - [UDP-RECV] 9 bytes from /10.9.34.254:9190 (local port: 56278)
2025-12-23 14:25:57.730 [] INFO  SnakesGame - [DISPATCH] ACK seq=281 from /10.9.34.254:9190 | sender_id=2 receiver_id=3
2025-12-23 14:25:57.730 [] INFO  SnakesGame - [ACK-MGR] ✓ Received ACK for seq=281 from /10.9.34.254:9190
2025-12-23 14:25:58.096 [pool-3-thread-1] INFO  SnakesGame - Sent multicast announcement to 239.192.0.4:9192 (88 bytes)
2025-12-23 14:25:58.096 [pool-3-thread-2] INFO  SnakesGame - [UDP-SEND] 146 bytes to /10.9.34.254:56278 (local port: 9190)
2025-12-23 14:25:58.098 [] INFO  SnakesGame - [UDP-RECV] 146 bytes from /10.9.34.254:9190 (local port: 56278)
2025-12-23 14:25:58.099 [pool-3-thread-2] INFO  SnakesGame - [ACK-MGR] Sent message seq=162 to /10.9.34.254:56278, waiting for ACK
2025-12-23 14:25:58.099 [] INFO  SnakesGame - [DISPATCH] STATE seq=162 from /10.9.34.254:9190 | sender_id=2 receiver_id=none
2025-12-23 14:25:58.099 [] INFO  SnakesGame - Discovered game: й from /10.9.34.254:9190
2025-12-23 14:25:58.099 [] INFO  SnakesGame - [UDP-SEND] 9 bytes to /10.9.34.254:9190 (local port: 56278)
2025-12-23 14:25:58.099 [] INFO  SnakesGame - [ACK-MGR] Sent ACK for seq=162 to /10.9.34.254:9190 (receiver_id=2)
2025-12-23 14:25:58.100 [] INFO  SnakesGame - [UDP-RECV] 9 bytes from /10.9.34.254:56278 (local port: 9190)
2025-12-23 14:25:58.100 [] INFO  SnakesGame - [DISPATCH] ACK seq=162 from /10.9.34.254:56278 | sender_id=3 receiver_id=2
2025-12-23 14:25:58.100 [] INFO  SnakesGame - [ACK-MGR] ✓ Received ACK for seq=162 from /10.9.34.254:56278
2025-12-23 14:25:58.209 [JavaFX Application Thread] INFO  SnakesGame - [UDP-SEND] 9 bytes to /10.9.34.254:9190 (local port: 56278)
2025-12-23 14:25:58.209 [JavaFX Application Thread] INFO  SnakesGame - [ACK-MGR] Sent message seq=282 to /10.9.34.254:9190, waiting for ACK
2025-12-23 14:25:58.210 [] INFO  SnakesGame - [UDP-RECV] 9 bytes from /10.9.34.254:56278 (local port: 9190)
2025-12-23 14:25:58.210 [] INFO  SnakesGame - [DISPATCH] STEER seq=282 from /10.9.34.254:56278 | sender_id=3 receiver_id=none
2025-12-23 14:25:58.210 [] INFO  SnakesGame - [UDP-SEND] 9 bytes to /10.9.34.254:56278 (local port: 9190)
2025-12-23 14:25:58.210 [] INFO  SnakesGame - [ACK-MGR] Sent ACK for seq=282 to /10.9.34.254:56278 (receiver_id=3)
2025-12-23 14:25:58.210 [] INFO  SnakesGame - [UDP-RECV] 9 bytes from /10.9.34.254:9190 (local port: 56278)
2025-12-23 14:25:58.211 [] INFO  SnakesGame - [DISPATCH] ACK seq=282 from /10.9.34.254:9190 | sender_id=2 receiver_id=3
2025-12-23 14:25:58.211 [] INFO  SnakesGame - [ACK-MGR] ✓ Received ACK for seq=282 from /10.9.34.254:9190
2025-12-23 14:25:58.726 [pool-6-thread-2] INFO  SnakesGame - [UDP-SEND] 9 bytes to /10.9.34.254:9190 (local port: 56278)
2025-12-23 14:25:58.727 [pool-6-thread-2] INFO  SnakesGame - [ACK-MGR] Sent message seq=283 to /10.9.34.254:9190, waiting for ACK
2025-12-23 14:25:58.727 [] INFO  SnakesGame - [UDP-RECV] 9 bytes from /10.9.34.254:56278 (local port: 9190)
2025-12-23 14:25:58.728 [] INFO  SnakesGame - [DISPATCH] PING seq=283 from /10.9.34.254:56278 | sender_id=3 receiver_id=0
2025-12-23 14:25:58.728 [] INFO  SnakesGame - [UDP-SEND] 9 bytes to /10.9.34.254:56278 (local port: 9190)
2025-12-23 14:25:58.729 [] INFO  SnakesGame - [ACK-MGR] Sent ACK for seq=283 to /10.9.34.254:56278 (receiver_id=3)
2025-12-23 14:25:58.729 [] INFO  SnakesGame - [UDP-RECV] 9 bytes from /10.9.34.254:9190 (local port: 56278)
2025-12-23 14:25:58.729 [] INFO  SnakesGame - [DISPATCH] ACK seq=283 from /10.9.34.254:9190 | sender_id=2 receiver_id=3
2025-12-23 14:25:58.729 [] INFO  SnakesGame - [ACK-MGR] ✓ Received ACK for seq=283 from /10.9.34.254:9190
2025-12-23 14:25:59.096 [pool-3-thread-1] INFO  SnakesGame - [UDP-SEND] 146 bytes to /10.9.34.254:56278 (local port: 9190)
2025-12-23 14:25:59.097 [pool-3-thread-1] INFO  SnakesGame - [ACK-MGR] Sent message seq=164 to /10.9.34.254:56278, waiting for ACK
2025-12-23 14:25:59.098 [pool-3-thread-1] INFO  SnakesGame - Sent multicast announcement to 239.192.0.4:9192 (88 bytes)
2025-12-23 14:25:59.099 [] INFO  SnakesGame - Discovered game: й from /10.9.34.254:9190
2025-12-23 14:25:59.099 [] INFO  SnakesGame - [UDP-RECV] 146 bytes from /10.9.34.254:9190 (local port: 56278)
2025-12-23 14:25:59.099 [] INFO  SnakesGame - [DISPATCH] STATE seq=164 from /10.9.34.254:9190 | sender_id=2 receiver_id=none
2025-12-23 14:25:59.099 [] INFO  SnakesGame - [UDP-SEND] 9 bytes to /10.9.34.254:9190 (local port: 56278)
2025-12-23 14:25:59.099 [] INFO  SnakesGame - [ACK-MGR] Sent ACK for seq=164 to /10.9.34.254:9190 (receiver_id=2)
2025-12-23 14:25:59.100 [] INFO  SnakesGame - [UDP-RECV] 9 bytes from /10.9.34.254:56278 (local port: 9190)
2025-12-23 14:25:59.100 [] INFO  SnakesGame - [DISPATCH] ACK seq=164 from /10.9.34.254:56278 | sender_id=3 receiver_id=2
2025-12-23 14:25:59.100 [] INFO  SnakesGame - [ACK-MGR] ✓ Received ACK for seq=164 from /10.9.34.254:56278
2025-12-23 14:25:59.728 [pool-6-thread-2] INFO  SnakesGame - [UDP-SEND] 9 bytes to /10.9.34.254:9190 (local port: 56278)
2025-12-23 14:25:59.728 [pool-6-thread-2] INFO  SnakesGame - [ACK-MGR] Sent message seq=284 to /10.9.34.254:9190, waiting for ACK
2025-12-23 14:25:59.728 [] INFO  SnakesGame - [UDP-RECV] 9 bytes from /10.9.34.254:56278 (local port: 9190)
2025-12-23 14:25:59.729 [] INFO  SnakesGame - [DISPATCH] PING seq=284 from /10.9.34.254:56278 | sender_id=3 receiver_id=0
2025-12-23 14:25:59.730 [] INFO  SnakesGame - [UDP-SEND] 9 bytes to /10.9.34.254:56278 (local port: 9190)
2025-12-23 14:25:59.730 [] INFO  SnakesGame - [ACK-MGR] Sent ACK for seq=284 to /10.9.34.254:56278 (receiver_id=3)
2025-12-23 14:25:59.731 [] INFO  SnakesGame - [UDP-RECV] 9 bytes from /10.9.34.254:9190 (local port: 56278)
2025-12-23 14:25:59.731 [] INFO  SnakesGame - [DISPATCH] ACK seq=284 from /10.9.34.254:9190 | sender_id=2 receiver_id=3
2025-12-23 14:25:59.732 [] INFO  SnakesGame - [ACK-MGR] ✓ Received ACK for seq=284 from /10.9.34.254:9190
2025-12-23 14:26:00.004 [JavaFX Application Thread] INFO  SnakesGame - [UDP-SEND] 9 bytes to /10.9.34.254:9190 (local port: 56278)
2025-12-23 14:26:00.005 [JavaFX Application Thread] INFO  SnakesGame - [ACK-MGR] Sent message seq=285 to /10.9.34.254:9190, waiting for ACK
2025-12-23 14:26:00.006 [] INFO  SnakesGame - [UDP-RECV] 9 bytes from /10.9.34.254:56278 (local port: 9190)
2025-12-23 14:26:00.006 [] INFO  SnakesGame - [DISPATCH] STEER seq=285 from /10.9.34.254:56278 | sender_id=3 receiver_id=none
2025-12-23 14:26:00.007 [] INFO  SnakesGame - [UDP-SEND] 9 bytes to /10.9.34.254:56278 (local port: 9190)
2025-12-23 14:26:00.007 [] INFO  SnakesGame - [ACK-MGR] Sent ACK for seq=285 to /10.9.34.254:56278 (receiver_id=3)
2025-12-23 14:26:00.007 [] INFO  SnakesGame - [UDP-RECV] 9 bytes from /10.9.34.254:9190 (local port: 56278)
2025-12-23 14:26:00.007 [] INFO  SnakesGame - [DISPATCH] ACK seq=285 from /10.9.34.254:9190 | sender_id=2 receiver_id=3
2025-12-23 14:26:00.007 [] INFO  SnakesGame - [ACK-MGR] ✓ Received ACK for seq=285 from /10.9.34.254:9190
2025-12-23 14:26:00.097 [pool-3-thread-2] INFO  SnakesGame - [UDP-SEND] 146 bytes to /10.9.34.254:56278 (local port: 9190)
2025-12-23 14:26:00.100 [pool-3-thread-3] INFO  SnakesGame - Sent multicast announcement to 239.192.0.4:9192 (88 bytes)
2025-12-23 14:26:00.100 [pool-3-thread-2] INFO  SnakesGame - [ACK-MGR] Sent message seq=166 to /10.9.34.254:56278, waiting for ACK
2025-12-23 14:26:00.100 [] INFO  SnakesGame - [UDP-RECV] 146 bytes from /10.9.34.254:9190 (local port: 56278)
2025-12-23 14:26:00.101 [] INFO  SnakesGame - Discovered game: й from /10.9.34.254:9190
2025-12-23 14:26:00.101 [] INFO  SnakesGame - [DISPATCH] STATE seq=166 from /10.9.34.254:9190 | sender_id=2 receiver_id=none
2025-12-23 14:26:00.101 [] INFO  SnakesGame - [UDP-SEND] 9 bytes to /10.9.34.254:9190 (local port: 56278)
2025-12-23 14:26:00.101 [] INFO  SnakesGame - [ACK-MGR] Sent ACK for seq=166 to /10.9.34.254:9190 (receiver_id=2)
2025-12-23 14:26:00.101 [] INFO  SnakesGame - [UDP-RECV] 9 bytes from /10.9.34.254:56278 (local port: 9190)
2025-12-23 14:26:00.101 [] INFO  SnakesGame - [DISPATCH] ACK seq=166 from /10.9.34.254:56278 | sender_id=3 receiver_id=2
2025-12-23 14:26:00.102 [] INFO  SnakesGame - [ACK-MGR] ✓ Received ACK for seq=166 from /10.9.34.254:56278
2025-12-23 14:26:00.641 [JavaFX Application Thread] INFO  SnakesGame - [UDP-SEND] 9 bytes to /10.9.34.254:9190 (local port: 56278)
2025-12-23 14:26:00.641 [JavaFX Application Thread] INFO  SnakesGame - [ACK-MGR] Sent message seq=286 to /10.9.34.254:9190, waiting for ACK
2025-12-23 14:26:00.641 [] INFO  SnakesGame - [DISPATCH] STEER seq=286 from /10.9.34.254:56278 | sender_id=3 receiver_id=none
2025-12-23 14:26:00.641 [] INFO  SnakesGame - [UDP-RECV] 9 bytes from /10.9.34.254:56278 (local port: 9190)
2025-12-23 14:26:00.642 [] INFO  SnakesGame - [UDP-SEND] 9 bytes to /10.9.34.254:56278 (local port: 9190)
2025-12-23 14:26:00.642 [] INFO  SnakesGame - [ACK-MGR] Sent ACK for seq=286 to /10.9.34.254:56278 (receiver_id=3)
2025-12-23 14:26:00.642 [] INFO  SnakesGame - [UDP-RECV] 9 bytes from /10.9.34.254:9190 (local port: 56278)
2025-12-23 14:26:00.642 [] INFO  SnakesGame - [DISPATCH] ACK seq=286 from /10.9.34.254:9190 | sender_id=2 receiver_id=3
2025-12-23 14:26:00.642 [] INFO  SnakesGame - [ACK-MGR] ✓ Received ACK for seq=286 from /10.9.34.254:9190
2025-12-23 14:26:00.727 [pool-6-thread-2] INFO  SnakesGame - [UDP-SEND] 9 bytes to /10.9.34.254:9190 (local port: 56278)
2025-12-23 14:26:00.728 [pool-6-thread-2] INFO  SnakesGame - [ACK-MGR] Sent message seq=287 to /10.9.34.254:9190, waiting for ACK
2025-12-23 14:26:00.728 [] INFO  SnakesGame - [DISPATCH] PING seq=287 from /10.9.34.254:56278 | sender_id=3 receiver_id=0
2025-12-23 14:26:00.728 [] INFO  SnakesGame - [UDP-RECV] 9 bytes from /10.9.34.254:56278 (local port: 9190)
2025-12-23 14:26:00.729 [] INFO  SnakesGame - [UDP-SEND] 9 bytes to /10.9.34.254:56278 (local port: 9190)
2025-12-23 14:26:00.729 [] INFO  SnakesGame - [ACK-MGR] Sent ACK for seq=287 to /10.9.34.254:56278 (receiver_id=3)
2025-12-23 14:26:00.729 [] INFO  SnakesGame - [UDP-RECV] 9 bytes from /10.9.34.254:9190 (local port: 56278)
2025-12-23 14:26:00.729 [] INFO  SnakesGame - [DISPATCH] ACK seq=287 from /10.9.34.254:9190 | sender_id=2 receiver_id=3
2025-12-23 14:26:00.729 [] INFO  SnakesGame - [ACK-MGR] ✓ Received ACK for seq=287 from /10.9.34.254:9190
2025-12-23 14:26:01.095 [pool-3-thread-1] INFO  SnakesGame - Sent multicast announcement to 239.192.0.4:9192 (88 bytes)
2025-12-23 14:26:01.096 [pool-3-thread-3] INFO  SnakesGame - [UDP-SEND] 146 bytes to /10.9.34.254:56278 (local port: 9190)
2025-12-23 14:26:01.097 [] INFO  SnakesGame - [UDP-RECV] 146 bytes from /10.9.34.254:9190 (local port: 56278)
2025-12-23 14:26:01.097 [pool-3-thread-3] INFO  SnakesGame - [ACK-MGR] Sent message seq=168 to /10.9.34.254:56278, waiting for ACK
2025-12-23 14:26:01.098 [] INFO  SnakesGame - [DISPATCH] STATE seq=168 from /10.9.34.254:9190 | sender_id=2 receiver_id=none
2025-12-23 14:26:01.098 [] INFO  SnakesGame - Discovered game: й from /10.9.34.254:9190
2025-12-23 14:26:01.099 [] INFO  SnakesGame - [UDP-SEND] 9 bytes to /10.9.34.254:9190 (local port: 56278)
2025-12-23 14:26:01.099 [] INFO  SnakesGame - [ACK-MGR] Sent ACK for seq=168 to /10.9.34.254:9190 (receiver_id=2)
2025-12-23 14:26:01.099 [] INFO  SnakesGame - [UDP-RECV] 9 bytes from /10.9.34.254:56278 (local port: 9190)
2025-12-23 14:26:01.099 [] INFO  SnakesGame - [DISPATCH] ACK seq=168 from /10.9.34.254:56278 | sender_id=3 receiver_id=2
2025-12-23 14:26:01.100 [] INFO  SnakesGame - [ACK-MGR] ✓ Received ACK for seq=168 from /10.9.34.254:56278
2025-12-23 14:26:01.728 [pool-6-thread-2] INFO  SnakesGame - [UDP-SEND] 9 bytes to /10.9.34.254:9190 (local port: 56278)
2025-12-23 14:26:01.729 [pool-6-thread-2] INFO  SnakesGame - [ACK-MGR] Sent message seq=288 to /10.9.34.254:9190, waiting for ACK
2025-12-23 14:26:01.729 [] INFO  SnakesGame - [UDP-RECV] 9 bytes from /10.9.34.254:56278 (local port: 9190)
2025-12-23 14:26:01.730 [] INFO  SnakesGame - [DISPATCH] PING seq=288 from /10.9.34.254:56278 | sender_id=3 receiver_id=0
2025-12-23 14:26:01.731 [] INFO  SnakesGame - [UDP-SEND] 9 bytes to /10.9.34.254:56278 (local port: 9190)
2025-12-23 14:26:01.731 [] INFO  SnakesGame - [ACK-MGR] Sent ACK for seq=288 to /10.9.34.254:56278 (receiver_id=3)
2025-12-23 14:26:01.732 [] INFO  SnakesGame - [UDP-RECV] 9 bytes from /10.9.34.254:9190 (local port: 56278)
2025-12-23 14:26:01.732 [] INFO  SnakesGame - [DISPATCH] ACK seq=288 from /10.9.34.254:9190 | sender_id=2 receiver_id=3
2025-12-23 14:26:01.732 [] INFO  SnakesGame - [ACK-MGR] ✓ Received ACK for seq=288 from /10.9.34.254:9190
2025-12-23 14:26:02.097 [pool-3-thread-2] INFO  SnakesGame - [UDP-SEND] 146 bytes to /10.9.34.254:56278 (local port: 9190)
2025-12-23 14:26:02.098 [pool-3-thread-2] INFO  SnakesGame - [ACK-MGR] Sent message seq=170 to /10.9.34.254:56278, waiting for ACK
2025-12-23 14:26:02.098 [pool-3-thread-3] INFO  SnakesGame - Sent multicast announcement to 239.192.0.4:9192 (88 bytes)
2025-12-23 14:26:02.101 [] INFO  SnakesGame - [UDP-RECV] 146 bytes from /10.9.34.254:9190 (local port: 56278)
2025-12-23 14:26:02.101 [] INFO  SnakesGame - Discovered game: й from /10.9.34.254:9190
2025-12-23 14:26:02.101 [] INFO  SnakesGame - [DISPATCH] STATE seq=170 from /10.9.34.254:9190 | sender_id=2 receiver_id=none
2025-12-23 14:26:02.102 [] INFO  SnakesGame - [UDP-SEND] 9 bytes to /10.9.34.254:9190 (local port: 56278)
2025-12-23 14:26:02.102 [] INFO  SnakesGame - [ACK-MGR] Sent ACK for seq=170 to /10.9.34.254:9190 (receiver_id=2)
2025-12-23 14:26:02.102 [] INFO  SnakesGame - [UDP-RECV] 9 bytes from /10.9.34.254:56278 (local port: 9190)
2025-12-23 14:26:02.102 [] INFO  SnakesGame - [DISPATCH] ACK seq=170 from /10.9.34.254:56278 | sender_id=3 receiver_id=2
2025-12-23 14:26:02.103 [] INFO  SnakesGame - [ACK-MGR] ✓ Received ACK for seq=170 from /10.9.34.254:56278
2025-12-23 14:26:02.414 [JavaFX Application Thread] INFO  SnakesGame - [UDP-SEND] 9 bytes to /10.9.34.254:9190 (local port: 56278)
2025-12-23 14:26:02.414 [JavaFX Application Thread] INFO  SnakesGame - [ACK-MGR] Sent message seq=289 to /10.9.34.254:9190, waiting for ACK
2025-12-23 14:26:02.415 [] INFO  SnakesGame - [UDP-RECV] 9 bytes from /10.9.34.254:56278 (local port: 9190)
2025-12-23 14:26:02.415 [] INFO  SnakesGame - [DISPATCH] STEER seq=289 from /10.9.34.254:56278 | sender_id=3 receiver_id=none
2025-12-23 14:26:02.416 [] INFO  SnakesGame - [UDP-SEND] 9 bytes to /10.9.34.254:56278 (local port: 9190)
2025-12-23 14:26:02.416 [] INFO  SnakesGame - [ACK-MGR] Sent ACK for seq=289 to /10.9.34.254:56278 (receiver_id=3)
2025-12-23 14:26:02.416 [] INFO  SnakesGame - [UDP-RECV] 9 bytes from /10.9.34.254:9190 (local port: 56278)
2025-12-23 14:26:02.416 [] INFO  SnakesGame - [DISPATCH] ACK seq=289 from /10.9.34.254:9190 | sender_id=2 receiver_id=3
2025-12-23 14:26:02.416 [] INFO  SnakesGame - [ACK-MGR] ✓ Received ACK for seq=289 from /10.9.34.254:9190
2025-12-23 14:26:02.723 [pool-6-thread-1] INFO  SnakesGame - [UDP-SEND] 9 bytes to /10.9.34.254:9190 (local port: 56278)
2025-12-23 14:26:02.723 [pool-6-thread-1] INFO  SnakesGame - [ACK-MGR] Sent message seq=290 to /10.9.34.254:9190, waiting for ACK
2025-12-23 14:26:02.723 [] INFO  SnakesGame - [UDP-RECV] 9 bytes from /10.9.34.254:56278 (local port: 9190)
2025-12-23 14:26:02.724 [] INFO  SnakesGame - [DISPATCH] PING seq=290 from /10.9.34.254:56278 | sender_id=3 receiver_id=0
2025-12-23 14:26:02.725 [] INFO  SnakesGame - [UDP-SEND] 9 bytes to /10.9.34.254:56278 (local port: 9190)
2025-12-23 14:26:02.725 [] INFO  SnakesGame - [ACK-MGR] Sent ACK for seq=290 to /10.9.34.254:56278 (receiver_id=3)
2025-12-23 14:26:02.726 [] INFO  SnakesGame - [UDP-RECV] 9 bytes from /10.9.34.254:9190 (local port: 56278)
2025-12-23 14:26:02.726 [] INFO  SnakesGame - [DISPATCH] ACK seq=290 from /10.9.34.254:9190 | sender_id=2 receiver_id=3
2025-12-23 14:26:02.726 [] INFO  SnakesGame - [ACK-MGR] ✓ Received ACK for seq=290 from /10.9.34.254:9190
2025-12-23 14:26:03.095 [pool-3-thread-3] INFO  SnakesGame - Sent multicast announcement to 239.192.0.4:9192 (88 bytes)
2025-12-23 14:26:03.095 [pool-3-thread-2] INFO  SnakesGame - [UDP-SEND] 146 bytes to /10.9.34.254:56278 (local port: 9190)
2025-12-23 14:26:03.098 [pool-3-thread-2] INFO  SnakesGame - [ACK-MGR] Sent message seq=172 to /10.9.34.254:56278, waiting for ACK
2025-12-23 14:26:03.098 [] INFO  SnakesGame - [UDP-RECV] 146 bytes from /10.9.34.254:9190 (local port: 56278)
2025-12-23 14:26:03.098 [] INFO  SnakesGame - Discovered game: й from /10.9.34.254:9190
2025-12-23 14:26:03.098 [] INFO  SnakesGame - [DISPATCH] STATE seq=172 from /10.9.34.254:9190 | sender_id=2 receiver_id=none
2025-12-23 14:26:03.099 [] INFO  SnakesGame - [UDP-SEND] 9 bytes to /10.9.34.254:9190 (local port: 56278)
2025-12-23 14:26:03.099 [] INFO  SnakesGame - [ACK-MGR] Sent ACK for seq=172 to /10.9.34.254:9190 (receiver_id=2)
2025-12-23 14:26:03.099 [] INFO  SnakesGame - [UDP-RECV] 9 bytes from /10.9.34.254:56278 (local port: 9190)
2025-12-23 14:26:03.100 [] INFO  SnakesGame - [DISPATCH] ACK seq=172 from /10.9.34.254:56278 | sender_id=3 receiver_id=2
2025-12-23 14:26:03.100 [] INFO  SnakesGame - [ACK-MGR] ✓ Received ACK for seq=172 from /10.9.34.254:56278
2025-12-23 14:26:03.725 [pool-6-thread-2] INFO  SnakesGame - [UDP-SEND] 9 bytes to /10.9.34.254:9190 (local port: 56278)
2025-12-23 14:26:03.726 [pool-6-thread-2] INFO  SnakesGame - [ACK-MGR] Sent message seq=291 to /10.9.34.254:9190, waiting for ACK
2025-12-23 14:26:03.727 [] INFO  SnakesGame - [UDP-RECV] 9 bytes from /10.9.34.254:56278 (local port: 9190)
2025-12-23 14:26:03.728 [] INFO  SnakesGame - [DISPATCH] PING seq=291 from /10.9.34.254:56278 | sender_id=3 receiver_id=0
2025-12-23 14:26:03.729 [] INFO  SnakesGame - [UDP-SEND] 9 bytes to /10.9.34.254:56278 (local port: 9190)
2025-12-23 14:26:03.729 [] INFO  SnakesGame - [ACK-MGR] Sent ACK for seq=291 to /10.9.34.254:56278 (receiver_id=3)
2025-12-23 14:26:03.729 [] INFO  SnakesGame - [UDP-RECV] 9 bytes from /10.9.34.254:9190 (local port: 56278)
2025-12-23 14:26:03.729 [] INFO  SnakesGame - [DISPATCH] ACK seq=291 from /10.9.34.254:9190 | sender_id=2 receiver_id=3
2025-12-23 14:26:03.730 [] INFO  SnakesGame - [ACK-MGR] ✓ Received ACK for seq=291 from /10.9.34.254:9190
2025-12-23 14:26:04.099 [pool-3-thread-3] INFO  SnakesGame - [UDP-SEND] 146 bytes to /10.9.34.254:56278 (local port: 9190)
2025-12-23 14:26:04.099 [pool-3-thread-2] INFO  SnakesGame - Sent multicast announcement to 239.192.0.4:9192 (88 bytes)
2025-12-23 14:26:04.099 [pool-3-thread-3] INFO  SnakesGame - [ACK-MGR] Sent message seq=174 to /10.9.34.254:56278, waiting for ACK
2025-12-23 14:26:04.099 [] INFO  SnakesGame - Discovered game: й from /10.9.34.254:9190
2025-12-23 14:26:04.099 [] INFO  SnakesGame - [UDP-RECV] 146 bytes from /10.9.34.254:9190 (local port: 56278)
2025-12-23 14:26:04.100 [] INFO  SnakesGame - [DISPATCH] STATE seq=174 from /10.9.34.254:9190 | sender_id=2 receiver_id=none
2025-12-23 14:26:04.100 [] INFO  SnakesGame - [UDP-SEND] 9 bytes to /10.9.34.254:9190 (local port: 56278)
2025-12-23 14:26:04.100 [] INFO  SnakesGame - [ACK-MGR] Sent ACK for seq=174 to /10.9.34.254:9190 (receiver_id=2)
2025-12-23 14:26:04.101 [] INFO  SnakesGame - [UDP-RECV] 9 bytes from /10.9.34.254:56278 (local port: 9190)
2025-12-23 14:26:04.101 [] INFO  SnakesGame - [DISPATCH] ACK seq=174 from /10.9.34.254:56278 | sender_id=3 receiver_id=2
2025-12-23 14:26:04.101 [] INFO  SnakesGame - [ACK-MGR] ✓ Received ACK for seq=174 from /10.9.34.254:56278
2025-12-23 14:26:04.728 [pool-6-thread-1] INFO  SnakesGame - [UDP-SEND] 9 bytes to /10.9.34.254:9190 (local port: 56278)
2025-12-23 14:26:04.728 [pool-6-thread-1] INFO  SnakesGame - [ACK-MGR] Sent message seq=292 to /10.9.34.254:9190, waiting for ACK
2025-12-23 14:26:04.729 [] INFO  SnakesGame - [DISPATCH] PING seq=292 from /10.9.34.254:56278 | sender_id=3 receiver_id=0
2025-12-23 14:26:04.729 [] INFO  SnakesGame - [UDP-RECV] 9 bytes from /10.9.34.254:56278 (local port: 9190)
2025-12-23 14:26:04.729 [] INFO  SnakesGame - [UDP-SEND] 9 bytes to /10.9.34.254:56278 (local port: 9190)
2025-12-23 14:26:04.730 [] INFO  SnakesGame - [ACK-MGR] Sent ACK for seq=292 to /10.9.34.254:56278 (receiver_id=3)
2025-12-23 14:26:04.730 [] INFO  SnakesGame - [UDP-RECV] 9 bytes from /10.9.34.254:9190 (local port: 56278)
2025-12-23 14:26:04.730 [] INFO  SnakesGame - [DISPATCH] ACK seq=292 from /10.9.34.254:9190 | sender_id=2 receiver_id=3
2025-12-23 14:26:04.730 [] INFO  SnakesGame - [ACK-MGR] ✓ Received ACK for seq=292 from /10.9.34.254:9190
2025-12-23 14:26:05.096 [pool-3-thread-3] INFO  SnakesGame - [UDP-SEND] 146 bytes to /10.9.34.254:56278 (local port: 9190)
2025-12-23 14:26:05.096 [pool-3-thread-3] INFO  SnakesGame - [ACK-MGR] Sent message seq=176 to /10.9.34.254:56278, waiting for ACK
2025-12-23 14:26:05.097 [pool-3-thread-1] INFO  SnakesGame - Sent multicast announcement to 239.192.0.4:9192 (88 bytes)
2025-12-23 14:26:05.099 [] INFO  SnakesGame - [UDP-RECV] 146 bytes from /10.9.34.254:9190 (local port: 56278)
2025-12-23 14:26:05.099 [] INFO  SnakesGame - Discovered game: й from /10.9.34.254:9190
2025-12-23 14:26:05.099 [] INFO  SnakesGame - [DISPATCH] STATE seq=176 from /10.9.34.254:9190 | sender_id=2 receiver_id=none
2025-12-23 14:26:05.100 [] INFO  SnakesGame - [UDP-SEND] 9 bytes to /10.9.34.254:9190 (local port: 56278)
2025-12-23 14:26:05.100 [] INFO  SnakesGame - [ACK-MGR] Sent ACK for seq=176 to /10.9.34.254:9190 (receiver_id=2)
2025-12-23 14:26:05.100 [] INFO  SnakesGame - [UDP-RECV] 9 bytes from /10.9.34.254:56278 (local port: 9190)
2025-12-23 14:26:05.101 [] INFO  SnakesGame - [DISPATCH] ACK seq=176 from /10.9.34.254:56278 | sender_id=3 receiver_id=2
2025-12-23 14:26:05.101 [] INFO  SnakesGame - [ACK-MGR] ✓ Received ACK for seq=176 from /10.9.34.254:56278
2025-12-23 14:26:05.728 [pool-6-thread-1] INFO  SnakesGame - [UDP-SEND] 9 bytes to /10.9.34.254:9190 (local port: 56278)
2025-12-23 14:26:05.728 [pool-6-thread-1] INFO  SnakesGame - [ACK-MGR] Sent message seq=293 to /10.9.34.254:9190, waiting for ACK
2025-12-23 14:26:05.729 [] INFO  SnakesGame - [DISPATCH] PING seq=293 from /10.9.34.254:56278 | sender_id=3 receiver_id=0
2025-12-23 14:26:05.730 [] INFO  SnakesGame - [UDP-SEND] 9 bytes to /10.9.34.254:56278 (local port: 9190)
2025-12-23 14:26:05.729 [] INFO  SnakesGame - [UDP-RECV] 9 bytes from /10.9.34.254:56278 (local port: 9190)
2025-12-23 14:26:05.730 [] INFO  SnakesGame - [ACK-MGR] Sent ACK for seq=293 to /10.9.34.254:56278 (receiver_id=3)
2025-12-23 14:26:05.730 [] INFO  SnakesGame - [UDP-RECV] 9 bytes from /10.9.34.254:9190 (local port: 56278)
2025-12-23 14:26:05.731 [] INFO  SnakesGame - [DISPATCH] ACK seq=293 from /10.9.34.254:9190 | sender_id=2 receiver_id=3
2025-12-23 14:26:05.731 [] INFO  SnakesGame - [ACK-MGR] ✓ Received ACK for seq=293 from /10.9.34.254:9190
2025-12-23 14:26:06.096 [pool-3-thread-3] INFO  SnakesGame - [UDP-SEND] 146 bytes to /10.9.34.254:56278 (local port: 9190)
2025-12-23 14:26:06.097 [pool-3-thread-3] INFO  SnakesGame - [ACK-MGR] Sent message seq=178 to /10.9.34.254:56278, waiting for ACK
2025-12-23 14:26:06.098 [pool-3-thread-1] INFO  SnakesGame - Sent multicast announcement to 239.192.0.4:9192 (88 bytes)
2025-12-23 14:26:06.099 [] INFO  SnakesGame - [UDP-RECV] 146 bytes from /10.9.34.254:9190 (local port: 56278)
2025-12-23 14:26:06.099 [] INFO  SnakesGame - Discovered game: й from /10.9.34.254:9190
2025-12-23 14:26:06.099 [] INFO  SnakesGame - [DISPATCH] STATE seq=178 from /10.9.34.254:9190 | sender_id=2 receiver_id=none
2025-12-23 14:26:06.099 [] INFO  SnakesGame - [UDP-SEND] 9 bytes to /10.9.34.254:9190 (local port: 56278)
2025-12-23 14:26:06.099 [] INFO  SnakesGame - [ACK-MGR] Sent ACK for seq=178 to /10.9.34.254:9190 (receiver_id=2)
2025-12-23 14:26:06.100 [] INFO  SnakesGame - [UDP-RECV] 9 bytes from /10.9.34.254:56278 (local port: 9190)
2025-12-23 14:26:06.100 [] INFO  SnakesGame - [DISPATCH] ACK seq=178 from /10.9.34.254:56278 | sender_id=3 receiver_id=2
2025-12-23 14:26:06.100 [] INFO  SnakesGame - [ACK-MGR] ✓ Received ACK for seq=178 from /10.9.34.254:56278
2025-12-23 14:26:06.728 [pool-6-thread-1] INFO  SnakesGame - [UDP-SEND] 9 bytes to /10.9.34.254:9190 (local port: 56278)
2025-12-23 14:26:06.729 [pool-6-thread-1] INFO  SnakesGame - [ACK-MGR] Sent message seq=294 to /10.9.34.254:9190, waiting for ACK
2025-12-23 14:26:06.730 [] INFO  SnakesGame - [DISPATCH] PING seq=294 from /10.9.34.254:56278 | sender_id=3 receiver_id=0
2025-12-23 14:26:06.730 [] INFO  SnakesGame - [UDP-RECV] 9 bytes from /10.9.34.254:56278 (local port: 9190)
2025-12-23 14:26:06.731 [] INFO  SnakesGame - [UDP-SEND] 9 bytes to /10.9.34.254:56278 (local port: 9190)
2025-12-23 14:26:06.731 [] INFO  SnakesGame - [ACK-MGR] Sent ACK for seq=294 to /10.9.34.254:56278 (receiver_id=3)
2025-12-23 14:26:06.731 [] INFO  SnakesGame - [UDP-RECV] 9 bytes from /10.9.34.254:9190 (local port: 56278)
2025-12-23 14:26:06.731 [] INFO  SnakesGame - [DISPATCH] ACK seq=294 from /10.9.34.254:9190 | sender_id=2 receiver_id=3
2025-12-23 14:26:06.731 [] INFO  SnakesGame - [ACK-MGR] ✓ Received ACK for seq=294 from /10.9.34.254:9190
2025-12-23 14:26:07.096 [pool-3-thread-3] INFO  SnakesGame - [UDP-SEND] 146 bytes to /10.9.34.254:56278 (local port: 9190)
2025-12-23 14:26:07.097 [pool-3-thread-3] INFO  SnakesGame - [ACK-MGR] Sent message seq=180 to /10.9.34.254:56278, waiting for ACK
2025-12-23 14:26:07.100 [pool-3-thread-1] INFO  SnakesGame - Sent multicast announcement to 239.192.0.4:9192 (88 bytes)
2025-12-23 14:26:07.101 [] INFO  SnakesGame - [UDP-RECV] 146 bytes from /10.9.34.254:9190 (local port: 56278)
2025-12-23 14:26:07.101 [] INFO  SnakesGame - [DISPATCH] STATE seq=180 from /10.9.34.254:9190 | sender_id=2 receiver_id=none
2025-12-23 14:26:07.101 [] INFO  SnakesGame - Discovered game: й from /10.9.34.254:9190
2025-12-23 14:26:07.101 [] INFO  SnakesGame - [UDP-SEND] 9 bytes to /10.9.34.254:9190 (local port: 56278)
2025-12-23 14:26:07.101 [] INFO  SnakesGame - [ACK-MGR] Sent ACK for seq=180 to /10.9.34.254:9190 (receiver_id=2)
2025-12-23 14:26:07.102 [] INFO  SnakesGame - [UDP-RECV] 9 bytes from /10.9.34.254:56278 (local port: 9190)
2025-12-23 14:26:07.102 [] INFO  SnakesGame - [DISPATCH] ACK seq=180 from /10.9.34.254:56278 | sender_id=3 receiver_id=2
2025-12-23 14:26:07.102 [] INFO  SnakesGame - [ACK-MGR] ✓ Received ACK for seq=180 from /10.9.34.254:56278
2025-12-23 14:26:07.724 [pool-6-thread-1] INFO  SnakesGame - [UDP-SEND] 9 bytes to /10.9.34.254:9190 (local port: 56278)
2025-12-23 14:26:07.724 [pool-6-thread-1] INFO  SnakesGame - [ACK-MGR] Sent message seq=295 to /10.9.34.254:9190, waiting for ACK
2025-12-23 14:26:07.725 [] INFO  SnakesGame - [UDP-RECV] 9 bytes from /10.9.34.254:56278 (local port: 9190)
2025-12-23 14:26:07.725 [] INFO  SnakesGame - [DISPATCH] PING seq=295 from /10.9.34.254:56278 | sender_id=3 receiver_id=0
2025-12-23 14:26:07.726 [] INFO  SnakesGame - [UDP-SEND] 9 bytes to /10.9.34.254:56278 (local port: 9190)
2025-12-23 14:26:07.726 [] INFO  SnakesGame - [ACK-MGR] Sent ACK for seq=295 to /10.9.34.254:56278 (receiver_id=3)
2025-12-23 14:26:07.726 [] INFO  SnakesGame - [UDP-RECV] 9 bytes from /10.9.34.254:9190 (local port: 56278)
2025-12-23 14:26:07.726 [] INFO  SnakesGame - [DISPATCH] ACK seq=295 from /10.9.34.254:9190 | sender_id=2 receiver_id=3
2025-12-23 14:26:07.726 [] INFO  SnakesGame - [ACK-MGR] ✓ Received ACK for seq=295 from /10.9.34.254:9190
2025-12-23 14:26:08.095 [pool-3-thread-2] INFO  SnakesGame - Sent multicast announcement to 239.192.0.4:9192 (88 bytes)
2025-12-23 14:26:08.096 [pool-3-thread-1] INFO  SnakesGame - [UDP-SEND] 146 bytes to /10.9.34.254:56278 (local port: 9190)
2025-12-23 14:26:08.098 [pool-3-thread-1] INFO  SnakesGame - [ACK-MGR] Sent message seq=182 to /10.9.34.254:56278, waiting for ACK
2025-12-23 14:26:08.098 [] INFO  SnakesGame - [UDP-RECV] 146 bytes from /10.9.34.254:9190 (local port: 56278)
2025-12-23 14:26:08.098 [] INFO  SnakesGame - Discovered game: й from /10.9.34.254:9190
2025-12-23 14:26:08.098 [] INFO  SnakesGame - [DISPATCH] STATE seq=182 from /10.9.34.254:9190 | sender_id=2 receiver_id=none
2025-12-23 14:26:08.099 [] INFO  SnakesGame - [UDP-SEND] 9 bytes to /10.9.34.254:9190 (local port: 56278)
2025-12-23 14:26:08.099 [] INFO  SnakesGame - [ACK-MGR] Sent ACK for seq=182 to /10.9.34.254:9190 (receiver_id=2)
2025-12-23 14:26:08.099 [] INFO  SnakesGame - [UDP-RECV] 9 bytes from /10.9.34.254:56278 (local port: 9190)
2025-12-23 14:26:08.100 [] INFO  SnakesGame - [DISPATCH] ACK seq=182 from /10.9.34.254:56278 | sender_id=3 receiver_id=2
2025-12-23 14:26:08.100 [] INFO  SnakesGame - [ACK-MGR] ✓ Received ACK for seq=182 from /10.9.34.254:56278
2025-12-23 14:26:08.726 [pool-6-thread-1] INFO  SnakesGame - [UDP-SEND] 9 bytes to /10.9.34.254:9190 (local port: 56278)
2025-12-23 14:26:08.727 [pool-6-thread-1] INFO  SnakesGame - [ACK-MGR] Sent message seq=296 to /10.9.34.254:9190, waiting for ACK
2025-12-23 14:26:08.727 [] INFO  SnakesGame - [UDP-RECV] 9 bytes from /10.9.34.254:56278 (local port: 9190)
2025-12-23 14:26:08.730 [] INFO  SnakesGame - [DISPATCH] PING seq=296 from /10.9.34.254:56278 | sender_id=3 receiver_id=0
2025-12-23 14:26:08.733 [] INFO  SnakesGame - [UDP-SEND] 9 bytes to /10.9.34.254:56278 (local port: 9190)
2025-12-23 14:26:08.733 [] INFO  SnakesGame - [ACK-MGR] Sent ACK for seq=296 to /10.9.34.254:56278 (receiver_id=3)
2025-12-23 14:26:08.733 [] INFO  SnakesGame - [UDP-RECV] 9 bytes from /10.9.34.254:9190 (local port: 56278)
2025-12-23 14:26:08.733 [] INFO  SnakesGame - [DISPATCH] ACK seq=296 from /10.9.34.254:9190 | sender_id=2 receiver_id=3
2025-12-23 14:26:08.733 [] INFO  SnakesGame - [ACK-MGR] ✓ Received ACK for seq=296 from /10.9.34.254:9190
2025-12-23 14:26:09.095 [pool-3-thread-1] INFO  SnakesGame - Sent multicast announcement to 239.192.0.4:9192 (88 bytes)
2025-12-23 14:26:09.095 [pool-3-thread-2] INFO  SnakesGame - [UDP-SEND] 146 bytes to /10.9.34.254:56278 (local port: 9190)
2025-12-23 14:26:09.095 [pool-3-thread-2] INFO  SnakesGame - [ACK-MGR] Sent message seq=184 to /10.9.34.254:56278, waiting for ACK
2025-12-23 14:26:09.095 [] INFO  SnakesGame - [UDP-RECV] 146 bytes from /10.9.34.254:9190 (local port: 56278)
2025-12-23 14:26:09.095 [] INFO  SnakesGame - [DISPATCH] STATE seq=184 from /10.9.34.254:9190 | sender_id=2 receiver_id=none
2025-12-23 14:26:09.095 [] INFO  SnakesGame - Discovered game: й from /10.9.34.254:9190
2025-12-23 14:26:09.096 [] INFO  SnakesGame - [UDP-SEND] 9 bytes to /10.9.34.254:9190 (local port: 56278)
2025-12-23 14:26:09.096 [] INFO  SnakesGame - [ACK-MGR] Sent ACK for seq=184 to /10.9.34.254:9190 (receiver_id=2)
2025-12-23 14:26:09.096 [] INFO  SnakesGame - [DISPATCH] ACK seq=184 from /10.9.34.254:56278 | sender_id=3 receiver_id=2
2025-12-23 14:26:09.096 [] INFO  SnakesGame - [UDP-RECV] 9 bytes from /10.9.34.254:56278 (local port: 9190)
2025-12-23 14:26:09.097 [] INFO  SnakesGame - [ACK-MGR] ✓ Received ACK for seq=184 from /10.9.34.254:56278
2025-12-23 14:26:09.728 [pool-6-thread-2] INFO  SnakesGame - [UDP-SEND] 9 bytes to /10.9.34.254:9190 (local port: 56278)
2025-12-23 14:26:09.729 [pool-6-thread-2] INFO  SnakesGame - [ACK-MGR] Sent message seq=297 to /10.9.34.254:9190, waiting for ACK
2025-12-23 14:26:09.729 [] INFO  SnakesGame - [UDP-RECV] 9 bytes from /10.9.34.254:56278 (local port: 9190)
2025-12-23 14:26:09.729 [] INFO  SnakesGame - [DISPATCH] PING seq=297 from /10.9.34.254:56278 | sender_id=3 receiver_id=0
2025-12-23 14:26:09.730 [] INFO  SnakesGame - [UDP-SEND] 9 bytes to /10.9.34.254:56278 (local port: 9190)
2025-12-23 14:26:09.730 [] INFO  SnakesGame - [ACK-MGR] Sent ACK for seq=297 to /10.9.34.254:56278 (receiver_id=3)
2025-12-23 14:26:09.730 [] INFO  SnakesGame - [UDP-RECV] 9 bytes from /10.9.34.254:9190 (local port: 56278)
2025-12-23 14:26:09.731 [] INFO  SnakesGame - [DISPATCH] ACK seq=297 from /10.9.34.254:9190 | sender_id=2 receiver_id=3
2025-12-23 14:26:09.731 [] INFO  SnakesGame - [ACK-MGR] ✓ Received ACK for seq=297 from /10.9.34.254:9190
2025-12-23 14:26:10.097 [pool-3-thread-2] INFO  SnakesGame - Sent multicast announcement to 239.192.0.4:9192 (88 bytes)
2025-12-23 14:26:10.097 [pool-3-thread-1] INFO  SnakesGame - [UDP-SEND] 146 bytes to /10.9.34.254:56278 (local port: 9190)
2025-12-23 14:26:10.100 [pool-3-thread-1] INFO  SnakesGame - [ACK-MGR] Sent message seq=186 to /10.9.34.254:56278, waiting for ACK
2025-12-23 14:26:10.100 [] INFO  SnakesGame - [UDP-RECV] 146 bytes from /10.9.34.254:9190 (local port: 56278)
2025-12-23 14:26:10.100 [] INFO  SnakesGame - Discovered game: й from /10.9.34.254:9190
2025-12-23 14:26:10.100 [] INFO  SnakesGame - [DISPATCH] STATE seq=186 from /10.9.34.254:9190 | sender_id=2 receiver_id=none
2025-12-23 14:26:10.101 [] INFO  SnakesGame - [UDP-SEND] 9 bytes to /10.9.34.254:9190 (local port: 56278)
2025-12-23 14:26:10.101 [] INFO  SnakesGame - [ACK-MGR] Sent ACK for seq=186 to /10.9.34.254:9190 (receiver_id=2)
2025-12-23 14:26:10.101 [] INFO  SnakesGame - [UDP-RECV] 9 bytes from /10.9.34.254:56278 (local port: 9190)
2025-12-23 14:26:10.101 [] INFO  SnakesGame - [DISPATCH] ACK seq=186 from /10.9.34.254:56278 | sender_id=3 receiver_id=2
2025-12-23 14:26:10.101 [] INFO  SnakesGame - [ACK-MGR] ✓ Received ACK for seq=186 from /10.9.34.254:56278
2025-12-23 14:26:10.620 [JavaFX Application Thread] INFO  SnakesGame - Leaving game
2025-12-23 14:26:10.620 [JavaFX Application Thread] INFO  SnakesGame - [UDP-SEND] 11 bytes to /10.9.34.254:9190 (local port: 56278)
2025-12-23 14:26:10.620 [JavaFX Application Thread] INFO  SnakesGame - [ACK-MGR] Sent message seq=298 to /10.9.34.254:9190, waiting for ACK
2025-12-23 14:26:10.620 [JavaFX Application Thread] INFO  SnakesGame - DEPUTY node stopped
2025-12-23 14:26:10.621 [JavaFX Application Thread] INFO  SnakesGame - UDP Transport stopped
2025-12-23 14:26:10.621 [] INFO  SnakesGame - [UDP-RECV] 11 bytes from /10.9.34.254:56278 (local port: 9190)
2025-12-23 14:26:10.621 [] INFO  SnakesGame - [DISPATCH] ROLE_CHANGE seq=298 from /10.9.34.254:56278 | sender_id=3 receiver_id=3
2025-12-23 14:26:10.622 [JavaFX Application Thread] INFO  SnakesGame - Found suitable interface: en0 with IPv4: 10.9.34.254
2025-12-23 14:26:10.622 [JavaFX Application Thread] INFO  SnakesGame - Multicast discovery stopped
2025-12-23 14:26:10.622 [JavaFX Application Thread] INFO  SnakesGame - NetworkManager stopped
2025-12-23 14:26:10.622 [JavaFX Application Thread] INFO  SnakesGame - Left game successfully
2025-12-23 14:26:10.622 [JavaFX Application Thread] INFO  SnakesGame - Exiting to main menu
2025-12-23 14:26:10.622 [] INFO  SnakesGame - Multicast listen loop stopped
2025-12-23 14:26:11.099 [pool-3-thread-3] INFO  SnakesGame - Sent multicast announcement to 239.192.0.4:9192 (88 bytes)
2025-12-23 14:26:11.099 [pool-3-thread-1] INFO  SnakesGame - [UDP-SEND] 146 bytes to /10.9.34.254:56278 (local port: 9190)
2025-12-23 14:26:11.099 [pool-3-thread-1] INFO  SnakesGame - [ACK-MGR] Sent message seq=189 to /10.9.34.254:56278, waiting for ACK
2025-12-23 14:26:11.664 [JavaFX Application Thread] INFO  SnakesGame - Exiting application
2025-12-23 14:26:11.789 [] INFO  SnakesGame - [UDP-SEND] 146 bytes to /10.9.34.254:56278 (local port: 9190)
2025-12-23 14:26:11.789 [] WARN  SnakesGame - [ACK-MGR] ⟳ Retransmitting seq=189 to /10.9.34.254:56278 (retry 1/5)
2025-12-23 14:26:12.094 [pool-3-thread-1] INFO  SnakesGame - Sent multicast announcement to 239.192.0.4:9192 (88 bytes)
2025-12-23 14:26:12.094 [pool-3-thread-3] INFO  SnakesGame - [UDP-SEND] 146 bytes to /10.9.34.254:56278 (local port: 9190)
2025-12-23 14:26:12.094 [pool-3-thread-3] INFO  SnakesGame - [ACK-MGR] Sent message seq=190 to /10.9.34.254:56278, waiting for ACK
2025-12-23 14:26:12.295 [] INFO  SnakesGame - [UDP-SEND] 146 bytes to /10.9.34.254:56278 (local port: 9190)
2025-12-23 14:26:12.295 [] WARN  SnakesGame - [ACK-MGR] ⟳ Retransmitting seq=189 to /10.9.34.254:56278 (retry 2/5)
2025-12-23 14:26:12.804 [] INFO  SnakesGame - [UDP-SEND] 146 bytes to /10.9.34.254:56278 (local port: 9190)
2025-12-23 14:26:12.804 [] WARN  SnakesGame - [ACK-MGR] ⟳ Retransmitting seq=189 to /10.9.34.254:56278 (retry 3/5)
2025-12-23 14:26:12.805 [] INFO  SnakesGame - [UDP-SEND] 146 bytes to /10.9.34.254:56278 (local port: 9190)
2025-12-23 14:26:12.805 [] WARN  SnakesGame - [ACK-MGR] ⟳ Retransmitting seq=190 to /10.9.34.254:56278 (retry 1/5)
2025-12-23 14:26:13.097 [pool-3-thread-2] INFO  SnakesGame - Sent multicast announcement to 239.192.0.4:9192 (88 bytes)
2025-12-23 14:26:13.097 [pool-3-thread-1] INFO  SnakesGame - [UDP-SEND] 146 bytes to /10.9.34.254:56278 (local port: 9190)
2025-12-23 14:26:13.098 [pool-3-thread-1] INFO  SnakesGame - [ACK-MGR] Sent message seq=192 to /10.9.34.254:56278, waiting for ACK
2025-12-23 14:26:13.316 [] INFO  SnakesGame - [UDP-SEND] 146 bytes to /10.9.34.254:56278 (local port: 9190)
2025-12-23 14:26:13.317 [] WARN  SnakesGame - [ACK-MGR] ⟳ Retransmitting seq=189 to /10.9.34.254:56278 (retry 4/5)
2025-12-23 14:26:13.317 [] INFO  SnakesGame - [UDP-SEND] 146 bytes to /10.9.34.254:56278 (local port: 9190)
2025-12-23 14:26:13.317 [] WARN  SnakesGame - [ACK-MGR] ⟳ Retransmitting seq=190 to /10.9.34.254:56278 (retry 2/5)
2025-12-23 14:26:13.594 [pool-3-thread-2] WARN  SnakesGame - Peer /10.9.34.254:56278 timed out
2025-12-23 14:26:13.594 [pool-3-thread-2] WARN  SnakesGame - Player 3 timed out, removing
2025-12-23 14:26:13.594 [pool-3-thread-2] INFO  SnakesGame - Player 3 left, snake became zombie
2025-12-23 14:26:13.595 [pool-3-thread-2] INFO  SnakesGame - Player 3 left, snake became zombie
2025-12-23 14:26:13.595 [pool-3-thread-2] WARN  SnakesGame - Deputy timed out, clearing deputyAddress
2025-12-23 14:26:14.099 [pool-3-thread-2] INFO  SnakesGame - Sent multicast announcement to 239.192.0.4:9192 (53 bytes)
2025-12-23 14:26:15.096 [pool-3-thread-2] INFO  SnakesGame - Sent multicast announcement to 239.192.0.4:9192 (53 bytes)
2025-12-23 14:26:15.815 [JavaFX Application Thread] INFO  SnakesGame - Leaving game
2025-12-23 14:26:15.815 [JavaFX Application Thread] INFO  SnakesGame - MASTER node stopped
2025-12-23 14:26:15.816 [JavaFX Application Thread] INFO  SnakesGame - UDP Transport stopped
2025-12-23 14:26:15.816 [JavaFX Application Thread] INFO  SnakesGame - Found suitable interface: en0 with IPv4: 10.9.34.254
2025-12-23 14:26:15.816 [JavaFX Application Thread] INFO  SnakesGame - Multicast discovery stopped
2025-12-23 14:26:15.817 [JavaFX Application Thread] INFO  SnakesGame - NetworkManager stopped
2025-12-23 14:26:15.817 [JavaFX Application Thread] INFO  SnakesGame - Left game successfully
2025-12-23 14:26:15.817 [] INFO  SnakesGame - Multicast listen loop stopped
2025-12-24 05:43:23.373 [JavaFX Application Thread] INFO  SnakesGame - Starting Snakes Application
2025-12-24 05:43:26.536 [JavaFX Application Thread] INFO  SnakesGame - Opening Create Game dialog
2025-12-24 05:43:31.266 [JavaFX Application Thread] INFO  SnakesGame - Creating new game: 1
2025-12-24 05:43:31.301 [JavaFX Application Thread] INFO  SnakesGame - UDP Transport started on port 9190
2025-12-24 05:43:31.303 [JavaFX Application Thread] INFO  SnakesGame - Looking for suitable multicast interface...
2025-12-24 05:43:31.305 [JavaFX Application Thread] INFO  SnakesGame - Found suitable interface: en0 with IPv4: 192.168.31.86
2025-12-24 05:43:31.306 [JavaFX Application Thread] INFO  SnakesGame - Joined multicast group using interface: en0 (en0)
2025-12-24 05:43:31.306 [JavaFX Application Thread] INFO  SnakesGame - Set multicast send interface to: en0 (en0)
2025-12-24 05:43:31.309 [JavaFX Application Thread] INFO  SnakesGame - Multicast discovery started on 239.192.0.4:9192
2025-12-24 05:43:31.309 [] INFO  SnakesGame - Multicast listen loop started
2025-12-24 05:43:31.312 [JavaFX Application Thread] INFO  SnakesGame - NetworkManager started successfully
2025-12-24 05:43:31.314 [JavaFX Application Thread] INFO  SnakesGame - Creating new GameEngine for new game
2025-12-24 05:43:31.321 [JavaFX Application Thread] INFO  SnakesGame - Created snake for player 1: head=Coord[x=12, y=10], tail=Coord[x=12, y=9], direction=DOWN
2025-12-24 05:43:31.323 [JavaFX Application Thread] INFO  SnakesGame - Player 1 joined the game with snake at Coord[x=12, y=11]
2025-12-24 05:43:31.323 [JavaFX Application Thread] INFO  SnakesGame - Master created with snake at Coord[x=12, y=11]
2025-12-24 05:43:31.324 [JavaFX Application Thread] INFO  SnakesGame - Using existing GameEngine from onStart()
2025-12-24 05:43:31.325 [JavaFX Application Thread] INFO  SnakesGame - Starting timeout checker: timeoutMs=3000, checkInterval=1500ms
2025-12-24 05:43:31.325 [JavaFX Application Thread] INFO  SnakesGame - MASTER node started for player 1
2025-12-24 05:43:31.325 [JavaFX Application Thread] INFO  SnakesGame - MASTER node started for player 1
2025-12-24 05:43:31.325 [JavaFX Application Thread] INFO  SnakesGame - Game created successfully as MASTER
2025-12-24 05:43:31.325 [JavaFX Application Thread] INFO  SnakesGame - Game created: 1
2025-12-24 05:43:31.354 [pool-2-thread-3] INFO  SnakesGame - Sent multicast announcement to 239.192.0.4:9192 (50 bytes)
2025-12-24 05:43:31.357 [JavaFX Application Thread] INFO  SnakesGame - GameController initialized
2025-12-24 05:43:31.357 [JavaFX Application Thread] INFO  SnakesGame - GameService connected to GameController
2025-12-24 05:43:31.359 [] INFO  SnakesGame - Discovered game: 1 from /192.168.31.86:9190
2025-12-24 05:43:32.354 [pool-2-thread-1] INFO  SnakesGame - Sent multicast announcement to 239.192.0.4:9192 (50 bytes)
2025-12-24 05:43:32.357 [] INFO  SnakesGame - Discovered game: 1 from /192.168.31.86:9190
2025-12-24 05:43:33.332 [pool-2-thread-2] INFO  SnakesGame - Sent multicast announcement to 239.192.0.4:9192 (50 bytes)
2025-12-24 05:43:33.333 [] INFO  SnakesGame - Discovered game: 1 from /192.168.31.86:9190
2025-12-24 05:43:34.332 [pool-2-thread-3] INFO  SnakesGame - Sent multicast announcement to 239.192.0.4:9192 (50 bytes)
2025-12-24 05:43:34.352 [] INFO  SnakesGame - Discovered game: 1 from /192.168.31.86:9190
2025-12-24 05:43:35.329 [pool-2-thread-2] INFO  SnakesGame - Sent multicast announcement to 239.192.0.4:9192 (50 bytes)
2025-12-24 05:43:35.331 [] INFO  SnakesGame - Discovered game: 1 from /192.168.31.86:9190
2025-12-24 05:43:36.347 [pool-2-thread-3] INFO  SnakesGame - Sent multicast announcement to 239.192.0.4:9192 (50 bytes)
2025-12-24 05:43:36.347 [] INFO  SnakesGame - Discovered game: 1 from /192.168.31.86:9190
2025-12-24 05:43:37.346 [] INFO  SnakesGame - Discovered game: 1 from /192.168.31.86:9190
2025-12-24 05:43:37.346 [pool-2-thread-1] INFO  SnakesGame - Sent multicast announcement to 239.192.0.4:9192 (50 bytes)
2025-12-24 05:43:38.327 [pool-2-thread-1] INFO  SnakesGame - Sent multicast announcement to 239.192.0.4:9192 (50 bytes)
2025-12-24 05:43:38.328 [] INFO  SnakesGame - Discovered game: 1 from /192.168.31.86:9190
2025-12-24 05:43:39.327 [pool-2-thread-3] INFO  SnakesGame - Sent multicast announcement to 239.192.0.4:9192 (50 bytes)
2025-12-24 05:43:39.328 [] INFO  SnakesGame - Discovered game: 1 from /192.168.31.86:9190
2025-12-24 05:43:40.331 [pool-2-thread-3] INFO  SnakesGame - Sent multicast announcement to 239.192.0.4:9192 (50 bytes)
2025-12-24 05:43:40.332 [] INFO  SnakesGame - Discovered game: 1 from /192.168.31.86:9190
2025-12-24 05:43:41.331 [pool-2-thread-2] INFO  SnakesGame - Sent multicast announcement to 239.192.0.4:9192 (50 bytes)
2025-12-24 05:43:41.336 [] INFO  SnakesGame - Discovered game: 1 from /192.168.31.86:9190
2025-12-24 05:43:42.332 [pool-2-thread-1] INFO  SnakesGame - Sent multicast announcement to 239.192.0.4:9192 (50 bytes)
2025-12-24 05:43:42.333 [] INFO  SnakesGame - Discovered game: 1 from /192.168.31.86:9190
2025-12-24 05:43:43.327 [pool-2-thread-3] INFO  SnakesGame - Sent multicast announcement to 239.192.0.4:9192 (50 bytes)
2025-12-24 05:43:43.328 [] INFO  SnakesGame - Discovered game: 1 from /192.168.31.86:9190
2025-12-24 05:43:44.327 [pool-2-thread-3] INFO  SnakesGame - Sent multicast announcement to 239.192.0.4:9192 (50 bytes)
2025-12-24 05:43:44.334 [] INFO  SnakesGame - Discovered game: 1 from /192.168.31.86:9190
2025-12-24 05:43:45.329 [pool-2-thread-1] INFO  SnakesGame - Sent multicast announcement to 239.192.0.4:9192 (50 bytes)
2025-12-24 05:43:45.330 [] INFO  SnakesGame - Discovered game: 1 from /192.168.31.86:9190
2025-12-24 05:43:46.330 [pool-2-thread-1] INFO  SnakesGame - Sent multicast announcement to 239.192.0.4:9192 (50 bytes)
2025-12-24 05:43:46.331 [] INFO  SnakesGame - Discovered game: 1 from /192.168.31.86:9190
2025-12-24 05:43:47.332 [pool-2-thread-1] INFO  SnakesGame - Sent multicast announcement to 239.192.0.4:9192 (50 bytes)
2025-12-24 05:43:47.334 [] INFO  SnakesGame - Discovered game: 1 from /192.168.31.86:9190
2025-12-24 05:43:48.338 [pool-2-thread-2] INFO  SnakesGame - Sent multicast announcement to 239.192.0.4:9192 (50 bytes)
2025-12-24 05:43:48.343 [] INFO  SnakesGame - Discovered game: 1 from /192.168.31.86:9190
2025-12-24 05:43:49.332 [pool-2-thread-1] INFO  SnakesGame - Sent multicast announcement to 239.192.0.4:9192 (50 bytes)
2025-12-24 05:43:49.333 [] INFO  SnakesGame - Discovered game: 1 from /192.168.31.86:9190
2025-12-24 05:43:50.327 [pool-2-thread-1] INFO  SnakesGame - Sent multicast announcement to 239.192.0.4:9192 (50 bytes)
2025-12-24 05:43:50.328 [] INFO  SnakesGame - Discovered game: 1 from /192.168.31.86:9190
2025-12-24 05:43:50.955 [JavaFX Application Thread] INFO  SnakesGame - Starting Snakes Application
2025-12-24 05:43:51.329 [pool-2-thread-2] INFO  SnakesGame - Sent multicast announcement to 239.192.0.4:9192 (50 bytes)
2025-12-24 05:43:51.331 [] INFO  SnakesGame - Discovered game: 1 from /192.168.31.86:9190
2025-12-24 05:43:52.331 [pool-2-thread-1] INFO  SnakesGame - Sent multicast announcement to 239.192.0.4:9192 (50 bytes)
2025-12-24 05:43:52.332 [] INFO  SnakesGame - Discovered game: 1 from /192.168.31.86:9190
2025-12-24 05:43:52.428 [JavaFX Application Thread] INFO  SnakesGame - Opening Lobby
2025-12-24 05:43:52.463 [JavaFX Application Thread] INFO  SnakesGame - Looking for suitable multicast interface...
2025-12-24 05:43:52.464 [JavaFX Application Thread] INFO  SnakesGame - Found suitable interface: en0 with IPv4: 192.168.31.86
2025-12-24 05:43:52.465 [JavaFX Application Thread] INFO  SnakesGame - Joined multicast group using interface: en0 (en0)
2025-12-24 05:43:52.465 [JavaFX Application Thread] INFO  SnakesGame - Set multicast send interface to: en0 (en0)
2025-12-24 05:43:52.467 [JavaFX Application Thread] INFO  SnakesGame - Multicast discovery started on 239.192.0.4:9192
2025-12-24 05:43:52.467 [] INFO  SnakesGame - Multicast listen loop started
2025-12-24 05:43:52.467 [JavaFX Application Thread] INFO  SnakesGame - Discovery service started
2025-12-24 05:43:52.467 [JavaFX Application Thread] INFO  SnakesGame - Discovery started in lobby
2025-12-24 05:43:53.331 [pool-2-thread-3] INFO  SnakesGame - Sent multicast announcement to 239.192.0.4:9192 (50 bytes)
2025-12-24 05:43:53.334 [] INFO  SnakesGame - Discovered game: 1 from /192.168.31.86:9190
2025-12-24 05:43:53.370 [] INFO  SnakesGame - Discovered new game: 1 at /192.168.31.86:9190
2025-12-24 05:43:53.370 [] INFO  SnakesGame - Discovered game: 1 from /192.168.31.86:9190
2025-12-24 05:43:53.371 [JavaFX Application Thread] INFO  SnakesGame - Game added to lobby: 1 at /192.168.31.86:9190
2025-12-24 05:43:54.333 [pool-2-thread-1] INFO  SnakesGame - Sent multicast announcement to 239.192.0.4:9192 (50 bytes)
2025-12-24 05:43:54.339 [] INFO  SnakesGame - Discovered game: 1 from /192.168.31.86:9190
2025-12-24 05:43:54.334 [] INFO  SnakesGame - Discovered game: 1 from /192.168.31.86:9190
2025-12-24 05:43:55.332 [pool-2-thread-1] INFO  SnakesGame - Sent multicast announcement to 239.192.0.4:9192 (50 bytes)
2025-12-24 05:43:55.335 [] INFO  SnakesGame - Discovered game: 1 from /192.168.31.86:9190
2025-12-24 05:43:55.337 [] INFO  SnakesGame - Discovered game: 1 from /192.168.31.86:9190
2025-12-24 05:43:56.200 [JavaFX Application Thread] INFO  SnakesGame - Connecting to master at /192.168.31.86:9190
2025-12-24 05:43:56.202 [JavaFX Application Thread] INFO  SnakesGame - Joining game: 1
2025-12-24 05:43:56.206 [JavaFX Application Thread] INFO  SnakesGame - UDP Transport started on port 61715
2025-12-24 05:43:56.206 [JavaFX Application Thread] INFO  SnakesGame - Looking for suitable multicast interface...
2025-12-24 05:43:56.206 [JavaFX Application Thread] INFO  SnakesGame - Found suitable interface: en0 with IPv4: 192.168.31.86
2025-12-24 05:43:56.206 [JavaFX Application Thread] INFO  SnakesGame - Joined multicast group using interface: en0 (en0)
2025-12-24 05:43:56.206 [JavaFX Application Thread] INFO  SnakesGame - Set multicast send interface to: en0 (en0)
2025-12-24 05:43:56.206 [JavaFX Application Thread] INFO  SnakesGame - Multicast discovery started on 239.192.0.4:9192
2025-12-24 05:43:56.206 [] INFO  SnakesGame - Multicast listen loop started
2025-12-24 05:43:56.207 [JavaFX Application Thread] INFO  SnakesGame - NetworkManager started successfully
2025-12-24 05:43:56.208 [JavaFX Application Thread] INFO  SnakesGame - [ACK-MGR] Registered NEW peer: /192.168.31.86:9190 with playerId=0
2025-12-24 05:43:56.210 [JavaFX Application Thread] INFO  SnakesGame - NormalNode started, master at /192.168.31.86:9190
2025-12-24 05:43:56.210 [JavaFX Application Thread] INFO  SnakesGame - NORMAL node started for player 2
2025-12-24 05:43:56.211 [JavaFX Application Thread] INFO  SnakesGame - [CLIENT-JOIN] Sending JOIN to /192.168.31.86:9190 (player: 2, role: NORMAL, seq: 0)
2025-12-24 05:43:56.214 [JavaFX Application Thread] INFO  SnakesGame - [UDP-SEND] 16 bytes to /192.168.31.86:9190 (local port: 61715)
2025-12-24 05:43:56.214 [JavaFX Application Thread] INFO  SnakesGame - [ACK-MGR] Sent message seq=0 to /192.168.31.86:9190, waiting for ACK
2025-12-24 05:43:56.214 [JavaFX Application Thread] INFO  SnakesGame - Join request sent to master at /192.168.31.86:9190
2025-12-24 05:43:56.214 [JavaFX Application Thread] INFO  SnakesGame - Client started, waiting for role assignment
2025-12-24 05:43:56.214 [JavaFX Application Thread] INFO  SnakesGame - Joined game: 1
2025-12-24 05:43:56.214 [JavaFX Application Thread] INFO  SnakesGame - Found suitable interface: en0 with IPv4: 192.168.31.86
2025-12-24 05:43:56.215 [JavaFX Application Thread] INFO  SnakesGame - Multicast discovery stopped
2025-12-24 05:43:56.215 [JavaFX Application Thread] INFO  SnakesGame - Discovery service stopped
2025-12-24 05:43:56.215 [] INFO  SnakesGame - Multicast listen loop stopped
2025-12-24 05:43:56.215 [] INFO  SnakesGame - [UDP-RECV] 16 bytes from /192.168.31.86:61715 (local port: 9190)
2025-12-24 05:43:56.217 [] INFO  SnakesGame - [DISPATCH] JOIN seq=0 from /192.168.31.86:61715 | sender_id=0 receiver_id=none
2025-12-24 05:43:56.217 [] INFO  SnakesGame - [MASTER-JOIN] Received JOIN from /192.168.31.86:61715 (player: 2, msg_seq=0)
2025-12-24 05:43:56.218 [] INFO  SnakesGame - [ACK-MGR] Registered NEW peer: /192.168.31.86:61715 with playerId=2
2025-12-24 05:43:56.225 [] INFO  SnakesGame - Created snake for player 2: head=Coord[x=28, y=2], tail=Coord[x=28, y=3], direction=UP
2025-12-24 05:43:56.227 [] INFO  SnakesGame - Player 2 joined the game with snake at Coord[x=28, y=1]
2025-12-24 05:43:56.227 [JavaFX Application Thread] INFO  SnakesGame - GameController initialized
2025-12-24 05:43:56.227 [] INFO  SnakesGame - Player 2 joined the game as NORMAL with ID 2
2025-12-24 05:43:56.227 [JavaFX Application Thread] INFO  SnakesGame - GameService connected to GameController
2025-12-24 05:43:56.229 [] INFO  SnakesGame - [UDP-SEND] 10 bytes to /192.168.31.86:61715 (local port: 9190)
2025-12-24 05:43:56.229 [] INFO  SnakesGame - [ACK-MGR] Sent message seq=50 to /192.168.31.86:61715, waiting for ACK
2025-12-24 05:43:56.229 [] INFO  SnakesGame - Assigned 2 as deputy
2025-12-24 05:43:56.229 [] INFO  SnakesGame - [UDP-RECV] 10 bytes from /192.168.31.86:9190 (local port: 61715)
2025-12-24 05:43:56.230 [] INFO  SnakesGame - [UDP-SEND] 8 bytes to /192.168.31.86:61715 (local port: 9190)
2025-12-24 05:43:56.230 [] INFO  SnakesGame - [DISPATCH] ROLE_CHANGE seq=50 from /192.168.31.86:9190 | sender_id=1 receiver_id=2
2025-12-24 05:43:56.230 [] INFO  SnakesGame - [ACK-MGR] Sent ACK for seq=0 to /192.168.31.86:61715 (receiver_id=0)
2025-12-24 05:43:56.230 [] INFO  SnakesGame - [UDP-RECV] 8 bytes from /192.168.31.86:9190 (local port: 61715)
2025-12-24 05:43:56.230 [] INFO  SnakesGame - [MASTER-JOIN] Sent ACK for JOIN seq=0 to /192.168.31.86:61715 (playerId=2)
2025-12-24 05:43:56.230 [] INFO  SnakesGame - Assigned playerId 2 (was 0)
2025-12-24 05:43:56.230 [] INFO  SnakesGame - [UDP-SEND] 10 bytes to /192.168.31.86:61715 (local port: 9190)
2025-12-24 05:43:56.230 [] INFO  SnakesGame - [ACK-MGR] Sent message seq=51 to /192.168.31.86:61715, waiting for ACK
2025-12-24 05:43:56.230 [] INFO  SnakesGame - Role changed from NORMAL to DEPUTY
2025-12-24 05:43:56.230 [] INFO  SnakesGame - [MASTER-JOIN] Sent RoleChange to /192.168.31.86:61715: role=NORMAL, id=2, seq=51
2025-12-24 05:43:56.230 [] INFO  SnakesGame - Promoted to DEPUTY, notifying GameService to switch node
2025-12-24 05:43:56.230 [] INFO  SnakesGame - [MASTER-JOIN] Sent RoleChange to /192.168.31.86:61715: role=NORMAL, id=2, seq=51
2025-12-24 05:43:56.230 [] INFO  SnakesGame - Switching node from DEPUTY to DEPUTY
2025-12-24 05:43:56.230 [] INFO  SnakesGame - [UDP-RECV] 10 bytes from /192.168.31.86:9190 (local port: 61715)
2025-12-24 05:43:56.230 [] INFO  SnakesGame - DEPUTY node stopped
2025-12-24 05:43:56.231 [] INFO  SnakesGame - DeputyNode.onStart() called
2025-12-24 05:43:56.231 [] INFO  SnakesGame - Ping task started
2025-12-24 05:43:56.231 [] INFO  SnakesGame - startMasterTimeoutChecker: timeoutMs=3000, checkInterval=200ms
2025-12-24 05:43:56.232 [] INFO  SnakesGame - Master timeout checker started
2025-12-24 05:43:56.232 [] INFO  SnakesGame - DeputyNode started, monitoring master at /192.168.31.86:9190
2025-12-24 05:43:56.232 [] INFO  SnakesGame - DEPUTY node started for player 2
2025-12-24 05:43:56.232 [] INFO  SnakesGame - Node switched successfully to DEPUTY
2025-12-24 05:43:56.233 [] INFO  SnakesGame - [UDP-SEND] 8 bytes to /192.168.31.86:9190 (local port: 61715)
2025-12-24 05:43:56.233 [] INFO  SnakesGame - [ACK-MGR] Sent ACK for seq=50 to /192.168.31.86:9190 (receiver_id=1)
2025-12-24 05:43:56.233 [] INFO  SnakesGame - [DISPATCH] ACK seq=0 from /192.168.31.86:9190 | sender_id=1 receiver_id=0
2025-12-24 05:43:56.233 [] INFO  SnakesGame - [UDP-RECV] 8 bytes from /192.168.31.86:61715 (local port: 9190)
2025-12-24 05:43:56.233 [] INFO  SnakesGame - [ACK-MGR] ✓ Received ACK for seq=0 from /192.168.31.86:9190
2025-12-24 05:43:56.233 [] INFO  SnakesGame - [DISPATCH] ROLE_CHANGE seq=51 from /192.168.31.86:9190 | sender_id=1 receiver_id=2
2025-12-24 05:43:56.234 [] INFO  SnakesGame - [DISPATCH] ACK seq=50 from /192.168.31.86:61715 | sender_id=2 receiver_id=1
2025-12-24 05:43:56.234 [] INFO  SnakesGame - [UDP-SEND] 8 bytes to /192.168.31.86:9190 (local port: 61715)
2025-12-24 05:43:56.234 [] INFO  SnakesGame - [ACK-MGR] Sent ACK for seq=51 to /192.168.31.86:9190 (receiver_id=1)
2025-12-24 05:43:56.234 [] INFO  SnakesGame - [ACK-MGR] ✓ Received ACK for seq=50 from /192.168.31.86:61715
2025-12-24 05:43:56.236 [] INFO  SnakesGame - [DISPATCH] ACK seq=51 from /192.168.31.86:61715 | sender_id=2 receiver_id=1
2025-12-24 05:43:56.236 [] INFO  SnakesGame - [UDP-RECV] 8 bytes from /192.168.31.86:61715 (local port: 9190)
2025-12-24 05:43:56.236 [] INFO  SnakesGame - [ACK-MGR] ✓ Received ACK for seq=51 from /192.168.31.86:61715
2025-12-24 05:43:56.331 [pool-2-thread-2] INFO  SnakesGame - [UDP-SEND] 115 bytes to /192.168.31.86:61715 (local port: 9190)
2025-12-24 05:43:56.331 [pool-2-thread-2] INFO  SnakesGame - [ACK-MGR] Sent message seq=52 to /192.168.31.86:61715, waiting for ACK
2025-12-24 05:43:56.331 [] INFO  SnakesGame - [UDP-RECV] 115 bytes from /192.168.31.86:9190 (local port: 61715)
2025-12-24 05:43:56.332 [pool-2-thread-2] INFO  SnakesGame - Sent multicast announcement to 239.192.0.4:9192 (82 bytes)
2025-12-24 05:43:56.332 [] INFO  SnakesGame - Discovered game: 1 from /192.168.31.86:9190
2025-12-24 05:43:56.333 [] INFO  SnakesGame - Discovered game: 1 from /192.168.31.86:9190
2025-12-24 05:43:56.335 [] INFO  SnakesGame - [DISPATCH] STATE seq=52 from /192.168.31.86:9190 | sender_id=1 receiver_id=none
2025-12-24 05:43:56.336 [] INFO  SnakesGame - [UDP-SEND] 8 bytes to /192.168.31.86:9190 (local port: 61715)
2025-12-24 05:43:56.336 [] INFO  SnakesGame - [ACK-MGR] Sent ACK for seq=52 to /192.168.31.86:9190 (receiver_id=1)
2025-12-24 05:43:56.346 [] INFO  SnakesGame - [DISPATCH] ACK seq=52 from /192.168.31.86:61715 | sender_id=2 receiver_id=1
2025-12-24 05:43:56.346 [] INFO  SnakesGame - [UDP-RECV] 8 bytes from /192.168.31.86:61715 (local port: 9190)
2025-12-24 05:43:56.347 [] INFO  SnakesGame - [ACK-MGR] ✓ Received ACK for seq=52 from /192.168.31.86:61715
2025-12-24 05:43:57.239 [pool-3-thread-2] INFO  SnakesGame - [UDP-SEND] 8 bytes to /192.168.31.86:9190 (local port: 61715)
2025-12-24 05:43:57.239 [pool-3-thread-2] INFO  SnakesGame - [ACK-MGR] Sent message seq=1 to /192.168.31.86:9190, waiting for ACK
2025-12-24 05:43:57.240 [] INFO  SnakesGame - [UDP-RECV] 8 bytes from /192.168.31.86:61715 (local port: 9190)
2025-12-24 05:43:57.243 [] INFO  SnakesGame - [DISPATCH] PING seq=1 from /192.168.31.86:61715 | sender_id=2 receiver_id=0
2025-12-24 05:43:57.243 [] INFO  SnakesGame - [UDP-SEND] 8 bytes to /192.168.31.86:61715 (local port: 9190)
2025-12-24 05:43:57.244 [] INFO  SnakesGame - [ACK-MGR] Sent ACK for seq=1 to /192.168.31.86:61715 (receiver_id=2)
2025-12-24 05:43:57.244 [] INFO  SnakesGame - [UDP-RECV] 8 bytes from /192.168.31.86:9190 (local port: 61715)
2025-12-24 05:43:57.244 [] INFO  SnakesGame - [DISPATCH] ACK seq=1 from /192.168.31.86:9190 | sender_id=1 receiver_id=2
2025-12-24 05:43:57.244 [] INFO  SnakesGame - [ACK-MGR] ✓ Received ACK for seq=1 from /192.168.31.86:9190
2025-12-24 05:43:57.331 [pool-2-thread-3] INFO  SnakesGame - [UDP-SEND] 115 bytes to /192.168.31.86:61715 (local port: 9190)
2025-12-24 05:43:57.332 [pool-2-thread-3] INFO  SnakesGame - [ACK-MGR] Sent message seq=54 to /192.168.31.86:61715, waiting for ACK
2025-12-24 05:43:57.334 [] INFO  SnakesGame - [UDP-RECV] 115 bytes from /192.168.31.86:9190 (local port: 61715)
2025-12-24 05:43:57.334 [] INFO  SnakesGame - [DISPATCH] STATE seq=54 from /192.168.31.86:9190 | sender_id=1 receiver_id=none
2025-12-24 05:43:57.334 [] INFO  SnakesGame - [UDP-SEND] 8 bytes to /192.168.31.86:9190 (local port: 61715)
2025-12-24 05:43:57.334 [] INFO  SnakesGame - [ACK-MGR] Sent ACK for seq=54 to /192.168.31.86:9190 (receiver_id=1)
2025-12-24 05:43:57.337 [pool-2-thread-1] INFO  SnakesGame - Sent multicast announcement to 239.192.0.4:9192 (82 bytes)
2025-12-24 05:43:57.337 [] INFO  SnakesGame - Discovered game: 1 from /192.168.31.86:9190
2025-12-24 05:43:57.338 [] INFO  SnakesGame - [UDP-RECV] 8 bytes from /192.168.31.86:61715 (local port: 9190)
2025-12-24 05:43:57.338 [] INFO  SnakesGame - Discovered game: 1 from /192.168.31.86:9190
2025-12-24 05:43:57.338 [] INFO  SnakesGame - [DISPATCH] ACK seq=54 from /192.168.31.86:61715 | sender_id=2 receiver_id=1
2025-12-24 05:43:57.338 [] INFO  SnakesGame - [ACK-MGR] ✓ Received ACK for seq=54 from /192.168.31.86:61715
2025-12-24 05:43:58.233 [pool-3-thread-2] INFO  SnakesGame - [UDP-SEND] 8 bytes to /192.168.31.86:9190 (local port: 61715)
2025-12-24 05:43:58.234 [pool-3-thread-2] INFO  SnakesGame - [ACK-MGR] Sent message seq=2 to /192.168.31.86:9190, waiting for ACK
2025-12-24 05:43:58.234 [] INFO  SnakesGame - [UDP-RECV] 8 bytes from /192.168.31.86:61715 (local port: 9190)
2025-12-24 05:43:58.235 [] INFO  SnakesGame - [DISPATCH] PING seq=2 from /192.168.31.86:61715 | sender_id=2 receiver_id=0
2025-12-24 05:43:58.236 [] INFO  SnakesGame - [UDP-SEND] 8 bytes to /192.168.31.86:61715 (local port: 9190)
2025-12-24 05:43:58.237 [] INFO  SnakesGame - [ACK-MGR] Sent ACK for seq=2 to /192.168.31.86:61715 (receiver_id=2)
2025-12-24 05:43:58.237 [] INFO  SnakesGame - [UDP-RECV] 8 bytes from /192.168.31.86:9190 (local port: 61715)
2025-12-24 05:43:58.237 [] INFO  SnakesGame - [DISPATCH] ACK seq=2 from /192.168.31.86:9190 | sender_id=1 receiver_id=2
2025-12-24 05:43:58.237 [] INFO  SnakesGame - [ACK-MGR] ✓ Received ACK for seq=2 from /192.168.31.86:9190
2025-12-24 05:43:58.330 [] INFO  SnakesGame - [UDP-RECV] 115 bytes from /192.168.31.86:9190 (local port: 61715)
2025-12-24 05:43:58.330 [] INFO  SnakesGame - [DISPATCH] STATE seq=56 from /192.168.31.86:9190 | sender_id=1 receiver_id=none
2025-12-24 05:43:58.331 [] INFO  SnakesGame - [UDP-SEND] 8 bytes to /192.168.31.86:9190 (local port: 61715)
2025-12-24 05:43:58.332 [] INFO  SnakesGame - [ACK-MGR] Sent ACK for seq=56 to /192.168.31.86:9190 (receiver_id=1)
2025-12-24 05:43:58.330 [pool-2-thread-2] INFO  SnakesGame - [UDP-SEND] 115 bytes to /192.168.31.86:61715 (local port: 9190)
2025-12-24 05:43:58.333 [pool-2-thread-2] INFO  SnakesGame - [ACK-MGR] Sent message seq=56 to /192.168.31.86:61715, waiting for ACK
2025-12-24 05:43:58.333 [pool-2-thread-2] INFO  SnakesGame - Sent multicast announcement to 239.192.0.4:9192 (82 bytes)
2025-12-24 05:43:58.334 [] INFO  SnakesGame - Discovered game: 1 from /192.168.31.86:9190
2025-12-24 05:43:58.338 [] INFO  SnakesGame - [UDP-RECV] 8 bytes from /192.168.31.86:61715 (local port: 9190)
2025-12-24 05:43:58.339 [] INFO  SnakesGame - Discovered game: 1 from /192.168.31.86:9190
2025-12-24 05:43:58.339 [] INFO  SnakesGame - [DISPATCH] ACK seq=56 from /192.168.31.86:61715 | sender_id=2 receiver_id=1
2025-12-24 05:43:58.339 [] INFO  SnakesGame - [ACK-MGR] ✓ Received ACK for seq=56 from /192.168.31.86:61715
2025-12-24 05:43:59.233 [] INFO  SnakesGame - [UDP-RECV] 8 bytes from /192.168.31.86:61715 (local port: 9190)
2025-12-24 05:43:59.235 [] INFO  SnakesGame - [DISPATCH] PING seq=3 from /192.168.31.86:61715 | sender_id=2 receiver_id=0
2025-12-24 05:43:59.236 [] INFO  SnakesGame - [UDP-SEND] 8 bytes to /192.168.31.86:61715 (local port: 9190)
2025-12-24 05:43:59.237 [] INFO  SnakesGame - [ACK-MGR] Sent ACK for seq=3 to /192.168.31.86:61715 (receiver_id=2)
2025-12-24 05:43:59.244 [pool-3-thread-2] INFO  SnakesGame - [UDP-SEND] 8 bytes to /192.168.31.86:9190 (local port: 61715)
2025-12-24 05:43:59.245 [pool-3-thread-2] INFO  SnakesGame - [ACK-MGR] Sent message seq=3 to /192.168.31.86:9190, waiting for ACK
2025-12-24 05:43:59.248 [] INFO  SnakesGame - [UDP-RECV] 8 bytes from /192.168.31.86:9190 (local port: 61715)
2025-12-24 05:43:59.248 [] INFO  SnakesGame - [DISPATCH] ACK seq=3 from /192.168.31.86:9190 | sender_id=1 receiver_id=2
2025-12-24 05:43:59.248 [] INFO  SnakesGame - [ACK-MGR] ✓ Received ACK for seq=3 from /192.168.31.86:9190
2025-12-24 05:43:59.334 [] INFO  SnakesGame - [UDP-RECV] 115 bytes from /192.168.31.86:9190 (local port: 61715)
2025-12-24 05:43:59.334 [] INFO  SnakesGame - [DISPATCH] STATE seq=58 from /192.168.31.86:9190 | sender_id=1 receiver_id=none
2025-12-24 05:43:59.334 [] INFO  SnakesGame - [UDP-SEND] 8 bytes to /192.168.31.86:9190 (local port: 61715)
2025-12-24 05:43:59.334 [] INFO  SnakesGame - [ACK-MGR] Sent ACK for seq=58 to /192.168.31.86:9190 (receiver_id=1)
2025-12-24 05:43:59.334 [pool-2-thread-3] INFO  SnakesGame - [UDP-SEND] 115 bytes to /192.168.31.86:61715 (local port: 9190)
2025-12-24 05:43:59.334 [pool-2-thread-3] INFO  SnakesGame - [ACK-MGR] Sent message seq=58 to /192.168.31.86:61715, waiting for ACK
2025-12-24 05:43:59.335 [] INFO  SnakesGame - Discovered game: 1 from /192.168.31.86:9190
2025-12-24 05:43:59.335 [pool-2-thread-1] INFO  SnakesGame - Sent multicast announcement to 239.192.0.4:9192 (82 bytes)
2025-12-24 05:43:59.338 [] INFO  SnakesGame - [UDP-RECV] 8 bytes from /192.168.31.86:61715 (local port: 9190)
2025-12-24 05:43:59.338 [] INFO  SnakesGame - Discovered game: 1 from /192.168.31.86:9190
2025-12-24 05:43:59.338 [] INFO  SnakesGame - [DISPATCH] ACK seq=58 from /192.168.31.86:61715 | sender_id=2 receiver_id=1
2025-12-24 05:43:59.338 [] INFO  SnakesGame - [ACK-MGR] ✓ Received ACK for seq=58 from /192.168.31.86:61715
2025-12-24 05:44:00.237 [pool-3-thread-2] INFO  SnakesGame - [UDP-SEND] 8 bytes to /192.168.31.86:9190 (local port: 61715)
2025-12-24 05:44:00.237 [pool-3-thread-2] INFO  SnakesGame - [ACK-MGR] Sent message seq=4 to /192.168.31.86:9190, waiting for ACK
2025-12-24 05:44:00.237 [] INFO  SnakesGame - [UDP-RECV] 8 bytes from /192.168.31.86:61715 (local port: 9190)
2025-12-24 05:44:00.238 [] INFO  SnakesGame - [DISPATCH] PING seq=4 from /192.168.31.86:61715 | sender_id=2 receiver_id=0
2025-12-24 05:44:00.238 [] INFO  SnakesGame - [UDP-SEND] 8 bytes to /192.168.31.86:61715 (local port: 9190)
2025-12-24 05:44:00.238 [] INFO  SnakesGame - [ACK-MGR] Sent ACK for seq=4 to /192.168.31.86:61715 (receiver_id=2)
2025-12-24 05:44:00.239 [] INFO  SnakesGame - [UDP-RECV] 8 bytes from /192.168.31.86:9190 (local port: 61715)
2025-12-24 05:44:00.240 [] INFO  SnakesGame - [DISPATCH] ACK seq=4 from /192.168.31.86:9190 | sender_id=1 receiver_id=2
2025-12-24 05:44:00.240 [] INFO  SnakesGame - [ACK-MGR] ✓ Received ACK for seq=4 from /192.168.31.86:9190
2025-12-24 05:44:00.330 [pool-2-thread-1] INFO  SnakesGame - [UDP-SEND] 115 bytes to /192.168.31.86:61715 (local port: 9190)
2025-12-24 05:44:00.331 [pool-2-thread-1] INFO  SnakesGame - [ACK-MGR] Sent message seq=60 to /192.168.31.86:61715, waiting for ACK
2025-12-24 05:44:00.332 [] INFO  SnakesGame - [UDP-RECV] 115 bytes from /192.168.31.86:9190 (local port: 61715)
2025-12-24 05:44:00.333 [pool-2-thread-3] INFO  SnakesGame - Sent multicast announcement to 239.192.0.4:9192 (82 bytes)
2025-12-24 05:44:00.337 [] INFO  SnakesGame - [DISPATCH] STATE seq=60 from /192.168.31.86:9190 | sender_id=1 receiver_id=none
2025-12-24 05:44:00.338 [] INFO  SnakesGame - Discovered game: 1 from /192.168.31.86:9190
2025-12-24 05:44:00.338 [] INFO  SnakesGame - [UDP-SEND] 8 bytes to /192.168.31.86:9190 (local port: 61715)
2025-12-24 05:44:00.338 [] INFO  SnakesGame - [ACK-MGR] Sent ACK for seq=60 to /192.168.31.86:9190 (receiver_id=1)
2025-12-24 05:44:00.339 [] INFO  SnakesGame - Discovered game: 1 from /192.168.31.86:9190
2025-12-24 05:44:00.339 [] INFO  SnakesGame - [UDP-RECV] 8 bytes from /192.168.31.86:61715 (local port: 9190)
2025-12-24 05:44:00.339 [] INFO  SnakesGame - [DISPATCH] ACK seq=60 from /192.168.31.86:61715 | sender_id=2 receiver_id=1
2025-12-24 05:44:00.342 [] INFO  SnakesGame - [ACK-MGR] ✓ Received ACK for seq=60 from /192.168.31.86:61715
2025-12-24 05:44:01.237 [pool-3-thread-2] INFO  SnakesGame - [UDP-SEND] 8 bytes to /192.168.31.86:9190 (local port: 61715)
2025-12-24 05:44:01.237 [pool-3-thread-2] INFO  SnakesGame - [ACK-MGR] Sent message seq=5 to /192.168.31.86:9190, waiting for ACK
2025-12-24 05:44:01.237 [] INFO  SnakesGame - [UDP-RECV] 8 bytes from /192.168.31.86:61715 (local port: 9190)
2025-12-24 05:44:01.238 [] INFO  SnakesGame - [DISPATCH] PING seq=5 from /192.168.31.86:61715 | sender_id=2 receiver_id=0
2025-12-24 05:44:01.239 [] INFO  SnakesGame - [UDP-SEND] 8 bytes to /192.168.31.86:61715 (local port: 9190)
2025-12-24 05:44:01.239 [] INFO  SnakesGame - [ACK-MGR] Sent ACK for seq=5 to /192.168.31.86:61715 (receiver_id=2)
2025-12-24 05:44:01.239 [] INFO  SnakesGame - [UDP-RECV] 8 bytes from /192.168.31.86:9190 (local port: 61715)
2025-12-24 05:44:01.240 [] INFO  SnakesGame - [DISPATCH] ACK seq=5 from /192.168.31.86:9190 | sender_id=1 receiver_id=2
2025-12-24 05:44:01.240 [] INFO  SnakesGame - [ACK-MGR] ✓ Received ACK for seq=5 from /192.168.31.86:9190
2025-12-24 05:44:01.327 [pool-2-thread-2] INFO  SnakesGame - [UDP-SEND] 115 bytes to /192.168.31.86:61715 (local port: 9190)
2025-12-24 05:44:01.327 [pool-2-thread-2] INFO  SnakesGame - [ACK-MGR] Sent message seq=62 to /192.168.31.86:61715, waiting for ACK
2025-12-24 05:44:01.328 [] INFO  SnakesGame - [UDP-RECV] 115 bytes from /192.168.31.86:9190 (local port: 61715)
2025-12-24 05:44:01.329 [pool-2-thread-2] INFO  SnakesGame - Sent multicast announcement to 239.192.0.4:9192 (82 bytes)
2025-12-24 05:44:01.330 [] INFO  SnakesGame - [DISPATCH] STATE seq=62 from /192.168.31.86:9190 | sender_id=1 receiver_id=none
2025-12-24 05:44:01.334 [] INFO  SnakesGame - Discovered game: 1 from /192.168.31.86:9190
2025-12-24 05:44:01.337 [] INFO  SnakesGame - [UDP-SEND] 8 bytes to /192.168.31.86:9190 (local port: 61715)
2025-12-24 05:44:01.337 [] INFO  SnakesGame - [UDP-RECV] 8 bytes from /192.168.31.86:61715 (local port: 9190)
2025-12-24 05:44:01.337 [] INFO  SnakesGame - [ACK-MGR] Sent ACK for seq=62 to /192.168.31.86:9190 (receiver_id=1)
2025-12-24 05:44:01.337 [] INFO  SnakesGame - Discovered game: 1 from /192.168.31.86:9190
2025-12-24 05:44:01.337 [] INFO  SnakesGame - [DISPATCH] ACK seq=62 from /192.168.31.86:61715 | sender_id=2 receiver_id=1
2025-12-24 05:44:01.337 [] INFO  SnakesGame - [ACK-MGR] ✓ Received ACK for seq=62 from /192.168.31.86:61715
2025-12-24 05:44:02.234 [pool-3-thread-2] INFO  SnakesGame - [UDP-SEND] 8 bytes to /192.168.31.86:9190 (local port: 61715)
2025-12-24 05:44:02.235 [pool-3-thread-2] INFO  SnakesGame - [ACK-MGR] Sent message seq=6 to /192.168.31.86:9190, waiting for ACK
2025-12-24 05:44:02.235 [] INFO  SnakesGame - [UDP-RECV] 8 bytes from /192.168.31.86:61715 (local port: 9190)
2025-12-24 05:44:02.238 [] INFO  SnakesGame - [DISPATCH] PING seq=6 from /192.168.31.86:61715 | sender_id=2 receiver_id=0
2025-12-24 05:44:02.239 [] INFO  SnakesGame - [UDP-SEND] 8 bytes to /192.168.31.86:61715 (local port: 9190)
2025-12-24 05:44:02.239 [] INFO  SnakesGame - [ACK-MGR] Sent ACK for seq=6 to /192.168.31.86:61715 (receiver_id=2)
2025-12-24 05:44:02.239 [] INFO  SnakesGame - [UDP-RECV] 8 bytes from /192.168.31.86:9190 (local port: 61715)
2025-12-24 05:44:02.239 [] INFO  SnakesGame - [DISPATCH] ACK seq=6 from /192.168.31.86:9190 | sender_id=1 receiver_id=2
2025-12-24 05:44:02.239 [] INFO  SnakesGame - [ACK-MGR] ✓ Received ACK for seq=6 from /192.168.31.86:9190
2025-12-24 05:44:02.331 [pool-2-thread-2] INFO  SnakesGame - [UDP-SEND] 115 bytes to /192.168.31.86:61715 (local port: 9190)
2025-12-24 05:44:02.334 [pool-2-thread-2] INFO  SnakesGame - [ACK-MGR] Sent message seq=64 to /192.168.31.86:61715, waiting for ACK
2025-12-24 05:44:02.334 [] INFO  SnakesGame - [UDP-RECV] 115 bytes from /192.168.31.86:9190 (local port: 61715)
2025-12-24 05:44:02.335 [pool-2-thread-2] INFO  SnakesGame - Sent multicast announcement to 239.192.0.4:9192 (82 bytes)
2025-12-24 05:44:02.335 [] INFO  SnakesGame - [DISPATCH] STATE seq=64 from /192.168.31.86:9190 | sender_id=1 receiver_id=none
2025-12-24 05:44:02.336 [] INFO  SnakesGame - [UDP-SEND] 8 bytes to /192.168.31.86:9190 (local port: 61715)
2025-12-24 05:44:02.336 [] INFO  SnakesGame - [ACK-MGR] Sent ACK for seq=64 to /192.168.31.86:9190 (receiver_id=1)
2025-12-24 05:44:02.336 [] INFO  SnakesGame - Discovered game: 1 from /192.168.31.86:9190
2025-12-24 05:44:02.337 [] INFO  SnakesGame - Discovered game: 1 from /192.168.31.86:9190
2025-12-24 05:44:02.339 [] INFO  SnakesGame - [UDP-RECV] 8 bytes from /192.168.31.86:61715 (local port: 9190)
2025-12-24 05:44:02.342 [] INFO  SnakesGame - [DISPATCH] ACK seq=64 from /192.168.31.86:61715 | sender_id=2 receiver_id=1
2025-12-24 05:44:02.343 [] INFO  SnakesGame - [ACK-MGR] ✓ Received ACK for seq=64 from /192.168.31.86:61715
2025-12-24 05:44:03.235 [pool-3-thread-1] INFO  SnakesGame - [UDP-SEND] 8 bytes to /192.168.31.86:9190 (local port: 61715)
2025-12-24 05:44:03.236 [] INFO  SnakesGame - [UDP-RECV] 8 bytes from /192.168.31.86:61715 (local port: 9190)
2025-12-24 05:44:03.237 [pool-3-thread-1] INFO  SnakesGame - [ACK-MGR] Sent message seq=7 to /192.168.31.86:9190, waiting for ACK
2025-12-24 05:44:03.237 [] INFO  SnakesGame - [DISPATCH] PING seq=7 from /192.168.31.86:61715 | sender_id=2 receiver_id=0
2025-12-24 05:44:03.238 [] INFO  SnakesGame - [UDP-SEND] 8 bytes to /192.168.31.86:61715 (local port: 9190)
2025-12-24 05:44:03.238 [] INFO  SnakesGame - [ACK-MGR] Sent ACK for seq=7 to /192.168.31.86:61715 (receiver_id=2)
2025-12-24 05:44:03.239 [] INFO  SnakesGame - [UDP-RECV] 8 bytes from /192.168.31.86:9190 (local port: 61715)
2025-12-24 05:44:03.239 [] INFO  SnakesGame - [DISPATCH] ACK seq=7 from /192.168.31.86:9190 | sender_id=1 receiver_id=2
2025-12-24 05:44:03.240 [] INFO  SnakesGame - [ACK-MGR] ✓ Received ACK for seq=7 from /192.168.31.86:9190
2025-12-24 05:44:03.337 [] INFO  SnakesGame - Discovered game: 1 from /192.168.31.86:9190
2025-12-24 05:44:03.338 [] INFO  SnakesGame - [DISPATCH] STATE seq=66 from /192.168.31.86:9190 | sender_id=1 receiver_id=none
2025-12-24 05:44:03.333 [] INFO  SnakesGame - [UDP-RECV] 115 bytes from /192.168.31.86:9190 (local port: 61715)
2025-12-24 05:44:03.331 [pool-2-thread-1] INFO  SnakesGame - Sent multicast announcement to 239.192.0.4:9192 (82 bytes)
2025-12-24 05:44:03.338 [] INFO  SnakesGame - [UDP-SEND] 8 bytes to /192.168.31.86:9190 (local port: 61715)
2025-12-24 05:44:03.338 [] INFO  SnakesGame - [ACK-MGR] Sent ACK for seq=66 to /192.168.31.86:9190 (receiver_id=1)
2025-12-24 05:44:03.338 [pool-2-thread-3] INFO  SnakesGame - [UDP-SEND] 115 bytes to /192.168.31.86:61715 (local port: 9190)
2025-12-24 05:44:03.340 [pool-2-thread-3] INFO  SnakesGame - [ACK-MGR] Sent message seq=66 to /192.168.31.86:61715, waiting for ACK
2025-12-24 05:44:03.340 [] INFO  SnakesGame - Discovered game: 1 from /192.168.31.86:9190
2025-12-24 05:44:03.340 [] INFO  SnakesGame - [UDP-RECV] 8 bytes from /192.168.31.86:61715 (local port: 9190)
2025-12-24 05:44:03.340 [] INFO  SnakesGame - [DISPATCH] ACK seq=66 from /192.168.31.86:61715 | sender_id=2 receiver_id=1
2025-12-24 05:44:03.341 [] INFO  SnakesGame - [ACK-MGR] ✓ Received ACK for seq=66 from /192.168.31.86:61715
2025-12-24 05:44:03.841 [JavaFX Application Thread] INFO  SnakesGame - Leaving game
2025-12-24 05:44:03.842 [JavaFX Application Thread] INFO  SnakesGame - MASTER node stopped
2025-12-24 05:44:03.843 [JavaFX Application Thread] INFO  SnakesGame - UDP Transport stopped
2025-12-24 05:44:03.844 [JavaFX Application Thread] INFO  SnakesGame - Found suitable interface: en0 with IPv4: 192.168.31.86
2025-12-24 05:44:03.845 [JavaFX Application Thread] INFO  SnakesGame - Multicast discovery stopped
2025-12-24 05:44:03.845 [] INFO  SnakesGame - Multicast listen loop stopped
2025-12-24 05:44:03.845 [JavaFX Application Thread] INFO  SnakesGame - NetworkManager stopped
2025-12-24 05:44:03.846 [JavaFX Application Thread] INFO  SnakesGame - Left game successfully
2025-12-24 05:44:03.846 [JavaFX Application Thread] INFO  SnakesGame - Exiting to main menu
2025-12-24 05:44:04.234 [pool-3-thread-2] INFO  SnakesGame - [UDP-SEND] 8 bytes to /192.168.31.86:9190 (local port: 61715)
2025-12-24 05:44:04.235 [pool-3-thread-2] INFO  SnakesGame - [ACK-MGR] Sent message seq=8 to /192.168.31.86:9190, waiting for ACK
2025-12-24 05:44:04.824 [] INFO  SnakesGame - [UDP-SEND] 8 bytes to /192.168.31.86:9190 (local port: 61715)
2025-12-24 05:44:04.825 [] WARN  SnakesGame - [ACK-MGR] ⟳ Retransmitting seq=8 to /192.168.31.86:9190 (retry 1/5)
2025-12-24 05:44:05.234 [pool-3-thread-1] INFO  SnakesGame - [UDP-SEND] 8 bytes to /192.168.31.86:9190 (local port: 61715)
2025-12-24 05:44:05.235 [pool-3-thread-1] INFO  SnakesGame - [ACK-MGR] Sent message seq=9 to /192.168.31.86:9190, waiting for ACK
2025-12-24 05:44:05.336 [] INFO  SnakesGame - [UDP-SEND] 8 bytes to /192.168.31.86:9190 (local port: 61715)
2025-12-24 05:44:05.338 [] WARN  SnakesGame - [ACK-MGR] ⟳ Retransmitting seq=8 to /192.168.31.86:9190 (retry 2/5)
2025-12-24 05:44:05.844 [] INFO  SnakesGame - [UDP-SEND] 8 bytes to /192.168.31.86:9190 (local port: 61715)
2025-12-24 05:44:05.845 [] WARN  SnakesGame - [ACK-MGR] ⟳ Retransmitting seq=8 to /192.168.31.86:9190 (retry 3/5)
2025-12-24 05:44:05.845 [] INFO  SnakesGame - [UDP-SEND] 8 bytes to /192.168.31.86:9190 (local port: 61715)
2025-12-24 05:44:05.845 [] WARN  SnakesGame - [ACK-MGR] ⟳ Retransmitting seq=9 to /192.168.31.86:9190 (retry 1/5)
2025-12-24 05:44:06.238 [pool-3-thread-1] INFO  SnakesGame - [UDP-SEND] 8 bytes to /192.168.31.86:9190 (local port: 61715)
2025-12-24 05:44:06.239 [pool-3-thread-1] INFO  SnakesGame - [ACK-MGR] Sent message seq=10 to /192.168.31.86:9190, waiting for ACK
2025-12-24 05:44:06.352 [] INFO  SnakesGame - [UDP-SEND] 8 bytes to /192.168.31.86:9190 (local port: 61715)
2025-12-24 05:44:06.352 [] WARN  SnakesGame - [ACK-MGR] ⟳ Retransmitting seq=8 to /192.168.31.86:9190 (retry 4/5)
2025-12-24 05:44:06.352 [] INFO  SnakesGame - [UDP-SEND] 8 bytes to /192.168.31.86:9190 (local port: 61715)
2025-12-24 05:44:06.352 [] WARN  SnakesGame - [ACK-MGR] ⟳ Retransmitting seq=9 to /192.168.31.86:9190 (retry 2/5)
2025-12-24 05:44:06.435 [pool-3-thread-2] WARN  SnakesGame - Master timed out! Elapsed: 3097ms, promoting to MASTER
2025-12-24 05:44:06.436 [pool-3-thread-2] INFO  SnakesGame - Deputy promoting to MASTER
2025-12-24 05:44:06.436 [pool-3-thread-2] INFO  SnakesGame - Found old master: playerId=1, address=/192.168.31.86:9190
2025-12-24 05:44:06.436 [pool-3-thread-2] INFO  SnakesGame - Old master assumed dead: /192.168.31.86:9190
2025-12-24 05:44:06.436 [pool-3-thread-2] INFO  SnakesGame - Creating GameEngine with current state
2025-12-24 05:44:06.438 [pool-3-thread-2] INFO  SnakesGame - Player 1 left, snake became zombie
2025-12-24 05:44:06.438 [pool-3-thread-2] INFO  SnakesGame - Removed old master player 1 from game state
2025-12-24 05:44:06.438 [pool-3-thread-2] INFO  SnakesGame - UDP Transport stopped
2025-12-24 05:44:06.439 [pool-3-thread-2] INFO  SnakesGame - Found suitable interface: en0 with IPv4: 192.168.31.86
2025-12-24 05:44:06.439 [pool-3-thread-2] INFO  SnakesGame - Multicast discovery stopped
2025-12-24 05:44:06.439 [] INFO  SnakesGame - Multicast listen loop stopped
2025-12-24 05:44:06.439 [pool-3-thread-2] INFO  SnakesGame - NetworkManager stopped
2025-12-24 05:44:06.439 [pool-3-thread-2] INFO  SnakesGame - UDP Transport started on port 9190
2025-12-24 05:44:06.439 [pool-3-thread-2] INFO  SnakesGame - Looking for suitable multicast interface...
2025-12-24 05:44:06.440 [pool-3-thread-2] INFO  SnakesGame - Found suitable interface: en0 with IPv4: 192.168.31.86
2025-12-24 05:44:06.440 [pool-3-thread-2] INFO  SnakesGame - Joined multicast group using interface: en0 (en0)
2025-12-24 05:44:06.440 [pool-3-thread-2] INFO  SnakesGame - Set multicast send interface to: en0 (en0)
2025-12-24 05:44:06.440 [pool-3-thread-2] INFO  SnakesGame - Multicast discovery started on 239.192.0.4:9192
2025-12-24 05:44:06.440 [pool-3-thread-2] INFO  SnakesGame - NetworkManager started successfully
2025-12-24 05:44:06.440 [] INFO  SnakesGame - Multicast listen loop started
2025-12-24 05:44:06.440 [pool-3-thread-2] INFO  SnakesGame - Broadcasted new master role to all players
2025-12-24 05:44:06.440 [pool-3-thread-2] INFO  SnakesGame - Switching node from DEPUTY to MASTER
2025-12-24 05:44:06.440 [pool-3-thread-2] INFO  SnakesGame - DEPUTY node stopped
2025-12-24 05:44:06.440 [pool-3-thread-2] INFO  SnakesGame - Using existing GameEngine from Deputy promotion
2025-12-24 05:44:06.440 [pool-3-thread-2] INFO  SnakesGame - Game state preserved: order=33, players=1
2025-12-24 05:44:06.440 [pool-3-thread-2] INFO  SnakesGame - Using existing GameEngine from onStart()
2025-12-24 05:44:06.441 [pool-3-thread-2] INFO  SnakesGame - Starting timeout checker: timeoutMs=3000, checkInterval=1500ms
2025-12-24 05:44:06.441 [pool-3-thread-2] INFO  SnakesGame - MASTER node started for player 2
2025-12-24 05:44:06.441 [pool-3-thread-2] INFO  SnakesGame - MASTER node started for player 2
2025-12-24 05:44:06.441 [pool-3-thread-2] INFO  SnakesGame - Node switched successfully to MASTER
2025-12-24 05:44:06.441 [pool-3-thread-2] INFO  SnakesGame - Successfully promoted to MASTER (requested GameService switch)
2025-12-24 05:44:06.442 [pool-4-thread-3] INFO  SnakesGame - Sent multicast announcement to 239.192.0.4:9192 (69 bytes)
2025-12-24 05:44:06.442 [] INFO  SnakesGame - Discovered game: 1 from /192.168.31.86:9190
2025-12-24 05:44:07.448 [pool-4-thread-3] INFO  SnakesGame - Sent multicast announcement to 239.192.0.4:9192 (69 bytes)
2025-12-24 05:44:07.449 [] INFO  SnakesGame - Discovered game: 1 from /192.168.31.86:9190
2025-12-24 05:44:08.446 [pool-4-thread-3] INFO  SnakesGame - Sent multicast announcement to 239.192.0.4:9192 (69 bytes)
2025-12-24 05:44:08.446 [] INFO  SnakesGame - Discovered game: 1 from /192.168.31.86:9190
2025-12-24 05:44:09.450 [pool-4-thread-2] INFO  SnakesGame - Sent multicast announcement to 239.192.0.4:9192 (69 bytes)
2025-12-24 05:44:09.451 [] INFO  SnakesGame - Discovered game: 1 from /192.168.31.86:9190
2025-12-24 05:44:10.446 [pool-4-thread-1] INFO  SnakesGame - Sent multicast announcement to 239.192.0.4:9192 (69 bytes)
2025-12-24 05:44:10.446 [] INFO  SnakesGame - Discovered game: 1 from /192.168.31.86:9190
2025-12-24 05:44:11.448 [pool-4-thread-3] INFO  SnakesGame - Sent multicast announcement to 239.192.0.4:9192 (69 bytes)
2025-12-24 05:44:11.449 [] INFO  SnakesGame - Discovered game: 1 from /192.168.31.86:9190
2025-12-24 05:44:12.444 [pool-4-thread-2] INFO  SnakesGame - Sent multicast announcement to 239.192.0.4:9192 (69 bytes)
2025-12-24 05:44:12.448 [] INFO  SnakesGame - Discovered game: 1 from /192.168.31.86:9190
2025-12-24 05:44:13.448 [pool-4-thread-2] INFO  SnakesGame - Sent multicast announcement to 239.192.0.4:9192 (69 bytes)
2025-12-24 05:44:13.449 [] INFO  SnakesGame - Discovered game: 1 from /192.168.31.86:9190
2025-12-24 05:44:14.446 [pool-4-thread-1] INFO  SnakesGame - Sent multicast announcement to 239.192.0.4:9192 (69 bytes)
2025-12-24 05:44:14.447 [] INFO  SnakesGame - Discovered game: 1 from /192.168.31.86:9190
2025-12-24 05:44:15.444 [pool-4-thread-3] INFO  SnakesGame - Sent multicast announcement to 239.192.0.4:9192 (69 bytes)
2025-12-24 05:44:15.444 [] INFO  SnakesGame - Discovered game: 1 from /192.168.31.86:9190
2025-12-24 05:44:16.448 [pool-4-thread-3] INFO  SnakesGame - Sent multicast announcement to 239.192.0.4:9192 (69 bytes)
2025-12-24 05:44:16.450 [] INFO  SnakesGame - Discovered game: 1 from /192.168.31.86:9190
2025-12-24 05:44:17.446 [pool-4-thread-2] INFO  SnakesGame - Sent multicast announcement to 239.192.0.4:9192 (69 bytes)
2025-12-24 05:44:17.448 [] INFO  SnakesGame - Discovered game: 1 from /192.168.31.86:9190
2025-12-24 05:44:18.443 [pool-4-thread-1] INFO  SnakesGame - Sent multicast announcement to 239.192.0.4:9192 (69 bytes)
2025-12-24 05:44:18.443 [] INFO  SnakesGame - Discovered game: 1 from /192.168.31.86:9190
2025-12-24 05:44:19.443 [pool-4-thread-1] INFO  SnakesGame - Sent multicast announcement to 239.192.0.4:9192 (69 bytes)
2025-12-24 05:44:19.443 [] INFO  SnakesGame - Discovered game: 1 from /192.168.31.86:9190
2025-12-24 05:44:20.449 [pool-4-thread-1] INFO  SnakesGame - Sent multicast announcement to 239.192.0.4:9192 (69 bytes)
2025-12-24 05:44:20.449 [] INFO  SnakesGame - Discovered game: 1 from /192.168.31.86:9190
2025-12-24 05:44:21.447 [pool-4-thread-1] INFO  SnakesGame - Sent multicast announcement to 239.192.0.4:9192 (69 bytes)
2025-12-24 05:44:21.448 [] INFO  SnakesGame - Discovered game: 1 from /192.168.31.86:9190
2025-12-24 05:44:22.449 [pool-4-thread-3] INFO  SnakesGame - Sent multicast announcement to 239.192.0.4:9192 (69 bytes)
2025-12-24 05:44:22.451 [] INFO  SnakesGame - Discovered game: 1 from /192.168.31.86:9190
2025-12-24 05:44:23.447 [pool-4-thread-2] INFO  SnakesGame - Sent multicast announcement to 239.192.0.4:9192 (69 bytes)
2025-12-24 05:44:23.448 [] INFO  SnakesGame - Discovered game: 1 from /192.168.31.86:9190
2025-12-24 05:44:24.447 [pool-4-thread-3] INFO  SnakesGame - Sent multicast announcement to 239.192.0.4:9192 (69 bytes)
2025-12-24 05:44:24.447 [] INFO  SnakesGame - Discovered game: 1 from /192.168.31.86:9190
2025-12-24 05:44:25.450 [pool-4-thread-3] INFO  SnakesGame - Sent multicast announcement to 239.192.0.4:9192 (69 bytes)
2025-12-24 05:44:25.451 [] INFO  SnakesGame - Discovered game: 1 from /192.168.31.86:9190
2025-12-24 05:44:25.557 [JavaFX Application Thread] INFO  SnakesGame - Opening Lobby
2025-12-24 05:44:25.578 [JavaFX Application Thread] INFO  SnakesGame - Looking for suitable multicast interface...
2025-12-24 05:44:25.579 [JavaFX Application Thread] INFO  SnakesGame - Found suitable interface: en0 with IPv4: 192.168.31.86
2025-12-24 05:44:25.579 [JavaFX Application Thread] INFO  SnakesGame - Joined multicast group using interface: en0 (en0)
2025-12-24 05:44:25.579 [JavaFX Application Thread] INFO  SnakesGame - Set multicast send interface to: en0 (en0)
2025-12-24 05:44:25.579 [JavaFX Application Thread] INFO  SnakesGame - Multicast discovery started on 239.192.0.4:9192
2025-12-24 05:44:25.579 [] INFO  SnakesGame - Multicast listen loop started
2025-12-24 05:44:25.579 [JavaFX Application Thread] INFO  SnakesGame - Discovery service started
2025-12-24 05:44:25.579 [JavaFX Application Thread] INFO  SnakesGame - Discovery started in lobby
2025-12-24 05:44:26.443 [pool-4-thread-2] INFO  SnakesGame - Sent multicast announcement to 239.192.0.4:9192 (69 bytes)
2025-12-24 05:44:26.446 [] INFO  SnakesGame - Discovered game: 1 from /192.168.31.86:9190
2025-12-24 05:44:26.447 [] INFO  SnakesGame - Discovered new game: 1 at /192.168.31.86:9190
2025-12-24 05:44:26.447 [] INFO  SnakesGame - Discovered game: 1 from /192.168.31.86:9190
2025-12-24 05:44:26.449 [JavaFX Application Thread] INFO  SnakesGame - Game added to lobby: 1 at /192.168.31.86:9190
2025-12-24 05:44:27.448 [pool-4-thread-2] INFO  SnakesGame - Sent multicast announcement to 239.192.0.4:9192 (69 bytes)
2025-12-24 05:44:27.450 [] INFO  SnakesGame - Discovered game: 1 from /192.168.31.86:9190
2025-12-24 05:44:27.450 [] INFO  SnakesGame - Discovered game: 1 from /192.168.31.86:9190
2025-12-24 05:44:28.446 [] INFO  SnakesGame - Discovered game: 1 from /192.168.31.86:9190
2025-12-24 05:44:28.447 [pool-4-thread-3] INFO  SnakesGame - Sent multicast announcement to 239.192.0.4:9192 (69 bytes)
2025-12-24 05:44:28.448 [] INFO  SnakesGame - Discovered game: 1 from /192.168.31.86:9190
2025-12-24 05:44:29.447 [pool-4-thread-3] INFO  SnakesGame - Sent multicast announcement to 239.192.0.4:9192 (69 bytes)
2025-12-24 05:44:29.448 [] INFO  SnakesGame - Discovered game: 1 from /192.168.31.86:9190
2025-12-24 05:44:29.448 [] INFO  SnakesGame - Discovered game: 1 from /192.168.31.86:9190
2025-12-24 05:44:30.443 [pool-4-thread-3] INFO  SnakesGame - Sent multicast announcement to 239.192.0.4:9192 (69 bytes)
2025-12-24 05:44:30.444 [] INFO  SnakesGame - Discovered game: 1 from /192.168.31.86:9190
2025-12-24 05:44:30.447 [] INFO  SnakesGame - Discovered game: 1 from /192.168.31.86:9190
2025-12-24 05:44:31.448 [pool-4-thread-2] INFO  SnakesGame - Sent multicast announcement to 239.192.0.4:9192 (69 bytes)
2025-12-24 05:44:31.450 [] INFO  SnakesGame - Discovered game: 1 from /192.168.31.86:9190
2025-12-24 05:44:31.451 [] INFO  SnakesGame - Discovered game: 1 from /192.168.31.86:9190
2025-12-24 05:44:32.447 [pool-4-thread-3] INFO  SnakesGame - Sent multicast announcement to 239.192.0.4:9192 (69 bytes)
2025-12-24 05:44:32.447 [] INFO  SnakesGame - Discovered game: 1 from /192.168.31.86:9190
2025-12-24 05:44:32.449 [] INFO  SnakesGame - Discovered game: 1 from /192.168.31.86:9190
2025-12-24 05:44:33.446 [pool-4-thread-3] INFO  SnakesGame - Sent multicast announcement to 239.192.0.4:9192 (69 bytes)
2025-12-24 05:44:33.446 [] INFO  SnakesGame - Discovered game: 1 from /192.168.31.86:9190
2025-12-24 05:44:33.449 [] INFO  SnakesGame - Discovered game: 1 from /192.168.31.86:9190
2025-12-24 05:44:34.451 [pool-4-thread-3] INFO  SnakesGame - Sent multicast announcement to 239.192.0.4:9192 (69 bytes)
2025-12-24 05:44:34.451 [] INFO  SnakesGame - Discovered game: 1 from /192.168.31.86:9190
2025-12-24 05:44:34.451 [] INFO  SnakesGame - Discovered game: 1 from /192.168.31.86:9190
2025-12-24 05:44:35.445 [] INFO  SnakesGame - Discovered game: 1 from /192.168.31.86:9190
2025-12-24 05:44:35.447 [pool-4-thread-1] INFO  SnakesGame - Sent multicast announcement to 239.192.0.4:9192 (69 bytes)
2025-12-24 05:44:35.448 [] INFO  SnakesGame - Discovered game: 1 from /192.168.31.86:9190
2025-12-24 05:44:36.449 [pool-4-thread-2] INFO  SnakesGame - Sent multicast announcement to 239.192.0.4:9192 (69 bytes)
2025-12-24 05:44:36.450 [] INFO  SnakesGame - Discovered game: 1 from /192.168.31.86:9190
2025-12-24 05:44:36.451 [] INFO  SnakesGame - Discovered game: 1 from /192.168.31.86:9190
2025-12-24 05:44:37.447 [pool-4-thread-1] ERROR SnakesGame - Error sending multicast announcement: Network is unreachable
2025-12-24 05:44:38.446 [] INFO  SnakesGame - Discovered game: 1 from /172.20.10.4:9190
2025-12-24 05:44:38.447 [pool-4-thread-2] INFO  SnakesGame - Sent multicast announcement to 239.192.0.4:9192 (69 bytes)
2025-12-24 05:44:38.448 [] INFO  SnakesGame - Discovered game: 1 from /172.20.10.4:9190
2025-12-24 05:44:39.451 [pool-4-thread-3] INFO  SnakesGame - Sent multicast announcement to 239.192.0.4:9192 (69 bytes)
2025-12-24 05:44:39.452 [] INFO  SnakesGame - Discovered game: 1 from /172.20.10.4:9190
2025-12-24 05:44:39.453 [] INFO  SnakesGame - Discovered game: 1 from /172.20.10.4:9190
2025-12-24 05:44:40.449 [pool-4-thread-3] INFO  SnakesGame - Sent multicast announcement to 239.192.0.4:9192 (69 bytes)
2025-12-24 05:44:40.449 [] INFO  SnakesGame - Discovered game: 1 from /172.20.10.4:9190
2025-12-24 05:44:40.450 [] INFO  SnakesGame - Discovered game: 1 from /172.20.10.4:9190
2025-12-24 05:44:41.448 [pool-4-thread-2] INFO  SnakesGame - Sent multicast announcement to 239.192.0.4:9192 (69 bytes)
2025-12-24 05:44:41.450 [] INFO  SnakesGame - Discovered game: 1 from /172.20.10.4:9190
2025-12-24 05:44:41.450 [] INFO  SnakesGame - Discovered game: 1 from /172.20.10.4:9190
2025-12-24 05:44:42.446 [] INFO  SnakesGame - Discovered game: 1 from /172.20.10.4:9190
2025-12-24 05:44:42.448 [pool-4-thread-1] INFO  SnakesGame - Sent multicast announcement to 239.192.0.4:9192 (69 bytes)
2025-12-24 05:44:42.449 [] INFO  SnakesGame - Discovered game: 1 from /172.20.10.4:9190
2025-12-24 05:44:43.446 [pool-4-thread-1] INFO  SnakesGame - Sent multicast announcement to 239.192.0.4:9192 (69 bytes)
2025-12-24 05:44:43.447 [] INFO  SnakesGame - Discovered game: 1 from /172.20.10.4:9190
2025-12-24 05:44:43.448 [] INFO  SnakesGame - Discovered game: 1 from /172.20.10.4:9190
2025-12-24 05:44:44.446 [pool-4-thread-3] INFO  SnakesGame - Sent multicast announcement to 239.192.0.4:9192 (69 bytes)
2025-12-24 05:44:44.447 [] INFO  SnakesGame - Discovered game: 1 from /172.20.10.4:9190
2025-12-24 05:44:44.449 [] INFO  SnakesGame - Discovered game: 1 from /172.20.10.4:9190
2025-12-24 05:44:45.447 [pool-4-thread-3] INFO  SnakesGame - Sent multicast announcement to 239.192.0.4:9192 (69 bytes)
2025-12-24 05:44:45.448 [] INFO  SnakesGame - Discovered game: 1 from /172.20.10.4:9190
2025-12-24 05:44:45.449 [] INFO  SnakesGame - Discovered game: 1 from /172.20.10.4:9190
2025-12-24 05:44:46.449 [pool-4-thread-3] INFO  SnakesGame - Sent multicast announcement to 239.192.0.4:9192 (69 bytes)
2025-12-24 05:44:46.450 [] INFO  SnakesGame - Discovered game: 1 from /172.20.10.4:9190
2025-12-24 05:44:46.452 [] INFO  SnakesGame - Discovered game: 1 from /172.20.10.4:9190
2025-12-24 05:44:47.445 [pool-4-thread-1] INFO  SnakesGame - Sent multicast announcement to 239.192.0.4:9192 (69 bytes)
2025-12-24 05:44:47.446 [] INFO  SnakesGame - Discovered game: 1 from /172.20.10.4:9190
2025-12-24 05:44:47.449 [] INFO  SnakesGame - Discovered game: 1 from /172.20.10.4:9190
2025-12-24 05:44:48.450 [] INFO  SnakesGame - Discovered game: 1 from /172.20.10.4:9190
2025-12-24 05:44:48.452 [pool-4-thread-3] INFO  SnakesGame - Sent multicast announcement to 239.192.0.4:9192 (69 bytes)
2025-12-24 05:44:48.453 [] INFO  SnakesGame - Discovered game: 1 from /172.20.10.4:9190
2025-12-24 05:44:49.448 [pool-4-thread-3] INFO  SnakesGame - Sent multicast announcement to 239.192.0.4:9192 (69 bytes)
2025-12-24 05:44:49.450 [] INFO  SnakesGame - Discovered game: 1 from /172.20.10.4:9190
2025-12-24 05:44:49.450 [] INFO  SnakesGame - Discovered game: 1 from /172.20.10.4:9190
2025-12-24 05:44:50.448 [pool-4-thread-1] INFO  SnakesGame - Sent multicast announcement to 239.192.0.4:9192 (69 bytes)
2025-12-24 05:44:50.450 [] INFO  SnakesGame - Discovered game: 1 from /172.20.10.4:9190
2025-12-24 05:44:50.451 [] INFO  SnakesGame - Discovered game: 1 from /172.20.10.4:9190
2025-12-24 05:44:51.446 [pool-4-thread-1] INFO  SnakesGame - Sent multicast announcement to 239.192.0.4:9192 (69 bytes)
2025-12-24 05:44:51.447 [] INFO  SnakesGame - Discovered game: 1 from /172.20.10.4:9190
2025-12-24 05:44:51.448 [] INFO  SnakesGame - Discovered game: 1 from /172.20.10.4:9190
2025-12-24 05:44:52.448 [pool-4-thread-1] INFO  SnakesGame - Sent multicast announcement to 239.192.0.4:9192 (69 bytes)
2025-12-24 05:44:52.448 [] INFO  SnakesGame - Discovered game: 1 from /172.20.10.4:9190
2025-12-24 05:44:52.450 [] INFO  SnakesGame - Discovered game: 1 from /172.20.10.4:9190
2025-12-24 05:44:53.442 [pool-4-thread-3] INFO  SnakesGame - Sent multicast announcement to 239.192.0.4:9192 (69 bytes)
2025-12-24 05:44:53.443 [] INFO  SnakesGame - Discovered game: 1 from /172.20.10.4:9190
2025-12-24 05:44:53.444 [] INFO  SnakesGame - Discovered game: 1 from /172.20.10.4:9190
2025-12-24 05:44:54.450 [] INFO  SnakesGame - Discovered game: 1 from /172.20.10.4:9190
2025-12-24 05:44:54.451 [pool-4-thread-3] INFO  SnakesGame - Sent multicast announcement to 239.192.0.4:9192 (69 bytes)
2025-12-24 05:44:54.451 [] INFO  SnakesGame - Discovered game: 1 from /172.20.10.4:9190
2025-12-24 05:44:55.446 [pool-4-thread-3] INFO  SnakesGame - Sent multicast announcement to 239.192.0.4:9192 (69 bytes)
2025-12-24 05:44:55.448 [] INFO  SnakesGame - Discovered game: 1 from /172.20.10.4:9190
2025-12-24 05:44:55.446 [] INFO  SnakesGame - Discovered game: 1 from /172.20.10.4:9190
2025-12-24 05:44:56.450 [pool-4-thread-2] INFO  SnakesGame - Sent multicast announcement to 239.192.0.4:9192 (69 bytes)
2025-12-24 05:44:56.451 [] INFO  SnakesGame - Discovered game: 1 from /172.20.10.4:9190
2025-12-24 05:44:56.451 [] INFO  SnakesGame - Discovered game: 1 from /172.20.10.4:9190
2025-12-24 05:44:57.447 [pool-4-thread-2] INFO  SnakesGame - Sent multicast announcement to 239.192.0.4:9192 (69 bytes)
2025-12-24 05:44:57.447 [] INFO  SnakesGame - Discovered game: 1 from /172.20.10.4:9190
2025-12-24 05:44:57.448 [] INFO  SnakesGame - Discovered game: 1 from /172.20.10.4:9190
2025-12-24 05:44:58.444 [pool-4-thread-2] INFO  SnakesGame - Sent multicast announcement to 239.192.0.4:9192 (69 bytes)
2025-12-24 05:44:58.446 [] INFO  SnakesGame - Discovered game: 1 from /172.20.10.4:9190
2025-12-24 05:44:58.445 [] INFO  SnakesGame - Discovered game: 1 from /172.20.10.4:9190
2025-12-24 05:44:59.449 [] INFO  SnakesGame - Discovered game: 1 from /172.20.10.4:9190
2025-12-24 05:44:59.451 [pool-4-thread-1] INFO  SnakesGame - Sent multicast announcement to 239.192.0.4:9192 (69 bytes)
2025-12-24 05:44:59.451 [] INFO  SnakesGame - Discovered game: 1 from /172.20.10.4:9190
2025-12-24 05:45:00.444 [pool-4-thread-2] INFO  SnakesGame - Sent multicast announcement to 239.192.0.4:9192 (69 bytes)
2025-12-24 05:45:00.446 [] INFO  SnakesGame - Discovered game: 1 from /172.20.10.4:9190
2025-12-24 05:45:00.446 [] INFO  SnakesGame - Discovered game: 1 from /172.20.10.4:9190
2025-12-24 05:45:01.443 [] INFO  SnakesGame - Discovered game: 1 from /172.20.10.4:9190
2025-12-24 05:45:01.443 [pool-4-thread-2] INFO  SnakesGame - Sent multicast announcement to 239.192.0.4:9192 (69 bytes)
2025-12-24 05:45:01.446 [] INFO  SnakesGame - Discovered game: 1 from /172.20.10.4:9190
2025-12-24 05:45:02.443 [pool-4-thread-3] INFO  SnakesGame - Sent multicast announcement to 239.192.0.4:9192 (69 bytes)
2025-12-24 05:45:02.443 [] INFO  SnakesGame - Discovered game: 1 from /172.20.10.4:9190
2025-12-24 05:45:02.443 [] INFO  SnakesGame - Discovered game: 1 from /172.20.10.4:9190
2025-12-24 05:45:03.442 [pool-4-thread-3] INFO  SnakesGame - Sent multicast announcement to 239.192.0.4:9192 (69 bytes)
2025-12-24 05:45:03.442 [] INFO  SnakesGame - Discovered game: 1 from /192.168.31.86:9190
2025-12-24 05:45:03.444 [] INFO  SnakesGame - Discovered game: 1 from /192.168.31.86:9190
2025-12-24 05:45:04.447 [pool-4-thread-3] INFO  SnakesGame - Sent multicast announcement to 239.192.0.4:9192 (69 bytes)
2025-12-24 05:45:04.448 [] INFO  SnakesGame - Discovered game: 1 from /192.168.31.86:9190
2025-12-24 05:45:04.454 [] INFO  SnakesGame - Discovered game: 1 from /192.168.31.86:9190
2025-12-24 05:45:05.449 [pool-4-thread-1] INFO  SnakesGame - Sent multicast announcement to 239.192.0.4:9192 (70 bytes)
2025-12-24 05:45:05.450 [] INFO  SnakesGame - Discovered game: 1 from /192.168.31.86:9190
2025-12-24 05:45:05.451 [] INFO  SnakesGame - Discovered game: 1 from /192.168.31.86:9190
2025-12-24 05:45:06.448 [pool-4-thread-3] INFO  SnakesGame - Sent multicast announcement to 239.192.0.4:9192 (70 bytes)
2025-12-24 05:45:06.449 [] INFO  SnakesGame - Discovered game: 1 from /192.168.31.86:9190
2025-12-24 05:45:06.449 [] INFO  SnakesGame - Discovered game: 1 from /192.168.31.86:9190
2025-12-24 05:45:07.448 [pool-4-thread-1] INFO  SnakesGame - Sent multicast announcement to 239.192.0.4:9192 (70 bytes)
2025-12-24 05:45:07.448 [] INFO  SnakesGame - Discovered game: 1 from /192.168.31.86:9190
2025-12-24 05:45:07.449 [] INFO  SnakesGame - Discovered game: 1 from /192.168.31.86:9190
2025-12-24 05:45:08.444 [pool-4-thread-2] INFO  SnakesGame - Sent multicast announcement to 239.192.0.4:9192 (70 bytes)
2025-12-24 05:45:08.448 [] INFO  SnakesGame - Discovered game: 1 from /192.168.31.86:9190
2025-12-24 05:45:08.448 [] INFO  SnakesGame - Discovered game: 1 from /192.168.31.86:9190
2025-12-24 05:45:09.449 [pool-4-thread-1] INFO  SnakesGame - Sent multicast announcement to 239.192.0.4:9192 (70 bytes)
2025-12-24 05:45:09.452 [] INFO  SnakesGame - Discovered game: 1 from /192.168.31.86:9190
2025-12-24 05:45:09.457 [] INFO  SnakesGame - Discovered game: 1 from /192.168.31.86:9190
2025-12-24 05:45:10.445 [pool-4-thread-3] INFO  SnakesGame - Sent multicast announcement to 239.192.0.4:9192 (70 bytes)
2025-12-24 05:45:10.446 [] INFO  SnakesGame - Discovered game: 1 from /192.168.31.86:9190
2025-12-24 05:45:10.446 [] INFO  SnakesGame - Discovered game: 1 from /192.168.31.86:9190
2025-12-24 05:45:11.444 [pool-4-thread-1] INFO  SnakesGame - Sent multicast announcement to 239.192.0.4:9192 (70 bytes)
2025-12-24 05:45:11.445 [] INFO  SnakesGame - Discovered game: 1 from /192.168.31.86:9190
2025-12-24 05:45:11.446 [] INFO  SnakesGame - Discovered game: 1 from /192.168.31.86:9190
2025-12-24 05:45:12.444 [] INFO  SnakesGame - Discovered game: 1 from /192.168.31.86:9190
2025-12-24 05:45:12.445 [pool-4-thread-1] INFO  SnakesGame - Sent multicast announcement to 239.192.0.4:9192 (70 bytes)
2025-12-24 05:45:12.445 [] INFO  SnakesGame - Discovered game: 1 from /192.168.31.86:9190
2025-12-24 05:45:13.445 [pool-4-thread-1] INFO  SnakesGame - Sent multicast announcement to 239.192.0.4:9192 (70 bytes)
2025-12-24 05:45:13.446 [] INFO  SnakesGame - Discovered game: 1 from /172.20.10.4:9190
2025-12-24 05:45:13.447 [] INFO  SnakesGame - Discovered game: 1 from /172.20.10.4:9190
2025-12-24 05:45:14.444 [] INFO  SnakesGame - Discovered game: 1 from /172.20.10.4:9190
2025-12-24 05:45:14.446 [pool-4-thread-1] INFO  SnakesGame - Sent multicast announcement to 239.192.0.4:9192 (70 bytes)
2025-12-24 05:45:14.446 [] INFO  SnakesGame - Discovered game: 1 from /172.20.10.4:9190
2025-12-24 05:45:15.448 [pool-4-thread-1] INFO  SnakesGame - Sent multicast announcement to 239.192.0.4:9192 (70 bytes)
2025-12-24 05:45:15.448 [] INFO  SnakesGame - Discovered game: 1 from /172.20.10.4:9190
2025-12-24 05:45:15.449 [] INFO  SnakesGame - Discovered game: 1 from /172.20.10.4:9190
2025-12-24 05:45:16.447 [pool-4-thread-3] INFO  SnakesGame - Sent multicast announcement to 239.192.0.4:9192 (70 bytes)
2025-12-24 05:45:16.448 [] INFO  SnakesGame - Discovered game: 1 from /172.20.10.4:9190
2025-12-24 05:45:16.448 [] INFO  SnakesGame - Discovered game: 1 from /172.20.10.4:9190
2025-12-24 05:45:17.446 [pool-4-thread-2] INFO  SnakesGame - Sent multicast announcement to 239.192.0.4:9192 (70 bytes)
2025-12-24 05:45:17.447 [] INFO  SnakesGame - Discovered game: 1 from /172.20.10.4:9190
2025-12-24 05:45:17.448 [] INFO  SnakesGame - Discovered game: 1 from /172.20.10.4:9190
2025-12-24 05:45:18.448 [pool-4-thread-2] INFO  SnakesGame - Sent multicast announcement to 239.192.0.4:9192 (70 bytes)
2025-12-24 05:45:18.450 [] INFO  SnakesGame - Discovered game: 1 from /172.20.10.4:9190
2025-12-24 05:45:18.449 [] INFO  SnakesGame - Discovered game: 1 from /172.20.10.4:9190
2025-12-24 05:45:19.447 [] INFO  SnakesGame - Discovered game: 1 from /172.20.10.4:9190
2025-12-24 05:45:19.449 [pool-4-thread-2] INFO  SnakesGame - Sent multicast announcement to 239.192.0.4:9192 (70 bytes)
2025-12-24 05:45:19.449 [] INFO  SnakesGame - Discovered game: 1 from /172.20.10.4:9190
2025-12-24 05:45:20.446 [pool-4-thread-1] INFO  SnakesGame - Sent multicast announcement to 239.192.0.4:9192 (70 bytes)
2025-12-24 05:45:20.446 [] INFO  SnakesGame - Discovered game: 1 from /172.20.10.4:9190
2025-12-24 05:45:20.448 [] INFO  SnakesGame - Discovered game: 1 from /172.20.10.4:9190
2025-12-24 05:45:21.450 [pool-4-thread-1] INFO  SnakesGame - Sent multicast announcement to 239.192.0.4:9192 (70 bytes)
2025-12-24 05:45:21.451 [] INFO  SnakesGame - Discovered game: 1 from /172.20.10.4:9190
2025-12-24 05:45:21.452 [] INFO  SnakesGame - Discovered game: 1 from /172.20.10.4:9190
2025-12-24 05:45:22.445 [pool-4-thread-1] INFO  SnakesGame - Sent multicast announcement to 239.192.0.4:9192 (70 bytes)
2025-12-24 05:45:22.447 [] INFO  SnakesGame - Discovered game: 1 from /172.20.10.4:9190
2025-12-24 05:45:22.446 [] INFO  SnakesGame - Discovered game: 1 from /172.20.10.4:9190
2025-12-24 05:45:23.447 [pool-4-thread-2] INFO  SnakesGame - Sent multicast announcement to 239.192.0.4:9192 (70 bytes)
2025-12-24 05:45:23.447 [] INFO  SnakesGame - Discovered game: 1 from /172.20.10.4:9190
2025-12-24 05:45:23.448 [] INFO  SnakesGame - Discovered game: 1 from /172.20.10.4:9190
2025-12-24 05:45:24.448 [pool-4-thread-2] INFO  SnakesGame - Sent multicast announcement to 239.192.0.4:9192 (70 bytes)
2025-12-24 05:45:24.450 [] INFO  SnakesGame - Discovered game: 1 from /172.20.10.4:9190
2025-12-24 05:45:24.452 [] INFO  SnakesGame - Discovered game: 1 from /172.20.10.4:9190
2025-12-24 05:45:25.445 [pool-4-thread-2] INFO  SnakesGame - Sent multicast announcement to 239.192.0.4:9192 (70 bytes)
2025-12-24 05:45:25.446 [] INFO  SnakesGame - Discovered game: 1 from /172.20.10.4:9190
2025-12-24 05:45:25.448 [] INFO  SnakesGame - Discovered game: 1 from /172.20.10.4:9190
2025-12-24 05:45:26.443 [pool-4-thread-3] INFO  SnakesGame - Sent multicast announcement to 239.192.0.4:9192 (70 bytes)
2025-12-24 05:45:26.445 [] INFO  SnakesGame - Discovered game: 1 from /172.20.10.4:9190
2025-12-24 05:45:26.445 [] INFO  SnakesGame - Discovered game: 1 from /172.20.10.4:9190
2025-12-24 05:45:27.444 [pool-4-thread-3] INFO  SnakesGame - Sent multicast announcement to 239.192.0.4:9192 (70 bytes)
2025-12-24 05:45:27.445 [] INFO  SnakesGame - Discovered game: 1 from /172.20.10.4:9190
2025-12-24 05:45:27.446 [] INFO  SnakesGame - Discovered game: 1 from /172.20.10.4:9190
2025-12-24 05:45:28.444 [pool-4-thread-2] INFO  SnakesGame - Sent multicast announcement to 239.192.0.4:9192 (70 bytes)
2025-12-24 05:45:28.445 [] INFO  SnakesGame - Discovered game: 1 from /172.20.10.4:9190
2025-12-24 05:45:28.445 [] INFO  SnakesGame - Discovered game: 1 from /172.20.10.4:9190
2025-12-24 05:45:29.444 [pool-4-thread-3] INFO  SnakesGame - Sent multicast announcement to 239.192.0.4:9192 (70 bytes)
2025-12-24 05:45:29.446 [] INFO  SnakesGame - Discovered game: 1 from /172.20.10.4:9190
2025-12-24 05:45:29.446 [] INFO  SnakesGame - Discovered game: 1 from /172.20.10.4:9190
2025-12-24 05:45:30.449 [pool-4-thread-3] INFO  SnakesGame - Sent multicast announcement to 239.192.0.4:9192 (70 bytes)
2025-12-24 05:45:30.450 [] INFO  SnakesGame - Discovered game: 1 from /172.20.10.4:9190
2025-12-24 05:45:30.452 [] INFO  SnakesGame - Discovered game: 1 from /172.20.10.4:9190
2025-12-24 05:45:31.447 [pool-4-thread-3] INFO  SnakesGame - Sent multicast announcement to 239.192.0.4:9192 (70 bytes)
2025-12-24 05:45:31.448 [] INFO  SnakesGame - Discovered game: 1 from /172.20.10.4:9190
2025-12-24 05:45:31.448 [] INFO  SnakesGame - Discovered game: 1 from /172.20.10.4:9190
2025-12-24 05:45:32.448 [pool-4-thread-1] INFO  SnakesGame - Sent multicast announcement to 239.192.0.4:9192 (70 bytes)
2025-12-24 05:45:32.450 [] INFO  SnakesGame - Discovered game: 1 from /172.20.10.4:9190
2025-12-24 05:45:32.450 [] INFO  SnakesGame - Discovered game: 1 from /172.20.10.4:9190
2025-12-24 05:45:33.444 [pool-4-thread-1] INFO  SnakesGame - Sent multicast announcement to 239.192.0.4:9192 (70 bytes)
2025-12-24 05:45:33.445 [] INFO  SnakesGame - Discovered game: 1 from /172.20.10.4:9190
2025-12-24 05:45:33.446 [] INFO  SnakesGame - Discovered game: 1 from /172.20.10.4:9190
2025-12-24 05:45:34.448 [pool-4-thread-1] INFO  SnakesGame - Sent multicast announcement to 239.192.0.4:9192 (70 bytes)
2025-12-24 05:45:34.449 [] INFO  SnakesGame - Discovered game: 1 from /172.20.10.4:9190
2025-12-24 05:45:34.449 [] INFO  SnakesGame - Discovered game: 1 from /172.20.10.4:9190
2025-12-24 05:45:35.447 [] INFO  SnakesGame - Discovered game: 1 from /172.20.10.4:9190
2025-12-24 05:45:35.448 [pool-4-thread-2] INFO  SnakesGame - Sent multicast announcement to 239.192.0.4:9192 (70 bytes)
2025-12-24 05:45:35.448 [] INFO  SnakesGame - Discovered game: 1 from /172.20.10.4:9190
2025-12-24 05:45:36.442 [pool-4-thread-2] INFO  SnakesGame - Sent multicast announcement to 239.192.0.4:9192 (70 bytes)
2025-12-24 05:45:36.443 [] INFO  SnakesGame - Discovered game: 1 from /172.20.10.4:9190
2025-12-24 05:45:36.443 [] INFO  SnakesGame - Discovered game: 1 from /172.20.10.4:9190
2025-12-24 05:45:37.446 [pool-4-thread-2] INFO  SnakesGame - Sent multicast announcement to 239.192.0.4:9192 (70 bytes)
2025-12-24 05:45:37.447 [] INFO  SnakesGame - Discovered game: 1 from /172.20.10.4:9190
2025-12-24 05:45:37.448 [] INFO  SnakesGame - Discovered game: 1 from /172.20.10.4:9190
2025-12-24 05:45:38.446 [pool-4-thread-3] INFO  SnakesGame - Sent multicast announcement to 239.192.0.4:9192 (70 bytes)
2025-12-24 05:45:38.447 [] INFO  SnakesGame - Discovered game: 1 from /172.20.10.4:9190
2025-12-24 05:45:38.448 [] INFO  SnakesGame - Discovered game: 1 from /172.20.10.4:9190
2025-12-24 05:45:39.444 [pool-4-thread-1] INFO  SnakesGame - Sent multicast announcement to 239.192.0.4:9192 (70 bytes)
2025-12-24 05:45:39.447 [] INFO  SnakesGame - Discovered game: 1 from /172.20.10.4:9190
2025-12-24 05:45:39.449 [] INFO  SnakesGame - Discovered game: 1 from /172.20.10.4:9190
2025-12-24 05:45:40.446 [pool-4-thread-2] INFO  SnakesGame - Sent multicast announcement to 239.192.0.4:9192 (70 bytes)
2025-12-24 05:45:40.447 [] INFO  SnakesGame - Discovered game: 1 from /172.20.10.4:9190
2025-12-24 05:45:40.448 [] INFO  SnakesGame - Discovered game: 1 from /172.20.10.4:9190
2025-12-24 05:45:41.446 [pool-4-thread-3] INFO  SnakesGame - Sent multicast announcement to 239.192.0.4:9192 (70 bytes)
2025-12-24 05:45:41.447 [] INFO  SnakesGame - Discovered game: 1 from /172.20.10.4:9190
2025-12-24 05:45:41.448 [] INFO  SnakesGame - Discovered game: 1 from /172.20.10.4:9190
2025-12-24 05:45:42.447 [pool-4-thread-1] INFO  SnakesGame - Sent multicast announcement to 239.192.0.4:9192 (70 bytes)
2025-12-24 05:45:42.449 [] INFO  SnakesGame - Discovered game: 1 from /172.20.10.4:9190
2025-12-24 05:45:42.449 [] INFO  SnakesGame - Discovered game: 1 from /172.20.10.4:9190
2025-12-24 05:45:43.446 [pool-4-thread-2] INFO  SnakesGame - Sent multicast announcement to 239.192.0.4:9192 (70 bytes)
2025-12-24 05:45:43.447 [] INFO  SnakesGame - Discovered game: 1 from /172.20.10.4:9190
2025-12-24 05:45:43.447 [] INFO  SnakesGame - Discovered game: 1 from /172.20.10.4:9190
2025-12-24 05:45:44.445 [pool-4-thread-1] INFO  SnakesGame - Sent multicast announcement to 239.192.0.4:9192 (70 bytes)
2025-12-24 05:45:44.446 [] INFO  SnakesGame - Discovered game: 1 from /172.20.10.4:9190
2025-12-24 05:45:44.446 [] INFO  SnakesGame - Discovered game: 1 from /172.20.10.4:9190
2025-12-24 05:45:45.448 [] INFO  SnakesGame - Discovered game: 1 from /172.20.10.4:9190
2025-12-24 05:45:45.449 [pool-4-thread-1] INFO  SnakesGame - Sent multicast announcement to 239.192.0.4:9192 (70 bytes)
2025-12-24 05:45:45.452 [] INFO  SnakesGame - Discovered game: 1 from /172.20.10.4:9190
2025-12-24 05:45:46.445 [pool-4-thread-1] INFO  SnakesGame - Sent multicast announcement to 239.192.0.4:9192 (70 bytes)
2025-12-24 05:45:46.445 [] INFO  SnakesGame - Discovered game: 1 from /172.20.10.4:9190
2025-12-24 05:45:46.447 [] INFO  SnakesGame - Discovered game: 1 from /172.20.10.4:9190
2025-12-24 05:45:47.452 [pool-4-thread-3] INFO  SnakesGame - Sent multicast announcement to 239.192.0.4:9192 (70 bytes)
2025-12-24 05:45:47.453 [] INFO  SnakesGame - Discovered game: 1 from /172.20.10.4:9190
2025-12-24 05:45:47.460 [] INFO  SnakesGame - Discovered game: 1 from /172.20.10.4:9190
2025-12-24 05:45:48.442 [pool-4-thread-1] INFO  SnakesGame - Sent multicast announcement to 239.192.0.4:9192 (70 bytes)
2025-12-24 05:45:48.444 [] INFO  SnakesGame - Discovered game: 1 from /172.20.10.4:9190
2025-12-24 05:45:48.445 [] INFO  SnakesGame - Discovered game: 1 from /172.20.10.4:9190
2025-12-24 05:45:49.448 [pool-4-thread-2] INFO  SnakesGame - Sent multicast announcement to 239.192.0.4:9192 (70 bytes)
2025-12-24 05:45:49.449 [] INFO  SnakesGame - Discovered game: 1 from /172.20.10.4:9190
2025-12-24 05:45:49.449 [] INFO  SnakesGame - Discovered game: 1 from /172.20.10.4:9190
2025-12-24 05:45:49.808 [JavaFX Application Thread] INFO  SnakesGame - Leaving game
2025-12-24 05:45:49.808 [JavaFX Application Thread] INFO  SnakesGame - MASTER node stopped
2025-12-24 05:45:49.808 [JavaFX Application Thread] INFO  SnakesGame - UDP Transport stopped
2025-12-24 05:45:49.809 [JavaFX Application Thread] INFO  SnakesGame - Found suitable interface: en0 with IPv4: 172.20.10.4
2025-12-24 05:45:49.809 [JavaFX Application Thread] INFO  SnakesGame - Multicast discovery stopped
2025-12-24 05:45:49.809 [JavaFX Application Thread] INFO  SnakesGame - NetworkManager stopped
2025-12-24 05:45:49.809 [JavaFX Application Thread] INFO  SnakesGame - Left game successfully
2025-12-24 05:45:49.809 [JavaFX Application Thread] INFO  SnakesGame - Exiting to main menu
2025-12-24 05:45:49.809 [] INFO  SnakesGame - Multicast listen loop stopped
2025-12-24 05:45:54.142 [JavaFX Application Thread] INFO  SnakesGame - Found suitable interface: en0 with IPv4: 172.20.10.4
2025-12-24 05:45:54.143 [JavaFX Application Thread] INFO  SnakesGame - Multicast discovery stopped
2025-12-24 05:45:54.143 [JavaFX Application Thread] INFO  SnakesGame - Discovery service stopped
2025-12-24 05:45:54.143 [] INFO  SnakesGame - Multicast listen loop stopped
2025-12-24 05:45:56.240 [JavaFX Application Thread] INFO  SnakesGame - Opening Lobby
2025-12-24 05:45:56.255 [JavaFX Application Thread] INFO  SnakesGame - Looking for suitable multicast interface...
2025-12-24 05:45:56.257 [JavaFX Application Thread] INFO  SnakesGame - Found suitable interface: en0 with IPv4: 172.20.10.4
2025-12-24 05:45:56.257 [JavaFX Application Thread] INFO  SnakesGame - Joined multicast group using interface: en0 (en0)
2025-12-24 05:45:56.257 [JavaFX Application Thread] INFO  SnakesGame - Set multicast send interface to: en0 (en0)
2025-12-24 05:45:56.258 [JavaFX Application Thread] INFO  SnakesGame - Multicast discovery started on 239.192.0.4:9192
2025-12-24 05:45:56.258 [JavaFX Application Thread] INFO  SnakesGame - Discovery service started
2025-12-24 05:45:56.258 [JavaFX Application Thread] INFO  SnakesGame - Discovery started in lobby
2025-12-24 05:45:56.260 [] INFO  SnakesGame - Multicast listen loop started
2025-12-24 05:45:57.682 [JavaFX Application Thread] INFO  SnakesGame - Found suitable interface: en0 with IPv4: 172.20.10.4
2025-12-24 05:45:57.683 [JavaFX Application Thread] INFO  SnakesGame - Multicast discovery stopped
2025-12-24 05:45:57.684 [JavaFX Application Thread] INFO  SnakesGame - Discovery service stopped
2025-12-24 05:45:57.688 [] INFO  SnakesGame - Multicast listen loop stopped
2025-12-24 05:45:59.365 [JavaFX Application Thread] INFO  SnakesGame - Exiting application
2025-12-24 05:46:04.086 [JavaFX Application Thread] INFO  SnakesGame - Opening Lobby
2025-12-24 05:46:04.092 [JavaFX Application Thread] INFO  SnakesGame - Looking for suitable multicast interface...
2025-12-24 05:46:04.092 [JavaFX Application Thread] INFO  SnakesGame - Found suitable interface: en0 with IPv4: 172.20.10.4
2025-12-24 05:46:04.092 [JavaFX Application Thread] INFO  SnakesGame - Joined multicast group using interface: en0 (en0)
2025-12-24 05:46:04.092 [JavaFX Application Thread] INFO  SnakesGame - Set multicast send interface to: en0 (en0)
2025-12-24 05:46:04.093 [JavaFX Application Thread] INFO  SnakesGame - Multicast discovery started on 239.192.0.4:9192
2025-12-24 05:46:04.093 [JavaFX Application Thread] INFO  SnakesGame - Discovery service started
2025-12-24 05:46:04.093 [JavaFX Application Thread] INFO  SnakesGame - Discovery started in lobby
2025-12-24 05:46:04.093 [] INFO  SnakesGame - Multicast listen loop started
2025-12-24 05:46:11.085 [JavaFX Application Thread] INFO  SnakesGame - Found suitable interface: en0 with IPv4: 172.20.10.4
2025-12-24 05:46:11.085 [JavaFX Application Thread] INFO  SnakesGame - Multicast discovery stopped
2025-12-24 05:46:11.085 [JavaFX Application Thread] INFO  SnakesGame - Discovery service stopped
2025-12-24 05:46:11.086 [] INFO  SnakesGame - Multicast listen loop stopped
2025-12-24 05:46:12.091 [JavaFX Application Thread] INFO  SnakesGame - Exiting application
2025-12-24 05:46:20.566 [JavaFX Application Thread] INFO  SnakesGame - Starting Snakes Application
2025-12-24 05:46:21.928 [JavaFX Application Thread] INFO  SnakesGame - Opening Lobby
2025-12-24 05:46:21.971 [JavaFX Application Thread] INFO  SnakesGame - Looking for suitable multicast interface...
2025-12-24 05:46:21.973 [JavaFX Application Thread] INFO  SnakesGame - Found suitable interface: en0 with IPv4: 172.20.10.4
2025-12-24 05:46:21.973 [JavaFX Application Thread] INFO  SnakesGame - Joined multicast group using interface: en0 (en0)
2025-12-24 05:46:21.973 [JavaFX Application Thread] INFO  SnakesGame - Set multicast send interface to: en0 (en0)
2025-12-24 05:46:21.975 [JavaFX Application Thread] INFO  SnakesGame - Multicast discovery started on 239.192.0.4:9192
2025-12-24 05:46:21.975 [] INFO  SnakesGame - Multicast listen loop started
2025-12-24 05:46:21.976 [JavaFX Application Thread] INFO  SnakesGame - Discovery service started
2025-12-24 05:46:21.976 [JavaFX Application Thread] INFO  SnakesGame - Discovery started in lobby
2025-12-24 05:46:46.385 [JavaFX Application Thread] INFO  SnakesGame - Found suitable interface: en0 with IPv4: 172.20.10.4
2025-12-24 05:46:46.390 [JavaFX Application Thread] INFO  SnakesGame - Multicast discovery stopped
2025-12-24 05:46:46.391 [JavaFX Application Thread] INFO  SnakesGame - Discovery service stopped
2025-12-24 05:46:46.394 [] INFO  SnakesGame - Multicast listen loop stopped
2025-12-24 05:46:51.261 [JavaFX Application Thread] INFO  SnakesGame - Opening Create Game dialog
2025-12-24 05:46:54.135 [JavaFX Application Thread] INFO  SnakesGame - Creating new game: 1
2025-12-24 05:46:54.143 [JavaFX Application Thread] INFO  SnakesGame - UDP Transport started on port 9190
2025-12-24 05:46:54.144 [JavaFX Application Thread] INFO  SnakesGame - Looking for suitable multicast interface...
2025-12-24 05:46:54.146 [JavaFX Application Thread] INFO  SnakesGame - Found suitable interface: en0 with IPv4: 172.20.10.4
2025-12-24 05:46:54.146 [JavaFX Application Thread] INFO  SnakesGame - Joined multicast group using interface: en0 (en0)
2025-12-24 05:46:54.146 [JavaFX Application Thread] INFO  SnakesGame - Set multicast send interface to: en0 (en0)
2025-12-24 05:46:54.146 [JavaFX Application Thread] INFO  SnakesGame - Multicast discovery started on 239.192.0.4:9192
2025-12-24 05:46:54.157 [] INFO  SnakesGame - Multicast listen loop started
2025-12-24 05:46:54.158 [JavaFX Application Thread] INFO  SnakesGame - NetworkManager started successfully
2025-12-24 05:46:54.159 [JavaFX Application Thread] INFO  SnakesGame - Creating new GameEngine for new game
2025-12-24 05:46:54.165 [JavaFX Application Thread] INFO  SnakesGame - Created snake for player 1: head=Coord[x=14, y=2], tail=Coord[x=15, y=2], direction=LEFT
2025-12-24 05:46:54.168 [JavaFX Application Thread] INFO  SnakesGame - Player 1 joined the game with snake at Coord[x=13, y=2]
2025-12-24 05:46:54.168 [JavaFX Application Thread] INFO  SnakesGame - Master created with snake at Coord[x=13, y=2]
2025-12-24 05:46:54.169 [JavaFX Application Thread] INFO  SnakesGame - Using existing GameEngine from onStart()
2025-12-24 05:46:54.170 [JavaFX Application Thread] INFO  SnakesGame - Starting timeout checker: timeoutMs=3000, checkInterval=1500ms
2025-12-24 05:46:54.170 [JavaFX Application Thread] INFO  SnakesGame - MASTER node started for player 1
2025-12-24 05:46:54.170 [JavaFX Application Thread] INFO  SnakesGame - MASTER node started for player 1
2025-12-24 05:46:54.170 [JavaFX Application Thread] INFO  SnakesGame - Game created successfully as MASTER
2025-12-24 05:46:54.170 [JavaFX Application Thread] INFO  SnakesGame - Game created: 1
2025-12-24 05:46:54.178 [JavaFX Application Thread] INFO  SnakesGame - GameController initialized
2025-12-24 05:46:54.179 [JavaFX Application Thread] INFO  SnakesGame - GameService connected to GameController
2025-12-24 05:46:54.192 [pool-2-thread-3] INFO  SnakesGame - Sent multicast announcement to 239.192.0.4:9192 (50 bytes)
2025-12-24 05:46:54.196 [] INFO  SnakesGame - Discovered game: 1 from /172.20.10.4:9190
2025-12-24 05:46:55.185 [pool-2-thread-3] INFO  SnakesGame - Sent multicast announcement to 239.192.0.4:9192 (50 bytes)
2025-12-24 05:46:55.189 [] INFO  SnakesGame - Discovered game: 1 from /172.20.10.4:9190
2025-12-24 05:46:56.176 [pool-2-thread-1] INFO  SnakesGame - Sent multicast announcement to 239.192.0.4:9192 (50 bytes)
2025-12-24 05:46:56.188 [] INFO  SnakesGame - Discovered game: 1 from /172.20.10.4:9190
2025-12-24 05:46:57.183 [pool-2-thread-2] INFO  SnakesGame - Sent multicast announcement to 239.192.0.4:9192 (50 bytes)
2025-12-24 05:46:57.183 [] INFO  SnakesGame - Discovered game: 1 from /172.20.10.4:9190
2025-12-24 05:46:58.177 [pool-2-thread-3] INFO  SnakesGame - Sent multicast announcement to 239.192.0.4:9192 (50 bytes)
2025-12-24 05:46:58.190 [] INFO  SnakesGame - Discovered game: 1 from /172.20.10.4:9190
2025-12-24 05:46:59.172 [pool-2-thread-1] INFO  SnakesGame - Sent multicast announcement to 239.192.0.4:9192 (50 bytes)
2025-12-24 05:46:59.172 [] INFO  SnakesGame - Discovered game: 1 from /172.20.10.4:9190
2025-12-24 05:47:00.172 [pool-2-thread-3] INFO  SnakesGame - Sent multicast announcement to 239.192.0.4:9192 (50 bytes)
2025-12-24 05:47:00.178 [] INFO  SnakesGame - Discovered game: 1 from /172.20.10.4:9190
2025-12-24 05:47:01.174 [pool-2-thread-1] INFO  SnakesGame - Sent multicast announcement to 239.192.0.4:9192 (50 bytes)
2025-12-24 05:47:01.175 [] INFO  SnakesGame - Discovered game: 1 from /172.20.10.4:9190
2025-12-24 05:47:02.172 [pool-2-thread-3] INFO  SnakesGame - Sent multicast announcement to 239.192.0.4:9192 (50 bytes)
2025-12-24 05:47:02.173 [] INFO  SnakesGame - Discovered game: 1 from /172.20.10.4:9190
2025-12-24 05:47:03.176 [pool-2-thread-3] INFO  SnakesGame - Sent multicast announcement to 239.192.0.4:9192 (50 bytes)
2025-12-24 05:47:03.178 [] INFO  SnakesGame - Discovered game: 1 from /172.20.10.4:9190
2025-12-24 05:47:04.171 [pool-2-thread-3] INFO  SnakesGame - Sent multicast announcement to 239.192.0.4:9192 (50 bytes)
2025-12-24 05:47:04.172 [] INFO  SnakesGame - Discovered game: 1 from /172.20.10.4:9190
2025-12-24 05:47:05.174 [pool-2-thread-2] INFO  SnakesGame - Sent multicast announcement to 239.192.0.4:9192 (50 bytes)
2025-12-24 05:47:05.175 [] INFO  SnakesGame - Discovered game: 1 from /172.20.10.4:9190
2025-12-24 05:47:06.174 [pool-2-thread-3] INFO  SnakesGame - Sent multicast announcement to 239.192.0.4:9192 (50 bytes)
2025-12-24 05:47:06.182 [] INFO  SnakesGame - Discovered game: 1 from /172.20.10.4:9190
2025-12-24 05:47:07.173 [pool-2-thread-2] INFO  SnakesGame - Sent multicast announcement to 239.192.0.4:9192 (50 bytes)
2025-12-24 05:47:07.174 [] INFO  SnakesGame - Discovered game: 1 from /172.20.10.4:9190
2025-12-24 05:47:08.182 [pool-2-thread-3] INFO  SnakesGame - Sent multicast announcement to 239.192.0.4:9192 (50 bytes)
2025-12-24 05:47:08.183 [] INFO  SnakesGame - Discovered game: 1 from /172.20.10.4:9190
2025-12-24 05:47:09.154 [JavaFX Application Thread] INFO  SnakesGame - Leaving game
2025-12-24 05:47:09.154 [JavaFX Application Thread] INFO  SnakesGame - MASTER node stopped
2025-12-24 05:47:09.159 [JavaFX Application Thread] INFO  SnakesGame - UDP Transport stopped
2025-12-24 05:47:09.161 [JavaFX Application Thread] INFO  SnakesGame - Found suitable interface: en0 with IPv4: 172.20.10.4
2025-12-24 05:47:09.161 [JavaFX Application Thread] INFO  SnakesGame - Multicast discovery stopped
2025-12-24 05:47:09.162 [JavaFX Application Thread] INFO  SnakesGame - NetworkManager stopped
2025-12-24 05:47:09.162 [JavaFX Application Thread] INFO  SnakesGame - Left game successfully
2025-12-24 05:47:09.162 [JavaFX Application Thread] INFO  SnakesGame - Exiting to main menu
2025-12-24 05:47:09.175 [] INFO  SnakesGame - Multicast listen loop stopped
2025-12-24 05:47:10.261 [JavaFX Application Thread] INFO  SnakesGame - Exiting application
